2026-08-03 22:20:29,148 [Worker-1: Loading available Gradle versions] INFO  o.e.b.c.i.u.g.PublishedGradleVersions - Gradle version information cache is up-to-date. Trying to read.
2026-08-03 22:20:48,780 [Worker-0: Importing Maven projects] INFO  o.e.m.c.i.l.LifecycleMappingFactory - Using org.eclipse.m2e.jdt.JarLifecycleMapping lifecycle mapping for MavenProject: com.emart:EmartCategoryMaster:0.0.1-SNAPSHOT @ C:\Users\ADMIN\OneDrive\Documents\Final\backend\pom.xml.
2026-08-03 22:20:51,721 [Worker-0: Importing Maven projects] WARN  Sisu - Error injecting: org.apache.maven.plugins.jar.JarMojo
com.google.inject.ProvisionException: Unable to provision, see the following errors:

1) Error in custom provider, com.google.inject.OutOfScopeException: Cannot access Key[type=org.apache.maven.project.MavenProject, annotation=[none]] outside of a scoping block
  at org.apache.maven.execution.scope.internal.MojoExecutionScopeModule.configure(MojoExecutionScopeModule.java:55) (via modules: org.eclipse.sisu.wire.WireModule -> org.apache.maven.execution.scope.internal.MojoExecutionScopeModule)
  while locating org.apache.maven.project.MavenProject
    for the 1st parameter of org.apache.maven.plugins.jar.JarMojo.<init>(Unknown Source)
  while locating org.apache.maven.plugins.jar.JarMojo

1 error
	at com.google.inject.internal.InternalProvisionException.toProvisionException(InternalProvisionException.java:226)
	at com.google.inject.internal.InjectorImpl$1.get(InjectorImpl.java:1053)
	at com.google.inject.internal.InjectorImpl.getInstance(InjectorImpl.java:1086)
	at org.eclipse.sisu.space.AbstractDeferredClass.get(AbstractDeferredClass.java:48)
	at com.google.inject.internal.ProviderInternalFactory.provision(ProviderInternalFactory.java:85)
	at com.google.inject.internal.InternalFactoryToInitializableAdapter.provision(InternalFactoryToInitializableAdapter.java:57)
	at com.google.inject.internal.ProviderInternalFactory$1.call(ProviderInternalFactory.java:66)
	at com.google.inject.internal.ProvisionListenerStackCallback$Provision.provision(ProvisionListenerStackCallback.java:112)
	at com.google.inject.internal.ProvisionListenerStackCallback$Provision.provision(ProvisionListenerStackCallback.java:127)
	at com.google.inject.internal.ProvisionListenerStackCallback.provision(ProvisionListenerStackCallback.java:66)
	at com.google.inject.internal.ProviderInternalFactory.circularGet(ProviderInternalFactory.java:61)
	at com.google.inject.internal.InternalFactoryToInitializableAdapter.get(InternalFactoryToInitializableAdapter.java:47)
	at com.google.inject.internal.InjectorImpl$1.get(InjectorImpl.java:1050)
	at org.eclipse.sisu.inject.Guice4$1.get(Guice4.java:162)
	at org.eclipse.sisu.inject.LazyBeanEntry.getValue(LazyBeanEntry.java:81)
	at org.eclipse.sisu.plexus.LazyPlexusBean.getValue(LazyPlexusBean.java:51)
	at org.codehaus.plexus.DefaultPlexusContainer.lookup(DefaultPlexusContainer.java:263)
	at org.codehaus.plexus.DefaultPlexusContainer.lookup(DefaultPlexusContainer.java:255)
	at org.apache.maven.plugin.internal.DefaultMavenPluginManager.getConfiguredMojo(DefaultMavenPluginManager.java:520)
	at org.eclipse.m2e.core.internal.embedder.MavenImpl.getConfiguredMojo(MavenImpl.java:359)
	at org.sonatype.m2e.mavenarchiver.internal.AbstractMavenArchiverConfigurator.reflectManifestGeneration(AbstractMavenArchiverConfigurator.java:469)
	at org.sonatype.m2e.mavenarchiver.internal.AbstractMavenArchiverConfigurator.generateManifest(AbstractMavenArchiverConfigurator.java:422)
	at org.sonatype.m2e.mavenarchiver.internal.AbstractMavenArchiverConfigurator.mavenProjectChanged(AbstractMavenArchiverConfigurator.java:227)
	at org.sonatype.m2e.mavenarchiver.internal.AbstractMavenArchiverConfigurator.mavenProjectChanged(AbstractMavenArchiverConfigurator.java:215)
	at org.eclipse.m2e.core.internal.project.ProjectConfigurationManager.mavenProjectChanged(ProjectConfigurationManager.java:1056)
	at org.eclipse.m2e.core.internal.project.registry.ProjectRegistryManager.notifyProjectChangeListeners(ProjectRegistryManager.java:806)
	at org.eclipse.m2e.core.internal.project.registry.ProjectRegistryManager.applyMutableProjectRegistry(ProjectRegistryManager.java:972)
	at org.eclipse.m2e.core.internal.project.registry.ProjectRegistryManager.refresh(ProjectRegistryManager.java:305)
	at org.eclipse.m2e.core.internal.project.ProjectConfigurationManager.configureNewMavenProjects(ProjectConfigurationManager.java:269)
	at org.eclipse.m2e.core.internal.project.ProjectConfigurationManager.lambda$0(ProjectConfigurationManager.java:178)
	at org.eclipse.m2e.core.internal.embedder.MavenExecutionContext.executeBare(MavenExecutionContext.java:182)
	at org.eclipse.m2e.core.internal.embedder.MavenExecutionContext.execute(MavenExecutionContext.java:156)
	at org.eclipse.m2e.core.internal.embedder.MavenExecutionContext.execute(MavenExecutionContext.java:103)
	at org.eclipse.m2e.core.internal.embedder.MavenImpl.execute(MavenImpl.java:1416)
	at org.eclipse.m2e.core.internal.project.ProjectConfigurationManager.importProjects(ProjectConfigurationManager.java:148)
	at org.eclipse.m2e.core.ui.internal.wizards.ImportMavenProjectsJob$1.doCreateMavenProjects(ImportMavenProjectsJob.java:70)
	at org.eclipse.m2e.core.ui.internal.wizards.AbstractCreateMavenProjectsOperation.run(AbstractCreateMavenProjectsOperation.java:76)
	at org.eclipse.m2e.core.ui.internal.wizards.ImportMavenProjectsJob.runInWorkspace(ImportMavenProjectsJob.java:79)
	at org.eclipse.core.internal.resources.InternalWorkspaceJob.run(InternalWorkspaceJob.java:43)
	at org.eclipse.core.internal.jobs.Worker.run(Worker.java:63)
Caused by: com.google.inject.OutOfScopeException: Cannot access Key[type=org.apache.maven.project.MavenProject, annotation=[none]] outside of a scoping block
	at org.apache.maven.execution.scope.internal.MojoExecutionScope$2.get(MojoExecutionScope.java:122)
	at com.google.inject.internal.InternalFactoryToProviderAdapter.get(InternalFactoryToProviderAdapter.java:39)
	at com.google.inject.internal.SingleParameterInjector.inject(SingleParameterInjector.java:42)
	at com.google.inject.internal.SingleParameterInjector.getAll(SingleParameterInjector.java:65)
	at com.google.inject.internal.ConstructorInjector.provision(ConstructorInjector.java:113)
	at com.google.inject.internal.ConstructorInjector.access$000(ConstructorInjector.java:32)
	at com.google.inject.internal.ConstructorInjector$1.call(ConstructorInjector.java:98)
	at com.google.inject.internal.ProvisionListenerStackCallback$Provision.provision(ProvisionListenerStackCallback.java:112)
	at com.google.inject.internal.ProvisionListenerStackCallback$Provision.provision(ProvisionListenerStackCallback.java:127)
	at com.google.inject.internal.ProvisionListenerStackCallback.provision(ProvisionListenerStackCallback.java:66)
	at com.google.inject.internal.ConstructorInjector.construct(ConstructorInjector.java:93)
	at com.google.inject.internal.ConstructorBindingImpl$Factory.get(ConstructorBindingImpl.java:306)
	at com.google.inject.internal.InjectorImpl$1.get(InjectorImpl.java:1050)
	... 38 common frames omitted
2026-08-03 22:20:53,653 [Worker-0: Importing Maven projects] INFO  o.e.m.j.i.AbstractJavaProjectConfigurator - Adding source folder /backend/src/main/java
2026-08-03 22:20:53,655 [Worker-0: Importing Maven projects] INFO  o.e.m.j.i.AbstractJavaProjectConfigurator - Adding resource folder /backend/src/main/resources
2026-08-03 22:20:53,672 [Worker-0: Importing Maven projects] INFO  o.e.m.j.i.AbstractJavaProjectConfigurator - Adding resource folder /backend/src/main/resources
2026-08-03 22:20:53,701 [Worker-0: Importing Maven projects] INFO  o.e.m.j.i.AbstractJavaProjectConfigurator - Adding source folder /backend/src/test/java
2026-08-03 22:20:53,702 [Worker-0: Importing Maven projects] INFO  o.e.m.j.i.AbstractJavaProjectConfigurator - Adding resource folder /backend/src/test/resources
2026-08-03 22:20:55,110 [Worker-0: Importing Maven projects] INFO  o.e.m.c.i.p.ProjectConfigurationManager - Imported and configured 1 project(s) in 10 sec
2026-08-03 22:21:03,670 [Worker-2: Building] INFO  o.a.m.s.f.DefaultMavenResourcesFiltering - Copying 3 resources from src\main\resources to target\classes
2026-08-03 22:21:03,773 [Worker-2: Building] INFO  o.a.m.s.f.DefaultMavenResourcesFiltering - Copying 2 resources from src\main\resources to target\classes
2026-08-03 22:21:03,816 [Worker-2: Building] INFO  o.a.m.s.f.DefaultMavenResourcesFiltering - Copying 1 resource from src\test\resources to target\test-classes
2026-08-03 22:21:03,853 [Worker-2: Building] WARN  Sisu - Error injecting: org.apache.maven.plugins.jar.JarMojo
com.google.inject.ProvisionException: Unable to provision, see the following errors:

1) Error in custom provider, com.google.inject.OutOfScopeException: Cannot access Key[type=org.apache.maven.project.MavenProject, annotation=[none]] outside of a scoping block
  at org.apache.maven.execution.scope.internal.MojoExecutionScopeModule.configure(MojoExecutionScopeModule.java:55) (via modules: org.eclipse.sisu.wire.WireModule -> org.apache.maven.execution.scope.internal.MojoExecutionScopeModule)
  while locating org.apache.maven.project.MavenProject
    for the 1st parameter of org.apache.maven.plugins.jar.JarMojo.<init>(Unknown Source)
  while locating org.apache.maven.plugins.jar.JarMojo

1 error
	at com.google.inject.internal.InternalProvisionException.toProvisionException(InternalProvisionException.java:226)
	at com.google.inject.internal.InjectorImpl$1.get(InjectorImpl.java:1053)
	at com.google.inject.internal.InjectorImpl.getInstance(InjectorImpl.java:1086)
	at org.eclipse.sisu.space.AbstractDeferredClass.get(AbstractDeferredClass.java:48)
	at com.google.inject.internal.ProviderInternalFactory.provision(ProviderInternalFactory.java:85)
	at com.google.inject.internal.InternalFactoryToInitializableAdapter.provision(InternalFactoryToInitializableAdapter.java:57)
	at com.google.inject.internal.ProviderInternalFactory$1.call(ProviderInternalFactory.java:66)
	at com.google.inject.internal.ProvisionListenerStackCallback$Provision.provision(ProvisionListenerStackCallback.java:112)
	at com.google.inject.internal.ProvisionListenerStackCallback$Provision.provision(ProvisionListenerStackCallback.java:127)
	at com.google.inject.internal.ProvisionListenerStackCallback.provision(ProvisionListenerStackCallback.java:66)
	at com.google.inject.internal.ProviderInternalFactory.circularGet(ProviderInternalFactory.java:61)
	at com.google.inject.internal.InternalFactoryToInitializableAdapter.get(InternalFactoryToInitializableAdapter.java:47)
	at com.google.inject.internal.InjectorImpl$1.get(InjectorImpl.java:1050)
	at org.eclipse.sisu.inject.Guice4$1.get(Guice4.java:162)
	at org.eclipse.sisu.inject.LazyBeanEntry.getValue(LazyBeanEntry.java:81)
	at org.eclipse.sisu.plexus.LazyPlexusBean.getValue(LazyPlexusBean.java:51)
	at org.codehaus.plexus.DefaultPlexusContainer.lookup(DefaultPlexusContainer.java:263)
	at org.codehaus.plexus.DefaultPlexusContainer.lookup(DefaultPlexusContainer.java:255)
	at org.apache.maven.plugin.internal.DefaultMavenPluginManager.getConfiguredMojo(DefaultMavenPluginManager.java:520)
	at org.eclipse.m2e.core.internal.embedder.MavenImpl.getConfiguredMojo(MavenImpl.java:359)
	at org.sonatype.m2e.mavenarchiver.internal.AbstractMavenArchiverConfigurator.reflectManifestGeneration(AbstractMavenArchiverConfigurator.java:469)
	at org.sonatype.m2e.mavenarchiver.internal.AbstractMavenArchiverConfigurator.generateManifest(AbstractMavenArchiverConfigurator.java:422)
	at org.sonatype.m2e.mavenarchiver.internal.AbstractMavenArchiverConfigurator.mavenProjectChanged(AbstractMavenArchiverConfigurator.java:227)
	at org.sonatype.m2e.mavenarchiver.internal.AbstractMavenArchiverConfigurator$1.build(AbstractMavenArchiverConfigurator.java:167)
	at org.eclipse.m2e.core.internal.builder.MavenBuilderImpl.build(MavenBuilderImpl.java:135)
	at org.eclipse.m2e.core.internal.builder.MavenBuilder$1.method(MavenBuilder.java:169)
	at org.eclipse.m2e.core.internal.builder.MavenBuilder$1.method(MavenBuilder.java:1)
	at org.eclipse.m2e.core.internal.builder.MavenBuilder$BuildMethod.lambda$1(MavenBuilder.java:114)
	at org.eclipse.m2e.core.internal.embedder.MavenExecutionContext.executeBare(MavenExecutionContext.java:182)
	at org.eclipse.m2e.core.internal.embedder.MavenExecutionContext.execute(MavenExecutionContext.java:117)
	at org.eclipse.m2e.core.internal.builder.MavenBuilder$BuildMethod.lambda$0(MavenBuilder.java:105)
	at org.eclipse.m2e.core.internal.embedder.MavenExecutionContext.executeBare(MavenExecutionContext.java:182)
	at org.eclipse.m2e.core.internal.embedder.MavenExecutionContext.execute(MavenExecutionContext.java:156)
	at org.eclipse.m2e.core.internal.embedder.MavenExecutionContext.execute(MavenExecutionContext.java:103)
	at org.eclipse.m2e.core.internal.builder.MavenBuilder$BuildMethod.execute(MavenBuilder.java:88)
	at org.eclipse.m2e.core.internal.builder.MavenBuilder.build(MavenBuilder.java:198)
	at org.eclipse.core.internal.events.BuildManager$2.run(BuildManager.java:1024)
	at org.eclipse.core.runtime.SafeRunner.run(SafeRunner.java:45)
	at org.eclipse.core.internal.events.BuildManager.basicBuild(BuildManager.java:254)
	at org.eclipse.core.internal.events.BuildManager.basicBuild(BuildManager.java:311)
	at org.eclipse.core.internal.events.BuildManager$1.run(BuildManager.java:400)
	at org.eclipse.core.runtime.SafeRunner.run(SafeRunner.java:45)
	at org.eclipse.core.internal.events.BuildManager.basicBuild(BuildManager.java:403)
	at org.eclipse.core.internal.events.BuildManager.basicBuildLoop(BuildManager.java:514)
	at org.eclipse.core.internal.events.BuildManager.basicBuildLoop(BuildManager.java:462)
	at org.eclipse.core.internal.events.BuildManager.build(BuildManager.java:544)
	at org.eclipse.core.internal.events.AutoBuildJob.doBuild(AutoBuildJob.java:161)
	at org.eclipse.core.internal.events.AutoBuildJob.run(AutoBuildJob.java:255)
	at org.eclipse.core.internal.jobs.Worker.run(Worker.java:63)
Caused by: com.google.inject.OutOfScopeException: Cannot access Key[type=org.apache.maven.project.MavenProject, annotation=[none]] outside of a scoping block
	at org.apache.maven.execution.scope.internal.MojoExecutionScope$2.get(MojoExecutionScope.java:122)
	at com.google.inject.internal.InternalFactoryToProviderAdapter.get(InternalFactoryToProviderAdapter.java:39)
	at com.google.inject.internal.SingleParameterInjector.inject(SingleParameterInjector.java:42)
	at com.google.inject.internal.SingleParameterInjector.getAll(SingleParameterInjector.java:65)
	at com.google.inject.internal.ConstructorInjector.provision(ConstructorInjector.java:113)
	at com.google.inject.internal.ConstructorInjector.access$000(ConstructorInjector.java:32)
	at com.google.inject.internal.ConstructorInjector$1.call(ConstructorInjector.java:98)
	at com.google.inject.internal.ProvisionListenerStackCallback$Provision.provision(ProvisionListenerStackCallback.java:112)
	at com.google.inject.internal.ProvisionListenerStackCallback$Provision.provision(ProvisionListenerStackCallback.java:127)
	at com.google.inject.internal.ProvisionListenerStackCallback.provision(ProvisionListenerStackCallback.java:66)
	at com.google.inject.internal.ConstructorInjector.construct(ConstructorInjector.java:93)
	at com.google.inject.internal.ConstructorBindingImpl$Factory.get(ConstructorBindingImpl.java:306)
	at com.google.inject.internal.InjectorImpl$1.get(InjectorImpl.java:1050)
	... 47 common frames omitted
2026-08-04 00:49:00,719 [Worker-0: Loading available Gradle versions] INFO  o.e.b.c.i.u.g.PublishedGradleVersions - Gradle version information cache is up-to-date. Trying to read.
2026-08-04 00:49:33,874 [Worker-4: Building] INFO  o.a.m.s.f.DefaultMavenResourcesFiltering - Copying 3 resources from src\main\resources to target\classes
2026-08-04 00:49:33,931 [Worker-4: Building] INFO  o.a.m.s.f.DefaultMavenResourcesFiltering - Copying 3 resources from src\main\resources to target\classes
2026-08-04 00:49:33,966 [Worker-4: Building] INFO  o.a.m.s.f.DefaultMavenResourcesFiltering - Copying 1 resource from src\test\resources to target\test-classes
2026-08-04 00:49:34,668 [Worker-4: Building] WARN  Sisu - Error injecting: org.apache.maven.plugins.jar.JarMojo
com.google.inject.ProvisionException: Unable to provision, see the following errors:

1) Error in custom provider, com.google.inject.OutOfScopeException: Cannot access Key[type=org.apache.maven.project.MavenProject, annotation=[none]] outside of a scoping block
  at org.apache.maven.execution.scope.internal.MojoExecutionScopeModule.configure(MojoExecutionScopeModule.java:55) (via modules: org.eclipse.sisu.wire.WireModule -> org.apache.maven.execution.scope.internal.MojoExecutionScopeModule)
  while locating org.apache.maven.project.MavenProject
    for the 1st parameter of org.apache.maven.plugins.jar.JarMojo.<init>(Unknown Source)
  while locating org.apache.maven.plugins.jar.JarMojo

1 error
	at com.google.inject.internal.InternalProvisionException.toProvisionException(InternalProvisionException.java:226)
	at com.google.inject.internal.InjectorImpl$1.get(InjectorImpl.java:1053)
	at com.google.inject.internal.InjectorImpl.getInstance(InjectorImpl.java:1086)
	at org.eclipse.sisu.space.AbstractDeferredClass.get(AbstractDeferredClass.java:48)
	at com.google.inject.internal.ProviderInternalFactory.provision(ProviderInternalFactory.java:85)
	at com.google.inject.internal.InternalFactoryToInitializableAdapter.provision(InternalFactoryToInitializableAdapter.java:57)
	at com.google.inject.internal.ProviderInternalFactory$1.call(ProviderInternalFactory.java:66)
	at com.google.inject.internal.ProvisionListenerStackCallback$Provision.provision(ProvisionListenerStackCallback.java:112)
	at com.google.inject.internal.ProvisionListenerStackCallback$Provision.provision(ProvisionListenerStackCallback.java:127)
	at com.google.inject.internal.ProvisionListenerStackCallback.provision(ProvisionListenerStackCallback.java:66)
	at com.google.inject.internal.ProviderInternalFactory.circularGet(ProviderInternalFactory.java:61)
	at com.google.inject.internal.InternalFactoryToInitializableAdapter.get(InternalFactoryToInitializableAdapter.java:47)
	at com.google.inject.internal.InjectorImpl$1.get(InjectorImpl.java:1050)
	at org.eclipse.sisu.inject.Guice4$1.get(Guice4.java:162)
	at org.eclipse.sisu.inject.LazyBeanEntry.getValue(LazyBeanEntry.java:81)
	at org.eclipse.sisu.plexus.LazyPlexusBean.getValue(LazyPlexusBean.java:51)
	at org.codehaus.plexus.DefaultPlexusContainer.lookup(DefaultPlexusContainer.java:263)
	at org.codehaus.plexus.DefaultPlexusContainer.lookup(DefaultPlexusContainer.java:255)
	at org.apache.maven.plugin.internal.DefaultMavenPluginManager.getConfiguredMojo(DefaultMavenPluginManager.java:520)
	at org.eclipse.m2e.core.internal.embedder.MavenImpl.getConfiguredMojo(MavenImpl.java:359)
	at org.sonatype.m2e.mavenarchiver.internal.AbstractMavenArchiverConfigurator.reflectManifestGeneration(AbstractMavenArchiverConfigurator.java:469)
	at org.sonatype.m2e.mavenarchiver.internal.AbstractMavenArchiverConfigurator.generateManifest(AbstractMavenArchiverConfigurator.java:422)
	at org.sonatype.m2e.mavenarchiver.internal.AbstractMavenArchiverConfigurator.mavenProjectChanged(AbstractMavenArchiverConfigurator.java:227)
	at org.sonatype.m2e.mavenarchiver.internal.AbstractMavenArchiverConfigurator$1.build(AbstractMavenArchiverConfigurator.java:167)
	at org.eclipse.m2e.core.internal.builder.MavenBuilderImpl.build(MavenBuilderImpl.java:135)
	at org.eclipse.m2e.core.internal.builder.MavenBuilder$1.method(MavenBuilder.java:169)
	at org.eclipse.m2e.core.internal.builder.MavenBuilder$1.method(MavenBuilder.java:1)
	at org.eclipse.m2e.core.internal.builder.MavenBuilder$BuildMethod.lambda$1(MavenBuilder.java:114)
	at org.eclipse.m2e.core.internal.embedder.MavenExecutionContext.executeBare(MavenExecutionContext.java:182)
	at org.eclipse.m2e.core.internal.embedder.MavenExecutionContext.execute(MavenExecutionContext.java:117)
	at org.eclipse.m2e.core.internal.builder.MavenBuilder$BuildMethod.lambda$0(MavenBuilder.java:105)
	at org.eclipse.m2e.core.internal.embedder.MavenExecutionContext.executeBare(MavenExecutionContext.java:182)
	at org.eclipse.m2e.core.internal.embedder.MavenExecutionContext.execute(MavenExecutionContext.java:156)
	at org.eclipse.m2e.core.internal.embedder.MavenExecutionContext.execute(MavenExecutionContext.java:103)
	at org.eclipse.m2e.core.internal.builder.MavenBuilder$BuildMethod.execute(MavenBuilder.java:88)
	at org.eclipse.m2e.core.internal.builder.MavenBuilder.build(MavenBuilder.java:198)
	at org.eclipse.core.internal.events.BuildManager$2.run(BuildManager.java:1024)
	at org.eclipse.core.runtime.SafeRunner.run(SafeRunner.java:45)
	at org.eclipse.core.internal.events.BuildManager.basicBuild(BuildManager.java:254)
	at org.eclipse.core.internal.events.BuildManager.basicBuild(BuildManager.java:311)
	at org.eclipse.core.internal.events.BuildManager$1.run(BuildManager.java:400)
	at org.eclipse.core.runtime.SafeRunner.run(SafeRunner.java:45)
	at org.eclipse.core.internal.events.BuildManager.basicBuild(BuildManager.java:403)
	at org.eclipse.core.internal.events.BuildManager.basicBuildLoop(BuildManager.java:514)
	at org.eclipse.core.internal.events.BuildManager.basicBuildLoop(BuildManager.java:462)
	at org.eclipse.core.internal.events.BuildManager.build(BuildManager.java:544)
	at org.eclipse.core.internal.events.AutoBuildJob.doBuild(AutoBuildJob.java:161)
	at org.eclipse.core.internal.events.AutoBuildJob.run(AutoBuildJob.java:255)
	at org.eclipse.core.internal.jobs.Worker.run(Worker.java:63)
Caused by: com.google.inject.OutOfScopeException: Cannot access Key[type=org.apache.maven.project.MavenProject, annotation=[none]] outside of a scoping block
	at org.apache.maven.execution.scope.internal.MojoExecutionScope$2.get(MojoExecutionScope.java:122)
	at com.google.inject.internal.InternalFactoryToProviderAdapter.get(InternalFactoryToProviderAdapter.java:39)
	at com.google.inject.internal.SingleParameterInjector.inject(SingleParameterInjector.java:42)
	at com.google.inject.internal.SingleParameterInjector.getAll(SingleParameterInjector.java:65)
	at com.google.inject.internal.ConstructorInjector.provision(ConstructorInjector.java:113)
	at com.google.inject.internal.ConstructorInjector.access$000(ConstructorInjector.java:32)
	at com.google.inject.internal.ConstructorInjector$1.call(ConstructorInjector.java:98)
	at com.google.inject.internal.ProvisionListenerStackCallback$Provision.provision(ProvisionListenerStackCallback.java:112)
	at com.google.inject.internal.ProvisionListenerStackCallback$Provision.provision(ProvisionListenerStackCallback.java:127)
	at com.google.inject.internal.ProvisionListenerStackCallback.provision(ProvisionListenerStackCallback.java:66)
	at com.google.inject.internal.ConstructorInjector.construct(ConstructorInjector.java:93)
	at com.google.inject.internal.ConstructorBindingImpl$Factory.get(ConstructorBindingImpl.java:306)
	at com.google.inject.internal.InjectorImpl$1.get(InjectorImpl.java:1050)
	... 47 common frames omitted
2026-08-04 00:57:35,205 [Worker-5: Building] INFO  o.a.m.s.f.DefaultMavenResourcesFiltering - Copying 0 resource from src\main\resources to target\classes
2026-08-04 00:57:35,214 [Worker-5: Building] INFO  o.a.m.s.f.DefaultMavenResourcesFiltering - Copying 0 resource from src\main\resources to target\classes
2026-08-04 00:57:35,225 [Worker-5: Building] INFO  o.a.m.s.f.DefaultMavenResourcesFiltering - Copying 0 resource from src\test\resources to target\test-classes
2026-08-04 00:57:35,265 [Worker-5: Building] WARN  Sisu - Error injecting: org.apache.maven.plugins.jar.JarMojo
com.google.inject.ProvisionException: Unable to provision, see the following errors:

1) Error in custom provider, com.google.inject.OutOfScopeException: Cannot access Key[type=org.apache.maven.project.MavenProject, annotation=[none]] outside of a scoping block
  at org.apache.maven.execution.scope.internal.MojoExecutionScopeModule.configure(MojoExecutionScopeModule.java:55) (via modules: org.eclipse.sisu.wire.WireModule -> org.apache.maven.execution.scope.internal.MojoExecutionScopeModule)
  while locating org.apache.maven.project.MavenProject
    for the 1st parameter of org.apache.maven.plugins.jar.JarMojo.<init>(Unknown Source)
  while locating org.apache.maven.plugins.jar.JarMojo

1 error
	at com.google.inject.internal.InternalProvisionException.toProvisionException(InternalProvisionException.java:226)
	at com.google.inject.internal.InjectorImpl$1.get(InjectorImpl.java:1053)
	at com.google.inject.internal.InjectorImpl.getInstance(InjectorImpl.java:1086)
	at org.eclipse.sisu.space.AbstractDeferredClass.get(AbstractDeferredClass.java:48)
	at com.google.inject.internal.ProviderInternalFactory.provision(ProviderInternalFactory.java:85)
	at com.google.inject.internal.InternalFactoryToInitializableAdapter.provision(InternalFactoryToInitializableAdapter.java:57)
	at com.google.inject.internal.ProviderInternalFactory$1.call(ProviderInternalFactory.java:66)
	at com.google.inject.internal.ProvisionListenerStackCallback$Provision.provision(ProvisionListenerStackCallback.java:112)
	at com.google.inject.internal.ProvisionListenerStackCallback$Provision.provision(ProvisionListenerStackCallback.java:127)
	at com.google.inject.internal.ProvisionListenerStackCallback.provision(ProvisionListenerStackCallback.java:66)
	at com.google.inject.internal.ProviderInternalFactory.circularGet(ProviderInternalFactory.java:61)
	at com.google.inject.internal.InternalFactoryToInitializableAdapter.get(InternalFactoryToInitializableAdapter.java:47)
	at com.google.inject.internal.InjectorImpl$1.get(InjectorImpl.java:1050)
	at org.eclipse.sisu.inject.Guice4$1.get(Guice4.java:162)
	at org.eclipse.sisu.inject.LazyBeanEntry.getValue(LazyBeanEntry.java:81)
	at org.eclipse.sisu.plexus.LazyPlexusBean.getValue(LazyPlexusBean.java:51)
	at org.codehaus.plexus.DefaultPlexusContainer.lookup(DefaultPlexusContainer.java:263)
	at org.codehaus.plexus.DefaultPlexusContainer.lookup(DefaultPlexusContainer.java:255)
	at org.apache.maven.plugin.internal.DefaultMavenPluginManager.getConfiguredMojo(DefaultMavenPluginManager.java:520)
	at org.eclipse.m2e.core.internal.embedder.MavenImpl.getConfiguredMojo(MavenImpl.java:359)
	at org.sonatype.m2e.mavenarchiver.internal.AbstractMavenArchiverConfigurator.reflectManifestGeneration(AbstractMavenArchiverConfigurator.java:469)
	at org.sonatype.m2e.mavenarchiver.internal.AbstractMavenArchiverConfigurator.generateManifest(AbstractMavenArchiverConfigurator.java:422)
	at org.sonatype.m2e.mavenarchiver.internal.AbstractMavenArchiverConfigurator.mavenProjectChanged(AbstractMavenArchiverConfigurator.java:227)
	at org.sonatype.m2e.mavenarchiver.internal.AbstractMavenArchiverConfigurator$1.build(AbstractMavenArchiverConfigurator.java:167)
	at org.eclipse.m2e.core.internal.builder.MavenBuilderImpl.build(MavenBuilderImpl.java:135)
	at org.eclipse.m2e.core.internal.builder.MavenBuilder$1.method(MavenBuilder.java:169)
	at org.eclipse.m2e.core.internal.builder.MavenBuilder$1.method(MavenBuilder.java:1)
	at org.eclipse.m2e.core.internal.builder.MavenBuilder$BuildMethod.lambda$1(MavenBuilder.java:114)
	at org.eclipse.m2e.core.internal.embedder.MavenExecutionContext.executeBare(MavenExecutionContext.java:182)
	at org.eclipse.m2e.core.internal.embedder.MavenExecutionContext.execute(MavenExecutionContext.java:117)
	at org.eclipse.m2e.core.internal.builder.MavenBuilder$BuildMethod.lambda$0(MavenBuilder.java:105)
	at org.eclipse.m2e.core.internal.embedder.MavenExecutionContext.executeBare(MavenExecutionContext.java:182)
	at org.eclipse.m2e.core.internal.embedder.MavenExecutionContext.execute(MavenExecutionContext.java:156)
	at org.eclipse.m2e.core.internal.embedder.MavenExecutionContext.execute(MavenExecutionContext.java:103)
	at org.eclipse.m2e.core.internal.builder.MavenBuilder$BuildMethod.execute(MavenBuilder.java:88)
	at org.eclipse.m2e.core.internal.builder.MavenBuilder.build(MavenBuilder.java:198)
	at org.eclipse.core.internal.events.BuildManager$2.run(BuildManager.java:1024)
	at org.eclipse.core.runtime.SafeRunner.run(SafeRunner.java:45)
	at org.eclipse.core.internal.events.BuildManager.basicBuild(BuildManager.java:254)
	at org.eclipse.core.internal.events.BuildManager.basicBuild(BuildManager.java:311)
	at org.eclipse.core.internal.events.BuildManager$1.run(BuildManager.java:400)
	at org.eclipse.core.runtime.SafeRunner.run(SafeRunner.java:45)
	at org.eclipse.core.internal.events.BuildManager.basicBuild(BuildManager.java:403)
	at org.eclipse.core.internal.events.BuildManager.basicBuildLoop(BuildManager.java:514)
	at org.eclipse.core.internal.events.BuildManager.basicBuildLoop(BuildManager.java:462)
	at org.eclipse.core.internal.events.BuildManager.build(BuildManager.java:544)
	at org.eclipse.core.internal.events.AutoBuildJob.doBuild(AutoBuildJob.java:161)
	at org.eclipse.core.internal.events.AutoBuildJob.run(AutoBuildJob.java:255)
	at org.eclipse.core.internal.jobs.Worker.run(Worker.java:63)
Caused by: com.google.inject.OutOfScopeException: Cannot access Key[type=org.apache.maven.project.MavenProject, annotation=[none]] outside of a scoping block
	at org.apache.maven.execution.scope.internal.MojoExecutionScope$2.get(MojoExecutionScope.java:122)
	at com.google.inject.internal.InternalFactoryToProviderAdapter.get(InternalFactoryToProviderAdapter.java:39)
	at com.google.inject.internal.SingleParameterInjector.inject(SingleParameterInjector.java:42)
	at com.google.inject.internal.SingleParameterInjector.getAll(SingleParameterInjector.java:65)
	at com.google.inject.internal.ConstructorInjector.provision(ConstructorInjector.java:113)
	at com.google.inject.internal.ConstructorInjector.access$000(ConstructorInjector.java:32)
	at com.google.inject.internal.ConstructorInjector$1.call(ConstructorInjector.java:98)
	at com.google.inject.internal.ProvisionListenerStackCallback$Provision.provision(ProvisionListenerStackCallback.java:112)
	at com.google.inject.internal.ProvisionListenerStackCallback$Provision.provision(ProvisionListenerStackCallback.java:127)
	at com.google.inject.internal.ProvisionListenerStackCallback.provision(ProvisionListenerStackCallback.java:66)
	at com.google.inject.internal.ConstructorInjector.construct(ConstructorInjector.java:93)
	at com.google.inject.internal.ConstructorBindingImpl$Factory.get(ConstructorBindingImpl.java:306)
	at com.google.inject.internal.InjectorImpl$1.get(InjectorImpl.java:1050)
	... 47 common frames omitted
2026-08-04 00:57:46,626 [Worker-5: Updating Maven Project] INFO  o.e.m.c.i.p.ProjectConfigurationManager - Update started
2026-08-04 00:57:47,728 [Worker-5: Updating Maven Project] INFO  o.e.m.c.i.l.LifecycleMappingFactory - Using org.eclipse.m2e.jdt.JarLifecycleMapping lifecycle mapping for MavenProject: com.emart:EmartCategoryMaster:0.0.1-SNAPSHOT @ C:\Users\ADMIN\OneDrive\Documents\Final\backend\pom.xml.
2026-08-04 00:57:49,114 [Worker-5: Updating Maven Project] WARN  Sisu - Error injecting: org.apache.maven.plugins.jar.JarMojo
com.google.inject.ProvisionException: Unable to provision, see the following errors:

1) Error in custom provider, com.google.inject.OutOfScopeException: Cannot access Key[type=org.apache.maven.project.MavenProject, annotation=[none]] outside of a scoping block
  at org.apache.maven.execution.scope.internal.MojoExecutionScopeModule.configure(MojoExecutionScopeModule.java:55) (via modules: org.eclipse.sisu.wire.WireModule -> org.apache.maven.execution.scope.internal.MojoExecutionScopeModule)
  while locating org.apache.maven.project.MavenProject
    for the 1st parameter of org.apache.maven.plugins.jar.JarMojo.<init>(Unknown Source)
  while locating org.apache.maven.plugins.jar.JarMojo

1 error
	at com.google.inject.internal.InternalProvisionException.toProvisionException(InternalProvisionException.java:226)
	at com.google.inject.internal.InjectorImpl$1.get(InjectorImpl.java:1053)
	at com.google.inject.internal.InjectorImpl.getInstance(InjectorImpl.java:1086)
	at org.eclipse.sisu.space.AbstractDeferredClass.get(AbstractDeferredClass.java:48)
	at com.google.inject.internal.ProviderInternalFactory.provision(ProviderInternalFactory.java:85)
	at com.google.inject.internal.InternalFactoryToInitializableAdapter.provision(InternalFactoryToInitializableAdapter.java:57)
	at com.google.inject.internal.ProviderInternalFactory$1.call(ProviderInternalFactory.java:66)
	at com.google.inject.internal.ProvisionListenerStackCallback$Provision.provision(ProvisionListenerStackCallback.java:112)
	at com.google.inject.internal.ProvisionListenerStackCallback$Provision.provision(ProvisionListenerStackCallback.java:127)
	at com.google.inject.internal.ProvisionListenerStackCallback.provision(ProvisionListenerStackCallback.java:66)
	at com.google.inject.internal.ProviderInternalFactory.circularGet(ProviderInternalFactory.java:61)
	at com.google.inject.internal.InternalFactoryToInitializableAdapter.get(InternalFactoryToInitializableAdapter.java:47)
	at com.google.inject.internal.InjectorImpl$1.get(InjectorImpl.java:1050)
	at org.eclipse.sisu.inject.Guice4$1.get(Guice4.java:162)
	at org.eclipse.sisu.inject.LazyBeanEntry.getValue(LazyBeanEntry.java:81)
	at org.eclipse.sisu.plexus.LazyPlexusBean.getValue(LazyPlexusBean.java:51)
	at org.codehaus.plexus.DefaultPlexusContainer.lookup(DefaultPlexusContainer.java:263)
	at org.codehaus.plexus.DefaultPlexusContainer.lookup(DefaultPlexusContainer.java:255)
	at org.apache.maven.plugin.internal.DefaultMavenPluginManager.getConfiguredMojo(DefaultMavenPluginManager.java:520)
	at org.eclipse.m2e.core.internal.embedder.MavenImpl.getConfiguredMojo(MavenImpl.java:359)
	at org.sonatype.m2e.mavenarchiver.internal.AbstractMavenArchiverConfigurator.reflectManifestGeneration(AbstractMavenArchiverConfigurator.java:469)
	at org.sonatype.m2e.mavenarchiver.internal.AbstractMavenArchiverConfigurator.generateManifest(AbstractMavenArchiverConfigurator.java:422)
	at org.sonatype.m2e.mavenarchiver.internal.AbstractMavenArchiverConfigurator.mavenProjectChanged(AbstractMavenArchiverConfigurator.java:227)
	at org.sonatype.m2e.mavenarchiver.internal.AbstractMavenArchiverConfigurator.mavenProjectChanged(AbstractMavenArchiverConfigurator.java:215)
	at org.eclipse.m2e.core.internal.project.ProjectConfigurationManager.mavenProjectChanged(ProjectConfigurationManager.java:1056)
	at org.eclipse.m2e.core.internal.project.registry.ProjectRegistryManager.notifyProjectChangeListeners(ProjectRegistryManager.java:806)
	at org.eclipse.m2e.core.internal.project.registry.ProjectRegistryManager.applyMutableProjectRegistry(ProjectRegistryManager.java:972)
	at org.eclipse.m2e.core.internal.project.registry.ProjectRegistryManager.refresh(ProjectRegistryManager.java:305)
	at org.eclipse.m2e.core.internal.project.ProjectConfigurationManager.updateProjectConfiguration0(ProjectConfigurationManager.java:413)
	at org.eclipse.m2e.core.internal.project.ProjectConfigurationManager.lambda$1(ProjectConfigurationManager.java:362)
	at org.eclipse.m2e.core.internal.embedder.MavenExecutionContext.executeBare(MavenExecutionContext.java:182)
	at org.eclipse.m2e.core.internal.embedder.MavenExecutionContext.execute(MavenExecutionContext.java:156)
	at org.eclipse.m2e.core.internal.embedder.MavenExecutionContext.execute(MavenExecutionContext.java:103)
	at org.eclipse.m2e.core.internal.embedder.MavenImpl.execute(MavenImpl.java:1411)
	at org.eclipse.m2e.core.internal.project.ProjectConfigurationManager.updateProjectConfiguration(ProjectConfigurationManager.java:361)
	at org.eclipse.m2e.core.ui.internal.UpdateMavenProjectJob.runInWorkspace(UpdateMavenProjectJob.java:80)
	at org.eclipse.core.internal.resources.InternalWorkspaceJob.run(InternalWorkspaceJob.java:43)
	at org.eclipse.core.internal.jobs.Worker.run(Worker.java:63)
Caused by: com.google.inject.OutOfScopeException: Cannot access Key[type=org.apache.maven.project.MavenProject, annotation=[none]] outside of a scoping block
	at org.apache.maven.execution.scope.internal.MojoExecutionScope$2.get(MojoExecutionScope.java:122)
	at com.google.inject.internal.InternalFactoryToProviderAdapter.get(InternalFactoryToProviderAdapter.java:39)
	at com.google.inject.internal.SingleParameterInjector.inject(SingleParameterInjector.java:42)
	at com.google.inject.internal.SingleParameterInjector.getAll(SingleParameterInjector.java:65)
	at com.google.inject.internal.ConstructorInjector.provision(ConstructorInjector.java:113)
	at com.google.inject.internal.ConstructorInjector.access$000(ConstructorInjector.java:32)
	at com.google.inject.internal.ConstructorInjector$1.call(ConstructorInjector.java:98)
	at com.google.inject.internal.ProvisionListenerStackCallback$Provision.provision(ProvisionListenerStackCallback.java:112)
	at com.google.inject.internal.ProvisionListenerStackCallback$Provision.provision(ProvisionListenerStackCallback.java:127)
	at com.google.inject.internal.ProvisionListenerStackCallback.provision(ProvisionListenerStackCallback.java:66)
	at com.google.inject.internal.ConstructorInjector.construct(ConstructorInjector.java:93)
	at com.google.inject.internal.ConstructorBindingImpl$Factory.get(ConstructorBindingImpl.java:306)
	at com.google.inject.internal.InjectorImpl$1.get(InjectorImpl.java:1050)
	... 36 common frames omitted
2026-08-04 00:57:50,214 [Worker-5: Updating Maven Project] INFO  o.e.m.j.i.AbstractJavaProjectConfigurator - Adding source folder /backend/src/main/java
2026-08-04 00:57:50,215 [Worker-5: Updating Maven Project] INFO  o.e.m.j.i.AbstractJavaProjectConfigurator - Adding resource folder /backend/src/main/resources
2026-08-04 00:57:50,216 [Worker-5: Updating Maven Project] INFO  o.e.m.j.i.AbstractJavaProjectConfigurator - Adding resource folder /backend/src/main/resources
2026-08-04 00:57:50,217 [Worker-5: Updating Maven Project] INFO  o.e.m.j.i.AbstractJavaProjectConfigurator - Adding source folder /backend/src/test/java
2026-08-04 00:57:50,218 [Worker-5: Updating Maven Project] INFO  o.e.m.j.i.AbstractJavaProjectConfigurator - Adding resource folder /backend/src/test/resources
2026-08-04 00:57:51,119 [Worker-5: Updating Maven Project] INFO  o.e.m.c.i.p.ProjectConfigurationManager - Update completed: 4 sec
2026-08-04 00:57:55,363 [Worker-6: Building] INFO  o.a.m.s.f.DefaultMavenResourcesFiltering - Copying 3 resources from src\main\resources to target\classes
2026-08-04 00:57:55,416 [Worker-6: Building] INFO  o.a.m.s.f.DefaultMavenResourcesFiltering - Copying 3 resources from src\main\resources to target\classes
2026-08-04 00:57:55,433 [Worker-6: Building] INFO  o.a.m.s.f.DefaultMavenResourcesFiltering - Copying 1 resource from src\test\resources to target\test-classes
2026-08-04 00:57:55,457 [Worker-6: Building] WARN  Sisu - Error injecting: org.apache.maven.plugins.jar.JarMojo
com.google.inject.ProvisionException: Unable to provision, see the following errors:

1) Error in custom provider, com.google.inject.OutOfScopeException: Cannot access Key[type=org.apache.maven.project.MavenProject, annotation=[none]] outside of a scoping block
  at org.apache.maven.execution.scope.internal.MojoExecutionScopeModule.configure(MojoExecutionScopeModule.java:55) (via modules: org.eclipse.sisu.wire.WireModule -> org.apache.maven.execution.scope.internal.MojoExecutionScopeModule)
  while locating org.apache.maven.project.MavenProject
    for the 1st parameter of org.apache.maven.plugins.jar.JarMojo.<init>(Unknown Source)
  while locating org.apache.maven.plugins.jar.JarMojo

1 error
	at com.google.inject.internal.InternalProvisionException.toProvisionException(InternalProvisionException.java:226)
	at com.google.inject.internal.InjectorImpl$1.get(InjectorImpl.java:1053)
	at com.google.inject.internal.InjectorImpl.getInstance(InjectorImpl.java:1086)
	at org.eclipse.sisu.space.AbstractDeferredClass.get(AbstractDeferredClass.java:48)
	at com.google.inject.internal.ProviderInternalFactory.provision(ProviderInternalFactory.java:85)
	at com.google.inject.internal.InternalFactoryToInitializableAdapter.provision(InternalFactoryToInitializableAdapter.java:57)
	at com.google.inject.internal.ProviderInternalFactory$1.call(ProviderInternalFactory.java:66)
	at com.google.inject.internal.ProvisionListenerStackCallback$Provision.provision(ProvisionListenerStackCallback.java:112)
	at com.google.inject.internal.ProvisionListenerStackCallback$Provision.provision(ProvisionListenerStackCallback.java:127)
	at com.google.inject.internal.ProvisionListenerStackCallback.provision(ProvisionListenerStackCallback.java:66)
	at com.google.inject.internal.ProviderInternalFactory.circularGet(ProviderInternalFactory.java:61)
	at com.google.inject.internal.InternalFactoryToInitializableAdapter.get(InternalFactoryToInitializableAdapter.java:47)
	at com.google.inject.internal.InjectorImpl$1.get(InjectorImpl.java:1050)
	at org.eclipse.sisu.inject.Guice4$1.get(Guice4.java:162)
	at org.eclipse.sisu.inject.LazyBeanEntry.getValue(LazyBeanEntry.java:81)
	at org.eclipse.sisu.plexus.LazyPlexusBean.getValue(LazyPlexusBean.java:51)
	at org.codehaus.plexus.DefaultPlexusContainer.lookup(DefaultPlexusContainer.java:263)
	at org.codehaus.plexus.DefaultPlexusContainer.lookup(DefaultPlexusContainer.java:255)
	at org.apache.maven.plugin.internal.DefaultMavenPluginManager.getConfiguredMojo(DefaultMavenPluginManager.java:520)
	at org.eclipse.m2e.core.internal.embedder.MavenImpl.getConfiguredMojo(MavenImpl.java:359)
	at org.sonatype.m2e.mavenarchiver.internal.AbstractMavenArchiverConfigurator.reflectManifestGeneration(AbstractMavenArchiverConfigurator.java:469)
	at org.sonatype.m2e.mavenarchiver.internal.AbstractMavenArchiverConfigurator.generateManifest(AbstractMavenArchiverConfigurator.java:422)
	at org.sonatype.m2e.mavenarchiver.internal.AbstractMavenArchiverConfigurator.mavenProjectChanged(AbstractMavenArchiverConfigurator.java:227)
	at org.sonatype.m2e.mavenarchiver.internal.AbstractMavenArchiverConfigurator$1.build(AbstractMavenArchiverConfigurator.java:167)
	at org.eclipse.m2e.core.internal.builder.MavenBuilderImpl.build(MavenBuilderImpl.java:135)
	at org.eclipse.m2e.core.internal.builder.MavenBuilder$1.method(MavenBuilder.java:169)
	at org.eclipse.m2e.core.internal.builder.MavenBuilder$1.method(MavenBuilder.java:1)
	at org.eclipse.m2e.core.internal.builder.MavenBuilder$BuildMethod.lambda$1(MavenBuilder.java:114)
	at org.eclipse.m2e.core.internal.embedder.MavenExecutionContext.executeBare(MavenExecutionContext.java:182)
	at org.eclipse.m2e.core.internal.embedder.MavenExecutionContext.execute(MavenExecutionContext.java:117)
	at org.eclipse.m2e.core.internal.builder.MavenBuilder$BuildMethod.lambda$0(MavenBuilder.java:105)
	at org.eclipse.m2e.core.internal.embedder.MavenExecutionContext.executeBare(MavenExecutionContext.java:182)
	at org.eclipse.m2e.core.internal.embedder.MavenExecutionContext.execute(MavenExecutionContext.java:156)
	at org.eclipse.m2e.core.internal.embedder.MavenExecutionContext.execute(MavenExecutionContext.java:103)
	at org.eclipse.m2e.core.internal.builder.MavenBuilder$BuildMethod.execute(MavenBuilder.java:88)
	at org.eclipse.m2e.core.internal.builder.MavenBuilder.build(MavenBuilder.java:198)
	at org.eclipse.core.internal.events.BuildManager$2.run(BuildManager.java:1024)
	at org.eclipse.core.runtime.SafeRunner.run(SafeRunner.java:45)
	at org.eclipse.core.internal.events.BuildManager.basicBuild(BuildManager.java:254)
	at org.eclipse.core.internal.events.BuildManager.basicBuild(BuildManager.java:311)
	at org.eclipse.core.internal.events.BuildManager$1.run(BuildManager.java:400)
	at org.eclipse.core.runtime.SafeRunner.run(SafeRunner.java:45)
	at org.eclipse.core.internal.events.BuildManager.basicBuild(BuildManager.java:403)
	at org.eclipse.core.internal.events.BuildManager.basicBuildLoop(BuildManager.java:514)
	at org.eclipse.core.internal.events.BuildManager.basicBuildLoop(BuildManager.java:462)
	at org.eclipse.core.internal.events.BuildManager.build(BuildManager.java:544)
	at org.eclipse.core.internal.events.AutoBuildJob.doBuild(AutoBuildJob.java:161)
	at org.eclipse.core.internal.events.AutoBuildJob.run(AutoBuildJob.java:255)
	at org.eclipse.core.internal.jobs.Worker.run(Worker.java:63)
Caused by: com.google.inject.OutOfScopeException: Cannot access Key[type=org.apache.maven.project.MavenProject, annotation=[none]] outside of a scoping block
	at org.apache.maven.execution.scope.internal.MojoExecutionScope$2.get(MojoExecutionScope.java:122)
	at com.google.inject.internal.InternalFactoryToProviderAdapter.get(InternalFactoryToProviderAdapter.java:39)
	at com.google.inject.internal.SingleParameterInjector.inject(SingleParameterInjector.java:42)
	at com.google.inject.internal.SingleParameterInjector.getAll(SingleParameterInjector.java:65)
	at com.google.inject.internal.ConstructorInjector.provision(ConstructorInjector.java:113)
	at com.google.inject.internal.ConstructorInjector.access$000(ConstructorInjector.java:32)
	at com.google.inject.internal.ConstructorInjector$1.call(ConstructorInjector.java:98)
	at com.google.inject.internal.ProvisionListenerStackCallback$Provision.provision(ProvisionListenerStackCallback.java:112)
	at com.google.inject.internal.ProvisionListenerStackCallback$Provision.provision(ProvisionListenerStackCallback.java:127)
	at com.google.inject.internal.ProvisionListenerStackCallback.provision(ProvisionListenerStackCallback.java:66)
	at com.google.inject.internal.ConstructorInjector.construct(ConstructorInjector.java:93)
	at com.google.inject.internal.ConstructorBindingImpl$Factory.get(ConstructorBindingImpl.java:306)
	at com.google.inject.internal.InjectorImpl$1.get(InjectorImpl.java:1050)
	... 47 common frames omitted
2026-08-04 01:03:01,319 [Worker-9: Building] INFO  o.a.m.s.f.DefaultMavenResourcesFiltering - Copying 0 resource from src\main\resources to target\classes
2026-08-04 01:03:01,322 [Worker-9: Building] INFO  o.a.m.s.f.DefaultMavenResourcesFiltering - Copying 0 resource from src\main\resources to target\classes
2026-08-04 01:03:01,326 [Worker-9: Building] INFO  o.a.m.s.f.DefaultMavenResourcesFiltering - Copying 0 resource from src\test\resources to target\test-classes
2026-08-04 01:03:01,340 [Worker-9: Building] WARN  Sisu - Error injecting: org.apache.maven.plugins.jar.JarMojo
com.google.inject.ProvisionException: Unable to provision, see the following errors:

1) Error in custom provider, com.google.inject.OutOfScopeException: Cannot access Key[type=org.apache.maven.project.MavenProject, annotation=[none]] outside of a scoping block
  at org.apache.maven.execution.scope.internal.MojoExecutionScopeModule.configure(MojoExecutionScopeModule.java:55) (via modules: org.eclipse.sisu.wire.WireModule -> org.apache.maven.execution.scope.internal.MojoExecutionScopeModule)
  while locating org.apache.maven.project.MavenProject
    for the 1st parameter of org.apache.maven.plugins.jar.JarMojo.<init>(Unknown Source)
  while locating org.apache.maven.plugins.jar.JarMojo

1 error
	at com.google.inject.internal.InternalProvisionException.toProvisionException(InternalProvisionException.java:226)
	at com.google.inject.internal.InjectorImpl$1.get(InjectorImpl.java:1053)
	at com.google.inject.internal.InjectorImpl.getInstance(InjectorImpl.java:1086)
	at org.eclipse.sisu.space.AbstractDeferredClass.get(AbstractDeferredClass.java:48)
	at com.google.inject.internal.ProviderInternalFactory.provision(ProviderInternalFactory.java:85)
	at com.google.inject.internal.InternalFactoryToInitializableAdapter.provision(InternalFactoryToInitializableAdapter.java:57)
	at com.google.inject.internal.ProviderInternalFactory$1.call(ProviderInternalFactory.java:66)
	at com.google.inject.internal.ProvisionListenerStackCallback$Provision.provision(ProvisionListenerStackCallback.java:112)
	at com.google.inject.internal.ProvisionListenerStackCallback$Provision.provision(ProvisionListenerStackCallback.java:127)
	at com.google.inject.internal.ProvisionListenerStackCallback.provision(ProvisionListenerStackCallback.java:66)
	at com.google.inject.internal.ProviderInternalFactory.circularGet(ProviderInternalFactory.java:61)
	at com.google.inject.internal.InternalFactoryToInitializableAdapter.get(InternalFactoryToInitializableAdapter.java:47)
	at com.google.inject.internal.InjectorImpl$1.get(InjectorImpl.java:1050)
	at org.eclipse.sisu.inject.Guice4$1.get(Guice4.java:162)
	at org.eclipse.sisu.inject.LazyBeanEntry.getValue(LazyBeanEntry.java:81)
	at org.eclipse.sisu.plexus.LazyPlexusBean.getValue(LazyPlexusBean.java:51)
	at org.codehaus.plexus.DefaultPlexusContainer.lookup(DefaultPlexusContainer.java:263)
	at org.codehaus.plexus.DefaultPlexusContainer.lookup(DefaultPlexusContainer.java:255)
	at org.apache.maven.plugin.internal.DefaultMavenPluginManager.getConfiguredMojo(DefaultMavenPluginManager.java:520)
	at org.eclipse.m2e.core.internal.embedder.MavenImpl.getConfiguredMojo(MavenImpl.java:359)
	at org.sonatype.m2e.mavenarchiver.internal.AbstractMavenArchiverConfigurator.reflectManifestGeneration(AbstractMavenArchiverConfigurator.java:469)
	at org.sonatype.m2e.mavenarchiver.internal.AbstractMavenArchiverConfigurator.generateManifest(AbstractMavenArchiverConfigurator.java:422)
	at org.sonatype.m2e.mavenarchiver.internal.AbstractMavenArchiverConfigurator.mavenProjectChanged(AbstractMavenArchiverConfigurator.java:227)
	at org.sonatype.m2e.mavenarchiver.internal.AbstractMavenArchiverConfigurator$1.build(AbstractMavenArchiverConfigurator.java:167)
	at org.eclipse.m2e.core.internal.builder.MavenBuilderImpl.build(MavenBuilderImpl.java:135)
	at org.eclipse.m2e.core.internal.builder.MavenBuilder$1.method(MavenBuilder.java:169)
	at org.eclipse.m2e.core.internal.builder.MavenBuilder$1.method(MavenBuilder.java:1)
	at org.eclipse.m2e.core.internal.builder.MavenBuilder$BuildMethod.lambda$1(MavenBuilder.java:114)
	at org.eclipse.m2e.core.internal.embedder.MavenExecutionContext.executeBare(MavenExecutionContext.java:182)
	at org.eclipse.m2e.core.internal.embedder.MavenExecutionContext.execute(MavenExecutionContext.java:117)
	at org.eclipse.m2e.core.internal.builder.MavenBuilder$BuildMethod.lambda$0(MavenBuilder.java:105)
	at org.eclipse.m2e.core.internal.embedder.MavenExecutionContext.executeBare(MavenExecutionContext.java:182)
	at org.eclipse.m2e.core.internal.embedder.MavenExecutionContext.execute(MavenExecutionContext.java:156)
	at org.eclipse.m2e.core.internal.embedder.MavenExecutionContext.execute(MavenExecutionContext.java:103)
	at org.eclipse.m2e.core.internal.builder.MavenBuilder$BuildMethod.execute(MavenBuilder.java:88)
	at org.eclipse.m2e.core.internal.builder.MavenBuilder.build(MavenBuilder.java:198)
	at org.eclipse.core.internal.events.BuildManager$2.run(BuildManager.java:1024)
	at org.eclipse.core.runtime.SafeRunner.run(SafeRunner.java:45)
	at org.eclipse.core.internal.events.BuildManager.basicBuild(BuildManager.java:254)
	at org.eclipse.core.internal.events.BuildManager.basicBuild(BuildManager.java:311)
	at org.eclipse.core.internal.events.BuildManager$1.run(BuildManager.java:400)
	at org.eclipse.core.runtime.SafeRunner.run(SafeRunner.java:45)
	at org.eclipse.core.internal.events.BuildManager.basicBuild(BuildManager.java:403)
	at org.eclipse.core.internal.events.BuildManager.basicBuildLoop(BuildManager.java:514)
	at org.eclipse.core.internal.events.BuildManager.basicBuildLoop(BuildManager.java:462)
	at org.eclipse.core.internal.events.BuildManager.build(BuildManager.java:544)
	at org.eclipse.core.internal.events.AutoBuildJob.doBuild(AutoBuildJob.java:161)
	at org.eclipse.core.internal.events.AutoBuildJob.run(AutoBuildJob.java:255)
	at org.eclipse.core.internal.jobs.Worker.run(Worker.java:63)
Caused by: com.google.inject.OutOfScopeException: Cannot access Key[type=org.apache.maven.project.MavenProject, annotation=[none]] outside of a scoping block
	at org.apache.maven.execution.scope.internal.MojoExecutionScope$2.get(MojoExecutionScope.java:122)
	at com.google.inject.internal.InternalFactoryToProviderAdapter.get(InternalFactoryToProviderAdapter.java:39)
	at com.google.inject.internal.SingleParameterInjector.inject(SingleParameterInjector.java:42)
	at com.google.inject.internal.SingleParameterInjector.getAll(SingleParameterInjector.java:65)
	at com.google.inject.internal.ConstructorInjector.provision(ConstructorInjector.java:113)
	at com.google.inject.internal.ConstructorInjector.access$000(ConstructorInjector.java:32)
	at com.google.inject.internal.ConstructorInjector$1.call(ConstructorInjector.java:98)
	at com.google.inject.internal.ProvisionListenerStackCallback$Provision.provision(ProvisionListenerStackCallback.java:112)
	at com.google.inject.internal.ProvisionListenerStackCallback$Provision.provision(ProvisionListenerStackCallback.java:127)
	at com.google.inject.internal.ProvisionListenerStackCallback.provision(ProvisionListenerStackCallback.java:66)
	at com.google.inject.internal.ConstructorInjector.construct(ConstructorInjector.java:93)
	at com.google.inject.internal.ConstructorBindingImpl$Factory.get(ConstructorBindingImpl.java:306)
	at com.google.inject.internal.InjectorImpl$1.get(InjectorImpl.java:1050)
	... 47 common frames omitted
2026-08-04 01:03:55,866 [Worker-6: Updating Maven Project] INFO  o.e.m.c.i.p.ProjectConfigurationManager - Update started
2026-08-04 01:03:56,879 [Worker-6: Updating Maven Project] INFO  o.e.m.c.i.l.LifecycleMappingFactory - Using org.eclipse.m2e.jdt.JarLifecycleMapping lifecycle mapping for MavenProject: com.emart:EmartCategoryMaster:0.0.1-SNAPSHOT @ C:\Users\ADMIN\OneDrive\Documents\Final\backend\pom.xml.
2026-08-04 01:03:58,112 [Worker-6: Updating Maven Project] WARN  Sisu - Error injecting: org.apache.maven.plugins.jar.JarMojo
com.google.inject.ProvisionException: Unable to provision, see the following errors:

1) Error in custom provider, com.google.inject.OutOfScopeException: Cannot access Key[type=org.apache.maven.project.MavenProject, annotation=[none]] outside of a scoping block
  at org.apache.maven.execution.scope.internal.MojoExecutionScopeModule.configure(MojoExecutionScopeModule.java:55) (via modules: org.eclipse.sisu.wire.WireModule -> org.apache.maven.execution.scope.internal.MojoExecutionScopeModule)
  while locating org.apache.maven.project.MavenProject
    for the 1st parameter of org.apache.maven.plugins.jar.JarMojo.<init>(Unknown Source)
  while locating org.apache.maven.plugins.jar.JarMojo

1 error
	at com.google.inject.internal.InternalProvisionException.toProvisionException(InternalProvisionException.java:226)
	at com.google.inject.internal.InjectorImpl$1.get(InjectorImpl.java:1053)
	at com.google.inject.internal.InjectorImpl.getInstance(InjectorImpl.java:1086)
	at org.eclipse.sisu.space.AbstractDeferredClass.get(AbstractDeferredClass.java:48)
	at com.google.inject.internal.ProviderInternalFactory.provision(ProviderInternalFactory.java:85)
	at com.google.inject.internal.InternalFactoryToInitializableAdapter.provision(InternalFactoryToInitializableAdapter.java:57)
	at com.google.inject.internal.ProviderInternalFactory$1.call(ProviderInternalFactory.java:66)
	at com.google.inject.internal.ProvisionListenerStackCallback$Provision.provision(ProvisionListenerStackCallback.java:112)
	at com.google.inject.internal.ProvisionListenerStackCallback$Provision.provision(ProvisionListenerStackCallback.java:127)
	at com.google.inject.internal.ProvisionListenerStackCallback.provision(ProvisionListenerStackCallback.java:66)
	at com.google.inject.internal.ProviderInternalFactory.circularGet(ProviderInternalFactory.java:61)
	at com.google.inject.internal.InternalFactoryToInitializableAdapter.get(InternalFactoryToInitializableAdapter.java:47)
	at com.google.inject.internal.InjectorImpl$1.get(InjectorImpl.java:1050)
	at org.eclipse.sisu.inject.Guice4$1.get(Guice4.java:162)
	at org.eclipse.sisu.inject.LazyBeanEntry.getValue(LazyBeanEntry.java:81)
	at org.eclipse.sisu.plexus.LazyPlexusBean.getValue(LazyPlexusBean.java:51)
	at org.codehaus.plexus.DefaultPlexusContainer.lookup(DefaultPlexusContainer.java:263)
	at org.codehaus.plexus.DefaultPlexusContainer.lookup(DefaultPlexusContainer.java:255)
	at org.apache.maven.plugin.internal.DefaultMavenPluginManager.getConfiguredMojo(DefaultMavenPluginManager.java:520)
	at org.eclipse.m2e.core.internal.embedder.MavenImpl.getConfiguredMojo(MavenImpl.java:359)
	at org.sonatype.m2e.mavenarchiver.internal.AbstractMavenArchiverConfigurator.reflectManifestGeneration(AbstractMavenArchiverConfigurator.java:469)
	at org.sonatype.m2e.mavenarchiver.internal.AbstractMavenArchiverConfigurator.generateManifest(AbstractMavenArchiverConfigurator.java:422)
	at org.sonatype.m2e.mavenarchiver.internal.AbstractMavenArchiverConfigurator.mavenProjectChanged(AbstractMavenArchiverConfigurator.java:227)
	at org.sonatype.m2e.mavenarchiver.internal.AbstractMavenArchiverConfigurator.mavenProjectChanged(AbstractMavenArchiverConfigurator.java:215)
	at org.eclipse.m2e.core.internal.project.ProjectConfigurationManager.mavenProjectChanged(ProjectConfigurationManager.java:1056)
	at org.eclipse.m2e.core.internal.project.registry.ProjectRegistryManager.notifyProjectChangeListeners(ProjectRegistryManager.java:806)
	at org.eclipse.m2e.core.internal.project.registry.ProjectRegistryManager.applyMutableProjectRegistry(ProjectRegistryManager.java:972)
	at org.eclipse.m2e.core.internal.project.registry.ProjectRegistryManager.refresh(ProjectRegistryManager.java:305)
	at org.eclipse.m2e.core.internal.project.ProjectConfigurationManager.updateProjectConfiguration0(ProjectConfigurationManager.java:413)
	at org.eclipse.m2e.core.internal.project.ProjectConfigurationManager.lambda$1(ProjectConfigurationManager.java:362)
	at org.eclipse.m2e.core.internal.embedder.MavenExecutionContext.executeBare(MavenExecutionContext.java:182)
	at org.eclipse.m2e.core.internal.embedder.MavenExecutionContext.execute(MavenExecutionContext.java:156)
	at org.eclipse.m2e.core.internal.embedder.MavenExecutionContext.execute(MavenExecutionContext.java:103)
	at org.eclipse.m2e.core.internal.embedder.MavenImpl.execute(MavenImpl.java:1411)
	at org.eclipse.m2e.core.internal.project.ProjectConfigurationManager.updateProjectConfiguration(ProjectConfigurationManager.java:361)
	at org.eclipse.m2e.core.ui.internal.UpdateMavenProjectJob.runInWorkspace(UpdateMavenProjectJob.java:80)
	at org.eclipse.core.internal.resources.InternalWorkspaceJob.run(InternalWorkspaceJob.java:43)
	at org.eclipse.core.internal.jobs.Worker.run(Worker.java:63)
Caused by: com.google.inject.OutOfScopeException: Cannot access Key[type=org.apache.maven.project.MavenProject, annotation=[none]] outside of a scoping block
	at org.apache.maven.execution.scope.internal.MojoExecutionScope$2.get(MojoExecutionScope.java:122)
	at com.google.inject.internal.InternalFactoryToProviderAdapter.get(InternalFactoryToProviderAdapter.java:39)
	at com.google.inject.internal.SingleParameterInjector.inject(SingleParameterInjector.java:42)
	at com.google.inject.internal.SingleParameterInjector.getAll(SingleParameterInjector.java:65)
	at com.google.inject.internal.ConstructorInjector.provision(ConstructorInjector.java:113)
	at com.google.inject.internal.ConstructorInjector.access$000(ConstructorInjector.java:32)
	at com.google.inject.internal.ConstructorInjector$1.call(ConstructorInjector.java:98)
	at com.google.inject.internal.ProvisionListenerStackCallback$Provision.provision(ProvisionListenerStackCallback.java:112)
	at com.google.inject.internal.ProvisionListenerStackCallback$Provision.provision(ProvisionListenerStackCallback.java:127)
	at com.google.inject.internal.ProvisionListenerStackCallback.provision(ProvisionListenerStackCallback.java:66)
	at com.google.inject.internal.ConstructorInjector.construct(ConstructorInjector.java:93)
	at com.google.inject.internal.ConstructorBindingImpl$Factory.get(ConstructorBindingImpl.java:306)
	at com.google.inject.internal.InjectorImpl$1.get(InjectorImpl.java:1050)
	... 36 common frames omitted
2026-08-04 01:03:58,932 [Worker-6: Updating Maven Project] INFO  o.e.m.j.i.AbstractJavaProjectConfigurator - Adding source folder /backend/src/main/java
2026-08-04 01:03:58,933 [Worker-6: Updating Maven Project] INFO  o.e.m.j.i.AbstractJavaProjectConfigurator - Adding resource folder /backend/src/main/resources
2026-08-04 01:03:58,934 [Worker-6: Updating Maven Project] INFO  o.e.m.j.i.AbstractJavaProjectConfigurator - Adding resource folder /backend/src/main/resources
2026-08-04 01:03:58,935 [Worker-6: Updating Maven Project] INFO  o.e.m.j.i.AbstractJavaProjectConfigurator - Adding source folder /backend/src/test/java
2026-08-04 01:03:58,936 [Worker-6: Updating Maven Project] INFO  o.e.m.j.i.AbstractJavaProjectConfigurator - Adding resource folder /backend/src/test/resources
2026-08-04 01:03:59,995 [Worker-6: Updating Maven Project] INFO  o.e.m.c.i.p.ProjectConfigurationManager - Update completed: 4 sec
2026-08-04 01:04:03,904 [Worker-14: Building] INFO  o.a.m.s.f.DefaultMavenResourcesFiltering - Copying 3 resources from src\main\resources to target\classes
2026-08-04 01:04:03,965 [Worker-14: Building] INFO  o.a.m.s.f.DefaultMavenResourcesFiltering - Copying 3 resources from src\main\resources to target\classes
2026-08-04 01:04:03,983 [Worker-14: Building] INFO  o.a.m.s.f.DefaultMavenResourcesFiltering - Copying 1 resource from src\test\resources to target\test-classes
2026-08-04 01:04:04,034 [Worker-14: Building] WARN  Sisu - Error injecting: org.apache.maven.plugins.jar.JarMojo
com.google.inject.ProvisionException: Unable to provision, see the following errors:

1) Error in custom provider, com.google.inject.OutOfScopeException: Cannot access Key[type=org.apache.maven.project.MavenProject, annotation=[none]] outside of a scoping block
  at org.apache.maven.execution.scope.internal.MojoExecutionScopeModule.configure(MojoExecutionScopeModule.java:55) (via modules: org.eclipse.sisu.wire.WireModule -> org.apache.maven.execution.scope.internal.MojoExecutionScopeModule)
  while locating org.apache.maven.project.MavenProject
    for the 1st parameter of org.apache.maven.plugins.jar.JarMojo.<init>(Unknown Source)
  while locating org.apache.maven.plugins.jar.JarMojo

1 error
	at com.google.inject.internal.InternalProvisionException.toProvisionException(InternalProvisionException.java:226)
	at com.google.inject.internal.InjectorImpl$1.get(InjectorImpl.java:1053)
	at com.google.inject.internal.InjectorImpl.getInstance(InjectorImpl.java:1086)
	at org.eclipse.sisu.space.AbstractDeferredClass.get(AbstractDeferredClass.java:48)
	at com.google.inject.internal.ProviderInternalFactory.provision(ProviderInternalFactory.java:85)
	at com.google.inject.internal.InternalFactoryToInitializableAdapter.provision(InternalFactoryToInitializableAdapter.java:57)
	at com.google.inject.internal.ProviderInternalFactory$1.call(ProviderInternalFactory.java:66)
	at com.google.inject.internal.ProvisionListenerStackCallback$Provision.provision(ProvisionListenerStackCallback.java:112)
	at com.google.inject.internal.ProvisionListenerStackCallback$Provision.provision(ProvisionListenerStackCallback.java:127)
	at com.google.inject.internal.ProvisionListenerStackCallback.provision(ProvisionListenerStackCallback.java:66)
	at com.google.inject.internal.ProviderInternalFactory.circularGet(ProviderInternalFactory.java:61)
	at com.google.inject.internal.InternalFactoryToInitializableAdapter.get(InternalFactoryToInitializableAdapter.java:47)
	at com.google.inject.internal.InjectorImpl$1.get(InjectorImpl.java:1050)
	at org.eclipse.sisu.inject.Guice4$1.get(Guice4.java:162)
	at org.eclipse.sisu.inject.LazyBeanEntry.getValue(LazyBeanEntry.java:81)
	at org.eclipse.sisu.plexus.LazyPlexusBean.getValue(LazyPlexusBean.java:51)
	at org.codehaus.plexus.DefaultPlexusContainer.lookup(DefaultPlexusContainer.java:263)
	at org.codehaus.plexus.DefaultPlexusContainer.lookup(DefaultPlexusContainer.java:255)
	at org.apache.maven.plugin.internal.DefaultMavenPluginManager.getConfiguredMojo(DefaultMavenPluginManager.java:520)
	at org.eclipse.m2e.core.internal.embedder.MavenImpl.getConfiguredMojo(MavenImpl.java:359)
	at org.sonatype.m2e.mavenarchiver.internal.AbstractMavenArchiverConfigurator.reflectManifestGeneration(AbstractMavenArchiverConfigurator.java:469)
	at org.sonatype.m2e.mavenarchiver.internal.AbstractMavenArchiverConfigurator.generateManifest(AbstractMavenArchiverConfigurator.java:422)
	at org.sonatype.m2e.mavenarchiver.internal.AbstractMavenArchiverConfigurator.mavenProjectChanged(AbstractMavenArchiverConfigurator.java:227)
	at org.sonatype.m2e.mavenarchiver.internal.AbstractMavenArchiverConfigurator$1.build(AbstractMavenArchiverConfigurator.java:167)
	at org.eclipse.m2e.core.internal.builder.MavenBuilderImpl.build(MavenBuilderImpl.java:135)
	at org.eclipse.m2e.core.internal.builder.MavenBuilder$1.method(MavenBuilder.java:169)
	at org.eclipse.m2e.core.internal.builder.MavenBuilder$1.method(MavenBuilder.java:1)
	at org.eclipse.m2e.core.internal.builder.MavenBuilder$BuildMethod.lambda$1(MavenBuilder.java:114)
	at org.eclipse.m2e.core.internal.embedder.MavenExecutionContext.executeBare(MavenExecutionContext.java:182)
	at org.eclipse.m2e.core.internal.embedder.MavenExecutionContext.execute(MavenExecutionContext.java:117)
	at org.eclipse.m2e.core.internal.builder.MavenBuilder$BuildMethod.lambda$0(MavenBuilder.java:105)
	at org.eclipse.m2e.core.internal.embedder.MavenExecutionContext.executeBare(MavenExecutionContext.java:182)
	at org.eclipse.m2e.core.internal.embedder.MavenExecutionContext.execute(MavenExecutionContext.java:156)
	at org.eclipse.m2e.core.internal.embedder.MavenExecutionContext.execute(MavenExecutionContext.java:103)
	at org.eclipse.m2e.core.internal.builder.MavenBuilder$BuildMethod.execute(MavenBuilder.java:88)
	at org.eclipse.m2e.core.internal.builder.MavenBuilder.build(MavenBuilder.java:198)
	at org.eclipse.core.internal.events.BuildManager$2.run(BuildManager.java:1024)
	at org.eclipse.core.runtime.SafeRunner.run(SafeRunner.java:45)
	at org.eclipse.core.internal.events.BuildManager.basicBuild(BuildManager.java:254)
	at org.eclipse.core.internal.events.BuildManager.basicBuild(BuildManager.java:311)
	at org.eclipse.core.internal.events.BuildManager$1.run(BuildManager.java:400)
	at org.eclipse.core.runtime.SafeRunner.run(SafeRunner.java:45)
	at org.eclipse.core.internal.events.BuildManager.basicBuild(BuildManager.java:403)
	at org.eclipse.core.internal.events.BuildManager.basicBuildLoop(BuildManager.java:514)
	at org.eclipse.core.internal.events.BuildManager.basicBuildLoop(BuildManager.java:462)
	at org.eclipse.core.internal.events.BuildManager.build(BuildManager.java:544)
	at org.eclipse.core.internal.events.AutoBuildJob.doBuild(AutoBuildJob.java:161)
	at org.eclipse.core.internal.events.AutoBuildJob.run(AutoBuildJob.java:255)
	at org.eclipse.core.internal.jobs.Worker.run(Worker.java:63)
Caused by: com.google.inject.OutOfScopeException: Cannot access Key[type=org.apache.maven.project.MavenProject, annotation=[none]] outside of a scoping block
	at org.apache.maven.execution.scope.internal.MojoExecutionScope$2.get(MojoExecutionScope.java:122)
	at com.google.inject.internal.InternalFactoryToProviderAdapter.get(InternalFactoryToProviderAdapter.java:39)
	at com.google.inject.internal.SingleParameterInjector.inject(SingleParameterInjector.java:42)
	at com.google.inject.internal.SingleParameterInjector.getAll(SingleParameterInjector.java:65)
	at com.google.inject.internal.ConstructorInjector.provision(ConstructorInjector.java:113)
	at com.google.inject.internal.ConstructorInjector.access$000(ConstructorInjector.java:32)
	at com.google.inject.internal.ConstructorInjector$1.call(ConstructorInjector.java:98)
	at com.google.inject.internal.ProvisionListenerStackCallback$Provision.provision(ProvisionListenerStackCallback.java:112)
	at com.google.inject.internal.ProvisionListenerStackCallback$Provision.provision(ProvisionListenerStackCallback.java:127)
	at com.google.inject.internal.ProvisionListenerStackCallback.provision(ProvisionListenerStackCallback.java:66)
	at com.google.inject.internal.ConstructorInjector.construct(ConstructorInjector.java:93)
	at com.google.inject.internal.ConstructorBindingImpl$Factory.get(ConstructorBindingImpl.java:306)
	at com.google.inject.internal.InjectorImpl$1.get(InjectorImpl.java:1050)
	... 47 common frames omitted
2026-08-04 01:04:15,391 [Worker-14: Building] INFO  o.a.m.s.f.DefaultMavenResourcesFiltering - Copying 3 resources from src\main\resources to target\classes
2026-08-04 01:04:15,414 [Worker-14: Building] INFO  o.a.m.s.f.DefaultMavenResourcesFiltering - Copying 3 resources from src\main\resources to target\classes
2026-08-04 01:04:15,431 [Worker-14: Building] INFO  o.a.m.s.f.DefaultMavenResourcesFiltering - Copying 1 resource from src\test\resources to target\test-classes
2026-08-04 01:04:15,464 [Worker-14: Building] WARN  Sisu - Error injecting: org.apache.maven.plugins.jar.JarMojo
com.google.inject.ProvisionException: Unable to provision, see the following errors:

1) Error in custom provider, com.google.inject.OutOfScopeException: Cannot access Key[type=org.apache.maven.project.MavenProject, annotation=[none]] outside of a scoping block
  at org.apache.maven.execution.scope.internal.MojoExecutionScopeModule.configure(MojoExecutionScopeModule.java:55) (via modules: org.eclipse.sisu.wire.WireModule -> org.apache.maven.execution.scope.internal.MojoExecutionScopeModule)
  while locating org.apache.maven.project.MavenProject
    for the 1st parameter of org.apache.maven.plugins.jar.JarMojo.<init>(Unknown Source)
  while locating org.apache.maven.plugins.jar.JarMojo

1 error
	at com.google.inject.internal.InternalProvisionException.toProvisionException(InternalProvisionException.java:226)
	at com.google.inject.internal.InjectorImpl$1.get(InjectorImpl.java:1053)
	at com.google.inject.internal.InjectorImpl.getInstance(InjectorImpl.java:1086)
	at org.eclipse.sisu.space.AbstractDeferredClass.get(AbstractDeferredClass.java:48)
	at com.google.inject.internal.ProviderInternalFactory.provision(ProviderInternalFactory.java:85)
	at com.google.inject.internal.InternalFactoryToInitializableAdapter.provision(InternalFactoryToInitializableAdapter.java:57)
	at com.google.inject.internal.ProviderInternalFactory$1.call(ProviderInternalFactory.java:66)
	at com.google.inject.internal.ProvisionListenerStackCallback$Provision.provision(ProvisionListenerStackCallback.java:112)
	at com.google.inject.internal.ProvisionListenerStackCallback$Provision.provision(ProvisionListenerStackCallback.java:127)
	at com.google.inject.internal.ProvisionListenerStackCallback.provision(ProvisionListenerStackCallback.java:66)
	at com.google.inject.internal.ProviderInternalFactory.circularGet(ProviderInternalFactory.java:61)
	at com.google.inject.internal.InternalFactoryToInitializableAdapter.get(InternalFactoryToInitializableAdapter.java:47)
	at com.google.inject.internal.InjectorImpl$1.get(InjectorImpl.java:1050)
	at org.eclipse.sisu.inject.Guice4$1.get(Guice4.java:162)
	at org.eclipse.sisu.inject.LazyBeanEntry.getValue(LazyBeanEntry.java:81)
	at org.eclipse.sisu.plexus.LazyPlexusBean.getValue(LazyPlexusBean.java:51)
	at org.codehaus.plexus.DefaultPlexusContainer.lookup(DefaultPlexusContainer.java:263)
	at org.codehaus.plexus.DefaultPlexusContainer.lookup(DefaultPlexusContainer.java:255)
	at org.apache.maven.plugin.internal.DefaultMavenPluginManager.getConfiguredMojo(DefaultMavenPluginManager.java:520)
	at org.eclipse.m2e.core.internal.embedder.MavenImpl.getConfiguredMojo(MavenImpl.java:359)
	at org.sonatype.m2e.mavenarchiver.internal.AbstractMavenArchiverConfigurator.reflectManifestGeneration(AbstractMavenArchiverConfigurator.java:469)
	at org.sonatype.m2e.mavenarchiver.internal.AbstractMavenArchiverConfigurator.generateManifest(AbstractMavenArchiverConfigurator.java:422)
	at org.sonatype.m2e.mavenarchiver.internal.AbstractMavenArchiverConfigurator.mavenProjectChanged(AbstractMavenArchiverConfigurator.java:227)
	at org.sonatype.m2e.mavenarchiver.internal.AbstractMavenArchiverConfigurator$1.build(AbstractMavenArchiverConfigurator.java:167)
	at org.eclipse.m2e.core.internal.builder.MavenBuilderImpl.build(MavenBuilderImpl.java:135)
	at org.eclipse.m2e.core.internal.builder.MavenBuilder$1.method(MavenBuilder.java:169)
	at org.eclipse.m2e.core.internal.builder.MavenBuilder$1.method(MavenBuilder.java:1)
	at org.eclipse.m2e.core.internal.builder.MavenBuilder$BuildMethod.lambda$1(MavenBuilder.java:114)
	at org.eclipse.m2e.core.internal.embedder.MavenExecutionContext.executeBare(MavenExecutionContext.java:182)
	at org.eclipse.m2e.core.internal.embedder.MavenExecutionContext.execute(MavenExecutionContext.java:117)
	at org.eclipse.m2e.core.internal.builder.MavenBuilder$BuildMethod.lambda$0(MavenBuilder.java:105)
	at org.eclipse.m2e.core.internal.embedder.MavenExecutionContext.executeBare(MavenExecutionContext.java:182)
	at org.eclipse.m2e.core.internal.embedder.MavenExecutionContext.execute(MavenExecutionContext.java:156)
	at org.eclipse.m2e.core.internal.embedder.MavenExecutionContext.execute(MavenExecutionContext.java:103)
	at org.eclipse.m2e.core.internal.builder.MavenBuilder$BuildMethod.execute(MavenBuilder.java:88)
	at org.eclipse.m2e.core.internal.builder.MavenBuilder.build(MavenBuilder.java:198)
	at org.eclipse.core.internal.events.BuildManager$2.run(BuildManager.java:1024)
	at org.eclipse.core.runtime.SafeRunner.run(SafeRunner.java:45)
	at org.eclipse.core.internal.events.BuildManager.basicBuild(BuildManager.java:254)
	at org.eclipse.core.internal.events.BuildManager.basicBuild(BuildManager.java:311)
	at org.eclipse.core.internal.events.BuildManager$1.run(BuildManager.java:400)
	at org.eclipse.core.runtime.SafeRunner.run(SafeRunner.java:45)
	at org.eclipse.core.internal.events.BuildManager.basicBuild(BuildManager.java:403)
	at org.eclipse.core.internal.events.BuildManager.basicBuildLoop(BuildManager.java:514)
	at org.eclipse.core.internal.events.BuildManager.basicBuildLoop(BuildManager.java:462)
	at org.eclipse.core.internal.events.BuildManager.build(BuildManager.java:544)
	at org.eclipse.core.internal.events.AutoBuildJob.doBuild(AutoBuildJob.java:161)
	at org.eclipse.core.internal.events.AutoBuildJob.run(AutoBuildJob.java:255)
	at org.eclipse.core.internal.jobs.Worker.run(Worker.java:63)
Caused by: com.google.inject.OutOfScopeException: Cannot access Key[type=org.apache.maven.project.MavenProject, annotation=[none]] outside of a scoping block
	at org.apache.maven.execution.scope.internal.MojoExecutionScope$2.get(MojoExecutionScope.java:122)
	at com.google.inject.internal.InternalFactoryToProviderAdapter.get(InternalFactoryToProviderAdapter.java:39)
	at com.google.inject.internal.SingleParameterInjector.inject(SingleParameterInjector.java:42)
	at com.google.inject.internal.SingleParameterInjector.getAll(SingleParameterInjector.java:65)
	at com.google.inject.internal.ConstructorInjector.provision(ConstructorInjector.java:113)
	at com.google.inject.internal.ConstructorInjector.access$000(ConstructorInjector.java:32)
	at com.google.inject.internal.ConstructorInjector$1.call(ConstructorInjector.java:98)
	at com.google.inject.internal.ProvisionListenerStackCallback$Provision.provision(ProvisionListenerStackCallback.java:112)
	at com.google.inject.internal.ProvisionListenerStackCallback$Provision.provision(ProvisionListenerStackCallback.java:127)
	at com.google.inject.internal.ProvisionListenerStackCallback.provision(ProvisionListenerStackCallback.java:66)
	at com.google.inject.internal.ConstructorInjector.construct(ConstructorInjector.java:93)
	at com.google.inject.internal.ConstructorBindingImpl$Factory.get(ConstructorBindingImpl.java:306)
	at com.google.inject.internal.InjectorImpl$1.get(InjectorImpl.java:1050)
	... 47 common frames omitted
2026-08-04 01:10:34,719 [Worker-0: Loading available Gradle versions] INFO  o.e.b.c.i.u.g.PublishedGradleVersions - Gradle version information cache is up-to-date. Trying to read.
2026-08-04 01:10:48,646 [Worker-4: Building] INFO  o.a.m.s.f.DefaultMavenResourcesFiltering - Copying 3 resources from src\main\resources to target\classes
2026-08-04 01:10:48,706 [Worker-4: Building] INFO  o.a.m.s.f.DefaultMavenResourcesFiltering - Copying 3 resources from src\main\resources to target\classes
2026-08-04 01:10:48,723 [Worker-4: Building] INFO  o.a.m.s.f.DefaultMavenResourcesFiltering - Copying 1 resource from src\test\resources to target\test-classes
2026-08-04 01:10:49,428 [Worker-4: Building] WARN  Sisu - Error injecting: org.apache.maven.plugins.jar.JarMojo
com.google.inject.ProvisionException: Unable to provision, see the following errors:

1) Error in custom provider, com.google.inject.OutOfScopeException: Cannot access Key[type=org.apache.maven.project.MavenProject, annotation=[none]] outside of a scoping block
  at org.apache.maven.execution.scope.internal.MojoExecutionScopeModule.configure(MojoExecutionScopeModule.java:55) (via modules: org.eclipse.sisu.wire.WireModule -> org.apache.maven.execution.scope.internal.MojoExecutionScopeModule)
  while locating org.apache.maven.project.MavenProject
    for the 1st parameter of org.apache.maven.plugins.jar.JarMojo.<init>(Unknown Source)
  while locating org.apache.maven.plugins.jar.JarMojo

1 error
	at com.google.inject.internal.InternalProvisionException.toProvisionException(InternalProvisionException.java:226)
	at com.google.inject.internal.InjectorImpl$1.get(InjectorImpl.java:1053)
	at com.google.inject.internal.InjectorImpl.getInstance(InjectorImpl.java:1086)
	at org.eclipse.sisu.space.AbstractDeferredClass.get(AbstractDeferredClass.java:48)
	at com.google.inject.internal.ProviderInternalFactory.provision(ProviderInternalFactory.java:85)
	at com.google.inject.internal.InternalFactoryToInitializableAdapter.provision(InternalFactoryToInitializableAdapter.java:57)
	at com.google.inject.internal.ProviderInternalFactory$1.call(ProviderInternalFactory.java:66)
	at com.google.inject.internal.ProvisionListenerStackCallback$Provision.provision(ProvisionListenerStackCallback.java:112)
	at com.google.inject.internal.ProvisionListenerStackCallback$Provision.provision(ProvisionListenerStackCallback.java:127)
	at com.google.inject.internal.ProvisionListenerStackCallback.provision(ProvisionListenerStackCallback.java:66)
	at com.google.inject.internal.ProviderInternalFactory.circularGet(ProviderInternalFactory.java:61)
	at com.google.inject.internal.InternalFactoryToInitializableAdapter.get(InternalFactoryToInitializableAdapter.java:47)
	at com.google.inject.internal.InjectorImpl$1.get(InjectorImpl.java:1050)
	at org.eclipse.sisu.inject.Guice4$1.get(Guice4.java:162)
	at org.eclipse.sisu.inject.LazyBeanEntry.getValue(LazyBeanEntry.java:81)
	at org.eclipse.sisu.plexus.LazyPlexusBean.getValue(LazyPlexusBean.java:51)
	at org.codehaus.plexus.DefaultPlexusContainer.lookup(DefaultPlexusContainer.java:263)
	at org.codehaus.plexus.DefaultPlexusContainer.lookup(DefaultPlexusContainer.java:255)
	at org.apache.maven.plugin.internal.DefaultMavenPluginManager.getConfiguredMojo(DefaultMavenPluginManager.java:520)
	at org.eclipse.m2e.core.internal.embedder.MavenImpl.getConfiguredMojo(MavenImpl.java:359)
	at org.sonatype.m2e.mavenarchiver.internal.AbstractMavenArchiverConfigurator.reflectManifestGeneration(AbstractMavenArchiverConfigurator.java:469)
	at org.sonatype.m2e.mavenarchiver.internal.AbstractMavenArchiverConfigurator.generateManifest(AbstractMavenArchiverConfigurator.java:422)
	at org.sonatype.m2e.mavenarchiver.internal.AbstractMavenArchiverConfigurator.mavenProjectChanged(AbstractMavenArchiverConfigurator.java:227)
	at org.sonatype.m2e.mavenarchiver.internal.AbstractMavenArchiverConfigurator$1.build(AbstractMavenArchiverConfigurator.java:167)
	at org.eclipse.m2e.core.internal.builder.MavenBuilderImpl.build(MavenBuilderImpl.java:135)
	at org.eclipse.m2e.core.internal.builder.MavenBuilder$1.method(MavenBuilder.java:169)
	at org.eclipse.m2e.core.internal.builder.MavenBuilder$1.method(MavenBuilder.java:1)
	at org.eclipse.m2e.core.internal.builder.MavenBuilder$BuildMethod.lambda$1(MavenBuilder.java:114)
	at org.eclipse.m2e.core.internal.embedder.MavenExecutionContext.executeBare(MavenExecutionContext.java:182)
	at org.eclipse.m2e.core.internal.embedder.MavenExecutionContext.execute(MavenExecutionContext.java:117)
	at org.eclipse.m2e.core.internal.builder.MavenBuilder$BuildMethod.lambda$0(MavenBuilder.java:105)
	at org.eclipse.m2e.core.internal.embedder.MavenExecutionContext.executeBare(MavenExecutionContext.java:182)
	at org.eclipse.m2e.core.internal.embedder.MavenExecutionContext.execute(MavenExecutionContext.java:156)
	at org.eclipse.m2e.core.internal.embedder.MavenExecutionContext.execute(MavenExecutionContext.java:103)
	at org.eclipse.m2e.core.internal.builder.MavenBuilder$BuildMethod.execute(MavenBuilder.java:88)
	at org.eclipse.m2e.core.internal.builder.MavenBuilder.build(MavenBuilder.java:198)
	at org.eclipse.core.internal.events.BuildManager$2.run(BuildManager.java:1024)
	at org.eclipse.core.runtime.SafeRunner.run(SafeRunner.java:45)
	at org.eclipse.core.internal.events.BuildManager.basicBuild(BuildManager.java:254)
	at org.eclipse.core.internal.events.BuildManager.basicBuild(BuildManager.java:311)
	at org.eclipse.core.internal.events.BuildManager$1.run(BuildManager.java:400)
	at org.eclipse.core.runtime.SafeRunner.run(SafeRunner.java:45)
	at org.eclipse.core.internal.events.BuildManager.basicBuild(BuildManager.java:403)
	at org.eclipse.core.internal.events.BuildManager.basicBuildLoop(BuildManager.java:514)
	at org.eclipse.core.internal.events.BuildManager.basicBuildLoop(BuildManager.java:462)
	at org.eclipse.core.internal.events.BuildManager.build(BuildManager.java:544)
	at org.eclipse.core.internal.events.AutoBuildJob.doBuild(AutoBuildJob.java:161)
	at org.eclipse.core.internal.events.AutoBuildJob.run(AutoBuildJob.java:255)
	at org.eclipse.core.internal.jobs.Worker.run(Worker.java:63)
Caused by: com.google.inject.OutOfScopeException: Cannot access Key[type=org.apache.maven.project.MavenProject, annotation=[none]] outside of a scoping block
	at org.apache.maven.execution.scope.internal.MojoExecutionScope$2.get(MojoExecutionScope.java:122)
	at com.google.inject.internal.InternalFactoryToProviderAdapter.get(InternalFactoryToProviderAdapter.java:39)
	at com.google.inject.internal.SingleParameterInjector.inject(SingleParameterInjector.java:42)
	at com.google.inject.internal.SingleParameterInjector.getAll(SingleParameterInjector.java:65)
	at com.google.inject.internal.ConstructorInjector.provision(ConstructorInjector.java:113)
	at com.google.inject.internal.ConstructorInjector.access$000(ConstructorInjector.java:32)
	at com.google.inject.internal.ConstructorInjector$1.call(ConstructorInjector.java:98)
	at com.google.inject.internal.ProvisionListenerStackCallback$Provision.provision(ProvisionListenerStackCallback.java:112)
	at com.google.inject.internal.ProvisionListenerStackCallback$Provision.provision(ProvisionListenerStackCallback.java:127)
	at com.google.inject.internal.ProvisionListenerStackCallback.provision(ProvisionListenerStackCallback.java:66)
	at com.google.inject.internal.ConstructorInjector.construct(ConstructorInjector.java:93)
	at com.google.inject.internal.ConstructorBindingImpl$Factory.get(ConstructorBindingImpl.java:306)
	at com.google.inject.internal.InjectorImpl$1.get(InjectorImpl.java:1050)
	... 47 common frames omitted
2026-08-04 01:11:00,029 [Worker-4: Updating Maven Project] INFO  o.e.m.c.i.p.ProjectConfigurationManager - Update started
2026-08-04 01:11:00,831 [Worker-4: Updating Maven Project] INFO  o.e.m.c.i.l.LifecycleMappingFactory - Using org.eclipse.m2e.jdt.JarLifecycleMapping lifecycle mapping for MavenProject: com.emart:EmartCategoryMaster:0.0.1-SNAPSHOT @ C:\Users\ADMIN\OneDrive\Documents\Final\backend\pom.xml.
2026-08-04 01:11:02,027 [Worker-4: Updating Maven Project] WARN  Sisu - Error injecting: org.apache.maven.plugins.jar.JarMojo
com.google.inject.ProvisionException: Unable to provision, see the following errors:

1) Error in custom provider, com.google.inject.OutOfScopeException: Cannot access Key[type=org.apache.maven.project.MavenProject, annotation=[none]] outside of a scoping block
  at org.apache.maven.execution.scope.internal.MojoExecutionScopeModule.configure(MojoExecutionScopeModule.java:55) (via modules: org.eclipse.sisu.wire.WireModule -> org.apache.maven.execution.scope.internal.MojoExecutionScopeModule)
  while locating org.apache.maven.project.MavenProject
    for the 1st parameter of org.apache.maven.plugins.jar.JarMojo.<init>(Unknown Source)
  while locating org.apache.maven.plugins.jar.JarMojo

1 error
	at com.google.inject.internal.InternalProvisionException.toProvisionException(InternalProvisionException.java:226)
	at com.google.inject.internal.InjectorImpl$1.get(InjectorImpl.java:1053)
	at com.google.inject.internal.InjectorImpl.getInstance(InjectorImpl.java:1086)
	at org.eclipse.sisu.space.AbstractDeferredClass.get(AbstractDeferredClass.java:48)
	at com.google.inject.internal.ProviderInternalFactory.provision(ProviderInternalFactory.java:85)
	at com.google.inject.internal.InternalFactoryToInitializableAdapter.provision(InternalFactoryToInitializableAdapter.java:57)
	at com.google.inject.internal.ProviderInternalFactory$1.call(ProviderInternalFactory.java:66)
	at com.google.inject.internal.ProvisionListenerStackCallback$Provision.provision(ProvisionListenerStackCallback.java:112)
	at com.google.inject.internal.ProvisionListenerStackCallback$Provision.provision(ProvisionListenerStackCallback.java:127)
	at com.google.inject.internal.ProvisionListenerStackCallback.provision(ProvisionListenerStackCallback.java:66)
	at com.google.inject.internal.ProviderInternalFactory.circularGet(ProviderInternalFactory.java:61)
	at com.google.inject.internal.InternalFactoryToInitializableAdapter.get(InternalFactoryToInitializableAdapter.java:47)
	at com.google.inject.internal.InjectorImpl$1.get(InjectorImpl.java:1050)
	at org.eclipse.sisu.inject.Guice4$1.get(Guice4.java:162)
	at org.eclipse.sisu.inject.LazyBeanEntry.getValue(LazyBeanEntry.java:81)
	at org.eclipse.sisu.plexus.LazyPlexusBean.getValue(LazyPlexusBean.java:51)
	at org.codehaus.plexus.DefaultPlexusContainer.lookup(DefaultPlexusContainer.java:263)
	at org.codehaus.plexus.DefaultPlexusContainer.lookup(DefaultPlexusContainer.java:255)
	at org.apache.maven.plugin.internal.DefaultMavenPluginManager.getConfiguredMojo(DefaultMavenPluginManager.java:520)
	at org.eclipse.m2e.core.internal.embedder.MavenImpl.getConfiguredMojo(MavenImpl.java:359)
	at org.sonatype.m2e.mavenarchiver.internal.AbstractMavenArchiverConfigurator.reflectManifestGeneration(AbstractMavenArchiverConfigurator.java:469)
	at org.sonatype.m2e.mavenarchiver.internal.AbstractMavenArchiverConfigurator.generateManifest(AbstractMavenArchiverConfigurator.java:422)
	at org.sonatype.m2e.mavenarchiver.internal.AbstractMavenArchiverConfigurator.mavenProjectChanged(AbstractMavenArchiverConfigurator.java:227)
	at org.sonatype.m2e.mavenarchiver.internal.AbstractMavenArchiverConfigurator.mavenProjectChanged(AbstractMavenArchiverConfigurator.java:215)
	at org.eclipse.m2e.core.internal.project.ProjectConfigurationManager.mavenProjectChanged(ProjectConfigurationManager.java:1056)
	at org.eclipse.m2e.core.internal.project.registry.ProjectRegistryManager.notifyProjectChangeListeners(ProjectRegistryManager.java:806)
	at org.eclipse.m2e.core.internal.project.registry.ProjectRegistryManager.applyMutableProjectRegistry(ProjectRegistryManager.java:972)
	at org.eclipse.m2e.core.internal.project.registry.ProjectRegistryManager.refresh(ProjectRegistryManager.java:305)
	at org.eclipse.m2e.core.internal.project.ProjectConfigurationManager.updateProjectConfiguration0(ProjectConfigurationManager.java:413)
	at org.eclipse.m2e.core.internal.project.ProjectConfigurationManager.lambda$1(ProjectConfigurationManager.java:362)
	at org.eclipse.m2e.core.internal.embedder.MavenExecutionContext.executeBare(MavenExecutionContext.java:182)
	at org.eclipse.m2e.core.internal.embedder.MavenExecutionContext.execute(MavenExecutionContext.java:156)
	at org.eclipse.m2e.core.internal.embedder.MavenExecutionContext.execute(MavenExecutionContext.java:103)
	at org.eclipse.m2e.core.internal.embedder.MavenImpl.execute(MavenImpl.java:1411)
	at org.eclipse.m2e.core.internal.project.ProjectConfigurationManager.updateProjectConfiguration(ProjectConfigurationManager.java:361)
	at org.eclipse.m2e.core.ui.internal.UpdateMavenProjectJob.runInWorkspace(UpdateMavenProjectJob.java:80)
	at org.eclipse.core.internal.resources.InternalWorkspaceJob.run(InternalWorkspaceJob.java:43)
	at org.eclipse.core.internal.jobs.Worker.run(Worker.java:63)
Caused by: com.google.inject.OutOfScopeException: Cannot access Key[type=org.apache.maven.project.MavenProject, annotation=[none]] outside of a scoping block
	at org.apache.maven.execution.scope.internal.MojoExecutionScope$2.get(MojoExecutionScope.java:122)
	at com.google.inject.internal.InternalFactoryToProviderAdapter.get(InternalFactoryToProviderAdapter.java:39)
	at com.google.inject.internal.SingleParameterInjector.inject(SingleParameterInjector.java:42)
	at com.google.inject.internal.SingleParameterInjector.getAll(SingleParameterInjector.java:65)
	at com.google.inject.internal.ConstructorInjector.provision(ConstructorInjector.java:113)
	at com.google.inject.internal.ConstructorInjector.access$000(ConstructorInjector.java:32)
	at com.google.inject.internal.ConstructorInjector$1.call(ConstructorInjector.java:98)
	at com.google.inject.internal.ProvisionListenerStackCallback$Provision.provision(ProvisionListenerStackCallback.java:112)
	at com.google.inject.internal.ProvisionListenerStackCallback$Provision.provision(ProvisionListenerStackCallback.java:127)
	at com.google.inject.internal.ProvisionListenerStackCallback.provision(ProvisionListenerStackCallback.java:66)
	at com.google.inject.internal.ConstructorInjector.construct(ConstructorInjector.java:93)
	at com.google.inject.internal.ConstructorBindingImpl$Factory.get(ConstructorBindingImpl.java:306)
	at com.google.inject.internal.InjectorImpl$1.get(InjectorImpl.java:1050)
	... 36 common frames omitted
2026-08-04 01:11:03,294 [Worker-4: Updating Maven Project] INFO  o.e.m.j.i.AbstractJavaProjectConfigurator - Adding source folder /backend/src/main/java
2026-08-04 01:11:03,295 [Worker-4: Updating Maven Project] INFO  o.e.m.j.i.AbstractJavaProjectConfigurator - Adding resource folder /backend/src/main/resources
2026-08-04 01:11:03,296 [Worker-4: Updating Maven Project] INFO  o.e.m.j.i.AbstractJavaProjectConfigurator - Adding resource folder /backend/src/main/resources
2026-08-04 01:11:03,298 [Worker-4: Updating Maven Project] INFO  o.e.m.j.i.AbstractJavaProjectConfigurator - Adding source folder /backend/src/test/java
2026-08-04 01:11:03,299 [Worker-4: Updating Maven Project] INFO  o.e.m.j.i.AbstractJavaProjectConfigurator - Adding resource folder /backend/src/test/resources
2026-08-04 01:11:04,325 [Worker-4: Updating Maven Project] INFO  o.e.m.c.i.p.ProjectConfigurationManager - Update completed: 4 sec
2026-08-04 01:11:09,518 [Worker-3: Building] INFO  o.a.m.s.f.DefaultMavenResourcesFiltering - Copying 3 resources from src\main\resources to target\classes
2026-08-04 01:11:09,573 [Worker-3: Building] INFO  o.a.m.s.f.DefaultMavenResourcesFiltering - Copying 3 resources from src\main\resources to target\classes
2026-08-04 01:11:09,588 [Worker-3: Building] INFO  o.a.m.s.f.DefaultMavenResourcesFiltering - Copying 1 resource from src\test\resources to target\test-classes
2026-08-04 01:11:09,636 [Worker-3: Building] WARN  Sisu - Error injecting: org.apache.maven.plugins.jar.JarMojo
com.google.inject.ProvisionException: Unable to provision, see the following errors:

1) Error in custom provider, com.google.inject.OutOfScopeException: Cannot access Key[type=org.apache.maven.project.MavenProject, annotation=[none]] outside of a scoping block
  at org.apache.maven.execution.scope.internal.MojoExecutionScopeModule.configure(MojoExecutionScopeModule.java:55) (via modules: org.eclipse.sisu.wire.WireModule -> org.apache.maven.execution.scope.internal.MojoExecutionScopeModule)
  while locating org.apache.maven.project.MavenProject
    for the 1st parameter of org.apache.maven.plugins.jar.JarMojo.<init>(Unknown Source)
  while locating org.apache.maven.plugins.jar.JarMojo

1 error
	at com.google.inject.internal.InternalProvisionException.toProvisionException(InternalProvisionException.java:226)
	at com.google.inject.internal.InjectorImpl$1.get(InjectorImpl.java:1053)
	at com.google.inject.internal.InjectorImpl.getInstance(InjectorImpl.java:1086)
	at org.eclipse.sisu.space.AbstractDeferredClass.get(AbstractDeferredClass.java:48)
	at com.google.inject.internal.ProviderInternalFactory.provision(ProviderInternalFactory.java:85)
	at com.google.inject.internal.InternalFactoryToInitializableAdapter.provision(InternalFactoryToInitializableAdapter.java:57)
	at com.google.inject.internal.ProviderInternalFactory$1.call(ProviderInternalFactory.java:66)
	at com.google.inject.internal.ProvisionListenerStackCallback$Provision.provision(ProvisionListenerStackCallback.java:112)
	at com.google.inject.internal.ProvisionListenerStackCallback$Provision.provision(ProvisionListenerStackCallback.java:127)
	at com.google.inject.internal.ProvisionListenerStackCallback.provision(ProvisionListenerStackCallback.java:66)
	at com.google.inject.internal.ProviderInternalFactory.circularGet(ProviderInternalFactory.java:61)
	at com.google.inject.internal.InternalFactoryToInitializableAdapter.get(InternalFactoryToInitializableAdapter.java:47)
	at com.google.inject.internal.InjectorImpl$1.get(InjectorImpl.java:1050)
	at org.eclipse.sisu.inject.Guice4$1.get(Guice4.java:162)
	at org.eclipse.sisu.inject.LazyBeanEntry.getValue(LazyBeanEntry.java:81)
	at org.eclipse.sisu.plexus.LazyPlexusBean.getValue(LazyPlexusBean.java:51)
	at org.codehaus.plexus.DefaultPlexusContainer.lookup(DefaultPlexusContainer.java:263)
	at org.codehaus.plexus.DefaultPlexusContainer.lookup(DefaultPlexusContainer.java:255)
	at org.apache.maven.plugin.internal.DefaultMavenPluginManager.getConfiguredMojo(DefaultMavenPluginManager.java:520)
	at org.eclipse.m2e.core.internal.embedder.MavenImpl.getConfiguredMojo(MavenImpl.java:359)
	at org.sonatype.m2e.mavenarchiver.internal.AbstractMavenArchiverConfigurator.reflectManifestGeneration(AbstractMavenArchiverConfigurator.java:469)
	at org.sonatype.m2e.mavenarchiver.internal.AbstractMavenArchiverConfigurator.generateManifest(AbstractMavenArchiverConfigurator.java:422)
	at org.sonatype.m2e.mavenarchiver.internal.AbstractMavenArchiverConfigurator.mavenProjectChanged(AbstractMavenArchiverConfigurator.java:227)
	at org.sonatype.m2e.mavenarchiver.internal.AbstractMavenArchiverConfigurator$1.build(AbstractMavenArchiverConfigurator.java:167)
	at org.eclipse.m2e.core.internal.builder.MavenBuilderImpl.build(MavenBuilderImpl.java:135)
	at org.eclipse.m2e.core.internal.builder.MavenBuilder$1.method(MavenBuilder.java:169)
	at org.eclipse.m2e.core.internal.builder.MavenBuilder$1.method(MavenBuilder.java:1)
	at org.eclipse.m2e.core.internal.builder.MavenBuilder$BuildMethod.lambda$1(MavenBuilder.java:114)
	at org.eclipse.m2e.core.internal.embedder.MavenExecutionContext.executeBare(MavenExecutionContext.java:182)
	at org.eclipse.m2e.core.internal.embedder.MavenExecutionContext.execute(MavenExecutionContext.java:117)
	at org.eclipse.m2e.core.internal.builder.MavenBuilder$BuildMethod.lambda$0(MavenBuilder.java:105)
	at org.eclipse.m2e.core.internal.embedder.MavenExecutionContext.executeBare(MavenExecutionContext.java:182)
	at org.eclipse.m2e.core.internal.embedder.MavenExecutionContext.execute(MavenExecutionContext.java:156)
	at org.eclipse.m2e.core.internal.embedder.MavenExecutionContext.execute(MavenExecutionContext.java:103)
	at org.eclipse.m2e.core.internal.builder.MavenBuilder$BuildMethod.execute(MavenBuilder.java:88)
	at org.eclipse.m2e.core.internal.builder.MavenBuilder.build(MavenBuilder.java:198)
	at org.eclipse.core.internal.events.BuildManager$2.run(BuildManager.java:1024)
	at org.eclipse.core.runtime.SafeRunner.run(SafeRunner.java:45)
	at org.eclipse.core.internal.events.BuildManager.basicBuild(BuildManager.java:254)
	at org.eclipse.core.internal.events.BuildManager.basicBuild(BuildManager.java:311)
	at org.eclipse.core.internal.events.BuildManager$1.run(BuildManager.java:400)
	at org.eclipse.core.runtime.SafeRunner.run(SafeRunner.java:45)
	at org.eclipse.core.internal.events.BuildManager.basicBuild(BuildManager.java:403)
	at org.eclipse.core.internal.events.BuildManager.basicBuildLoop(BuildManager.java:514)
	at org.eclipse.core.internal.events.BuildManager.basicBuildLoop(BuildManager.java:462)
	at org.eclipse.core.internal.events.BuildManager.build(BuildManager.java:544)
	at org.eclipse.core.internal.events.AutoBuildJob.doBuild(AutoBuildJob.java:161)
	at org.eclipse.core.internal.events.AutoBuildJob.run(AutoBuildJob.java:255)
	at org.eclipse.core.internal.jobs.Worker.run(Worker.java:63)
Caused by: com.google.inject.OutOfScopeException: Cannot access Key[type=org.apache.maven.project.MavenProject, annotation=[none]] outside of a scoping block
	at org.apache.maven.execution.scope.internal.MojoExecutionScope$2.get(MojoExecutionScope.java:122)
	at com.google.inject.internal.InternalFactoryToProviderAdapter.get(InternalFactoryToProviderAdapter.java:39)
	at com.google.inject.internal.SingleParameterInjector.inject(SingleParameterInjector.java:42)
	at com.google.inject.internal.SingleParameterInjector.getAll(SingleParameterInjector.java:65)
	at com.google.inject.internal.ConstructorInjector.provision(ConstructorInjector.java:113)
	at com.google.inject.internal.ConstructorInjector.access$000(ConstructorInjector.java:32)
	at com.google.inject.internal.ConstructorInjector$1.call(ConstructorInjector.java:98)
	at com.google.inject.internal.ProvisionListenerStackCallback$Provision.provision(ProvisionListenerStackCallback.java:112)
	at com.google.inject.internal.ProvisionListenerStackCallback$Provision.provision(ProvisionListenerStackCallback.java:127)
	at com.google.inject.internal.ProvisionListenerStackCallback.provision(ProvisionListenerStackCallback.java:66)
	at com.google.inject.internal.ConstructorInjector.construct(ConstructorInjector.java:93)
	at com.google.inject.internal.ConstructorBindingImpl$Factory.get(ConstructorBindingImpl.java:306)
	at com.google.inject.internal.InjectorImpl$1.get(InjectorImpl.java:1050)
	... 47 common frames omitted
2026-08-04 01:11:15,010 [Worker-6: Building] INFO  o.a.m.s.f.DefaultMavenResourcesFiltering - Copying 3 resources from src\main\resources to target\classes
2026-08-04 01:11:15,022 [Worker-6: Building] INFO  o.a.m.s.f.DefaultMavenResourcesFiltering - Copying 3 resources from src\main\resources to target\classes
2026-08-04 01:11:15,033 [Worker-6: Building] INFO  o.a.m.s.f.DefaultMavenResourcesFiltering - Copying 1 resource from src\test\resources to target\test-classes
2026-08-04 01:11:15,052 [Worker-6: Building] WARN  Sisu - Error injecting: org.apache.maven.plugins.jar.JarMojo
com.google.inject.ProvisionException: Unable to provision, see the following errors:

1) Error in custom provider, com.google.inject.OutOfScopeException: Cannot access Key[type=org.apache.maven.project.MavenProject, annotation=[none]] outside of a scoping block
  at org.apache.maven.execution.scope.internal.MojoExecutionScopeModule.configure(MojoExecutionScopeModule.java:55) (via modules: org.eclipse.sisu.wire.WireModule -> org.apache.maven.execution.scope.internal.MojoExecutionScopeModule)
  while locating org.apache.maven.project.MavenProject
    for the 1st parameter of org.apache.maven.plugins.jar.JarMojo.<init>(Unknown Source)
  while locating org.apache.maven.plugins.jar.JarMojo

1 error
	at com.google.inject.internal.InternalProvisionException.toProvisionException(InternalProvisionException.java:226)
	at com.google.inject.internal.InjectorImpl$1.get(InjectorImpl.java:1053)
	at com.google.inject.internal.InjectorImpl.getInstance(InjectorImpl.java:1086)
	at org.eclipse.sisu.space.AbstractDeferredClass.get(AbstractDeferredClass.java:48)
	at com.google.inject.internal.ProviderInternalFactory.provision(ProviderInternalFactory.java:85)
	at com.google.inject.internal.InternalFactoryToInitializableAdapter.provision(InternalFactoryToInitializableAdapter.java:57)
	at com.google.inject.internal.ProviderInternalFactory$1.call(ProviderInternalFactory.java:66)
	at com.google.inject.internal.ProvisionListenerStackCallback$Provision.provision(ProvisionListenerStackCallback.java:112)
	at com.google.inject.internal.ProvisionListenerStackCallback$Provision.provision(ProvisionListenerStackCallback.java:127)
	at com.google.inject.internal.ProvisionListenerStackCallback.provision(ProvisionListenerStackCallback.java:66)
	at com.google.inject.internal.ProviderInternalFactory.circularGet(ProviderInternalFactory.java:61)
	at com.google.inject.internal.InternalFactoryToInitializableAdapter.get(InternalFactoryToInitializableAdapter.java:47)
	at com.google.inject.internal.InjectorImpl$1.get(InjectorImpl.java:1050)
	at org.eclipse.sisu.inject.Guice4$1.get(Guice4.java:162)
	at org.eclipse.sisu.inject.LazyBeanEntry.getValue(LazyBeanEntry.java:81)
	at org.eclipse.sisu.plexus.LazyPlexusBean.getValue(LazyPlexusBean.java:51)
	at org.codehaus.plexus.DefaultPlexusContainer.lookup(DefaultPlexusContainer.java:263)
	at org.codehaus.plexus.DefaultPlexusContainer.lookup(DefaultPlexusContainer.java:255)
	at org.apache.maven.plugin.internal.DefaultMavenPluginManager.getConfiguredMojo(DefaultMavenPluginManager.java:520)
	at org.eclipse.m2e.core.internal.embedder.MavenImpl.getConfiguredMojo(MavenImpl.java:359)
	at org.sonatype.m2e.mavenarchiver.internal.AbstractMavenArchiverConfigurator.reflectManifestGeneration(AbstractMavenArchiverConfigurator.java:469)
	at org.sonatype.m2e.mavenarchiver.internal.AbstractMavenArchiverConfigurator.generateManifest(AbstractMavenArchiverConfigurator.java:422)
	at org.sonatype.m2e.mavenarchiver.internal.AbstractMavenArchiverConfigurator.mavenProjectChanged(AbstractMavenArchiverConfigurator.java:227)
	at org.sonatype.m2e.mavenarchiver.internal.AbstractMavenArchiverConfigurator$1.build(AbstractMavenArchiverConfigurator.java:167)
	at org.eclipse.m2e.core.internal.builder.MavenBuilderImpl.build(MavenBuilderImpl.java:135)
	at org.eclipse.m2e.core.internal.builder.MavenBuilder$1.method(MavenBuilder.java:169)
	at org.eclipse.m2e.core.internal.builder.MavenBuilder$1.method(MavenBuilder.java:1)
	at org.eclipse.m2e.core.internal.builder.MavenBuilder$BuildMethod.lambda$1(MavenBuilder.java:114)
	at org.eclipse.m2e.core.internal.embedder.MavenExecutionContext.executeBare(MavenExecutionContext.java:182)
	at org.eclipse.m2e.core.internal.embedder.MavenExecutionContext.execute(MavenExecutionContext.java:117)
	at org.eclipse.m2e.core.internal.builder.MavenBuilder$BuildMethod.lambda$0(MavenBuilder.java:105)
	at org.eclipse.m2e.core.internal.embedder.MavenExecutionContext.executeBare(MavenExecutionContext.java:182)
	at org.eclipse.m2e.core.internal.embedder.MavenExecutionContext.execute(MavenExecutionContext.java:156)
	at org.eclipse.m2e.core.internal.embedder.MavenExecutionContext.execute(MavenExecutionContext.java:103)
	at org.eclipse.m2e.core.internal.builder.MavenBuilder$BuildMethod.execute(MavenBuilder.java:88)
	at org.eclipse.m2e.core.internal.builder.MavenBuilder.build(MavenBuilder.java:198)
	at org.eclipse.core.internal.events.BuildManager$2.run(BuildManager.java:1024)
	at org.eclipse.core.runtime.SafeRunner.run(SafeRunner.java:45)
	at org.eclipse.core.internal.events.BuildManager.basicBuild(BuildManager.java:254)
	at org.eclipse.core.internal.events.BuildManager.basicBuild(BuildManager.java:311)
	at org.eclipse.core.internal.events.BuildManager$1.run(BuildManager.java:400)
	at org.eclipse.core.runtime.SafeRunner.run(SafeRunner.java:45)
	at org.eclipse.core.internal.events.BuildManager.basicBuild(BuildManager.java:403)
	at org.eclipse.core.internal.events.BuildManager.basicBuildLoop(BuildManager.java:514)
	at org.eclipse.core.internal.events.BuildManager.basicBuildLoop(BuildManager.java:462)
	at org.eclipse.core.internal.events.BuildManager.build(BuildManager.java:544)
	at org.eclipse.core.internal.events.AutoBuildJob.doBuild(AutoBuildJob.java:161)
	at org.eclipse.core.internal.events.AutoBuildJob.run(AutoBuildJob.java:255)
	at org.eclipse.core.internal.jobs.Worker.run(Worker.java:63)
Caused by: com.google.inject.OutOfScopeException: Cannot access Key[type=org.apache.maven.project.MavenProject, annotation=[none]] outside of a scoping block
	at org.apache.maven.execution.scope.internal.MojoExecutionScope$2.get(MojoExecutionScope.java:122)
	at com.google.inject.internal.InternalFactoryToProviderAdapter.get(InternalFactoryToProviderAdapter.java:39)
	at com.google.inject.internal.SingleParameterInjector.inject(SingleParameterInjector.java:42)
	at com.google.inject.internal.SingleParameterInjector.getAll(SingleParameterInjector.java:65)
	at com.google.inject.internal.ConstructorInjector.provision(ConstructorInjector.java:113)
	at com.google.inject.internal.ConstructorInjector.access$000(ConstructorInjector.java:32)
	at com.google.inject.internal.ConstructorInjector$1.call(ConstructorInjector.java:98)
	at com.google.inject.internal.ProvisionListenerStackCallback$Provision.provision(ProvisionListenerStackCallback.java:112)
	at com.google.inject.internal.ProvisionListenerStackCallback$Provision.provision(ProvisionListenerStackCallback.java:127)
	at com.google.inject.internal.ProvisionListenerStackCallback.provision(ProvisionListenerStackCallback.java:66)
	at com.google.inject.internal.ConstructorInjector.construct(ConstructorInjector.java:93)
	at com.google.inject.internal.ConstructorBindingImpl$Factory.get(ConstructorBindingImpl.java:306)
	at com.google.inject.internal.InjectorImpl$1.get(InjectorImpl.java:1050)
	... 47 common frames omitted
2026-08-04 01:21:23,504 [Worker-5: Building] INFO  o.a.m.s.f.DefaultMavenResourcesFiltering - Copying 0 resource from src\main\resources to target\classes
2026-08-04 01:21:23,512 [Worker-5: Building] INFO  o.a.m.s.f.DefaultMavenResourcesFiltering - Copying 0 resource from src\main\resources to target\classes
2026-08-04 01:21:23,521 [Worker-5: Building] INFO  o.a.m.s.f.DefaultMavenResourcesFiltering - Copying 0 resource from src\test\resources to target\test-classes
2026-08-04 01:21:23,554 [Worker-5: Building] WARN  Sisu - Error injecting: org.apache.maven.plugins.jar.JarMojo
com.google.inject.ProvisionException: Unable to provision, see the following errors:

1) Error in custom provider, com.google.inject.OutOfScopeException: Cannot access Key[type=org.apache.maven.project.MavenProject, annotation=[none]] outside of a scoping block
  at org.apache.maven.execution.scope.internal.MojoExecutionScopeModule.configure(MojoExecutionScopeModule.java:55) (via modules: org.eclipse.sisu.wire.WireModule -> org.apache.maven.execution.scope.internal.MojoExecutionScopeModule)
  while locating org.apache.maven.project.MavenProject
    for the 1st parameter of org.apache.maven.plugins.jar.JarMojo.<init>(Unknown Source)
  while locating org.apache.maven.plugins.jar.JarMojo

1 error
	at com.google.inject.internal.InternalProvisionException.toProvisionException(InternalProvisionException.java:226)
	at com.google.inject.internal.InjectorImpl$1.get(InjectorImpl.java:1053)
	at com.google.inject.internal.InjectorImpl.getInstance(InjectorImpl.java:1086)
	at org.eclipse.sisu.space.AbstractDeferredClass.get(AbstractDeferredClass.java:48)
	at com.google.inject.internal.ProviderInternalFactory.provision(ProviderInternalFactory.java:85)
	at com.google.inject.internal.InternalFactoryToInitializableAdapter.provision(InternalFactoryToInitializableAdapter.java:57)
	at com.google.inject.internal.ProviderInternalFactory$1.call(ProviderInternalFactory.java:66)
	at com.google.inject.internal.ProvisionListenerStackCallback$Provision.provision(ProvisionListenerStackCallback.java:112)
	at com.google.inject.internal.ProvisionListenerStackCallback$Provision.provision(ProvisionListenerStackCallback.java:127)
	at com.google.inject.internal.ProvisionListenerStackCallback.provision(ProvisionListenerStackCallback.java:66)
	at com.google.inject.internal.ProviderInternalFactory.circularGet(ProviderInternalFactory.java:61)
	at com.google.inject.internal.InternalFactoryToInitializableAdapter.get(InternalFactoryToInitializableAdapter.java:47)
	at com.google.inject.internal.InjectorImpl$1.get(InjectorImpl.java:1050)
	at org.eclipse.sisu.inject.Guice4$1.get(Guice4.java:162)
	at org.eclipse.sisu.inject.LazyBeanEntry.getValue(LazyBeanEntry.java:81)
	at org.eclipse.sisu.plexus.LazyPlexusBean.getValue(LazyPlexusBean.java:51)
	at org.codehaus.plexus.DefaultPlexusContainer.lookup(DefaultPlexusContainer.java:263)
	at org.codehaus.plexus.DefaultPlexusContainer.lookup(DefaultPlexusContainer.java:255)
	at org.apache.maven.plugin.internal.DefaultMavenPluginManager.getConfiguredMojo(DefaultMavenPluginManager.java:520)
	at org.eclipse.m2e.core.internal.embedder.MavenImpl.getConfiguredMojo(MavenImpl.java:359)
	at org.sonatype.m2e.mavenarchiver.internal.AbstractMavenArchiverConfigurator.reflectManifestGeneration(AbstractMavenArchiverConfigurator.java:469)
	at org.sonatype.m2e.mavenarchiver.internal.AbstractMavenArchiverConfigurator.generateManifest(AbstractMavenArchiverConfigurator.java:422)
	at org.sonatype.m2e.mavenarchiver.internal.AbstractMavenArchiverConfigurator.mavenProjectChanged(AbstractMavenArchiverConfigurator.java:227)
	at org.sonatype.m2e.mavenarchiver.internal.AbstractMavenArchiverConfigurator$1.build(AbstractMavenArchiverConfigurator.java:167)
	at org.eclipse.m2e.core.internal.builder.MavenBuilderImpl.build(MavenBuilderImpl.java:135)
	at org.eclipse.m2e.core.internal.builder.MavenBuilder$1.method(MavenBuilder.java:169)
	at org.eclipse.m2e.core.internal.builder.MavenBuilder$1.method(MavenBuilder.java:1)
	at org.eclipse.m2e.core.internal.builder.MavenBuilder$BuildMethod.lambda$1(MavenBuilder.java:114)
	at org.eclipse.m2e.core.internal.embedder.MavenExecutionContext.executeBare(MavenExecutionContext.java:182)
	at org.eclipse.m2e.core.internal.embedder.MavenExecutionContext.execute(MavenExecutionContext.java:117)
	at org.eclipse.m2e.core.internal.builder.MavenBuilder$BuildMethod.lambda$0(MavenBuilder.java:105)
	at org.eclipse.m2e.core.internal.embedder.MavenExecutionContext.executeBare(MavenExecutionContext.java:182)
	at org.eclipse.m2e.core.internal.embedder.MavenExecutionContext.execute(MavenExecutionContext.java:156)
	at org.eclipse.m2e.core.internal.embedder.MavenExecutionContext.execute(MavenExecutionContext.java:103)
	at org.eclipse.m2e.core.internal.builder.MavenBuilder$BuildMethod.execute(MavenBuilder.java:88)
	at org.eclipse.m2e.core.internal.builder.MavenBuilder.build(MavenBuilder.java:198)
	at org.eclipse.core.internal.events.BuildManager$2.run(BuildManager.java:1024)
	at org.eclipse.core.runtime.SafeRunner.run(SafeRunner.java:45)
	at org.eclipse.core.internal.events.BuildManager.basicBuild(BuildManager.java:254)
	at org.eclipse.core.internal.events.BuildManager.basicBuild(BuildManager.java:311)
	at org.eclipse.core.internal.events.BuildManager$1.run(BuildManager.java:400)
	at org.eclipse.core.runtime.SafeRunner.run(SafeRunner.java:45)
	at org.eclipse.core.internal.events.BuildManager.basicBuild(BuildManager.java:403)
	at org.eclipse.core.internal.events.BuildManager.basicBuildLoop(BuildManager.java:514)
	at org.eclipse.core.internal.events.BuildManager.basicBuildLoop(BuildManager.java:462)
	at org.eclipse.core.internal.events.BuildManager.build(BuildManager.java:544)
	at org.eclipse.core.internal.events.AutoBuildJob.doBuild(AutoBuildJob.java:161)
	at org.eclipse.core.internal.events.AutoBuildJob.run(AutoBuildJob.java:255)
	at org.eclipse.core.internal.jobs.Worker.run(Worker.java:63)
Caused by: com.google.inject.OutOfScopeException: Cannot access Key[type=org.apache.maven.project.MavenProject, annotation=[none]] outside of a scoping block
	at org.apache.maven.execution.scope.internal.MojoExecutionScope$2.get(MojoExecutionScope.java:122)
	at com.google.inject.internal.InternalFactoryToProviderAdapter.get(InternalFactoryToProviderAdapter.java:39)
	at com.google.inject.internal.SingleParameterInjector.inject(SingleParameterInjector.java:42)
	at com.google.inject.internal.SingleParameterInjector.getAll(SingleParameterInjector.java:65)
	at com.google.inject.internal.ConstructorInjector.provision(ConstructorInjector.java:113)
	at com.google.inject.internal.ConstructorInjector.access$000(ConstructorInjector.java:32)
	at com.google.inject.internal.ConstructorInjector$1.call(ConstructorInjector.java:98)
	at com.google.inject.internal.ProvisionListenerStackCallback$Provision.provision(ProvisionListenerStackCallback.java:112)
	at com.google.inject.internal.ProvisionListenerStackCallback$Provision.provision(ProvisionListenerStackCallback.java:127)
	at com.google.inject.internal.ProvisionListenerStackCallback.provision(ProvisionListenerStackCallback.java:66)
	at com.google.inject.internal.ConstructorInjector.construct(ConstructorInjector.java:93)
	at com.google.inject.internal.ConstructorBindingImpl$Factory.get(ConstructorBindingImpl.java:306)
	at com.google.inject.internal.InjectorImpl$1.get(InjectorImpl.java:1050)
	... 47 common frames omitted
2026-08-04 01:21:33,953 [Worker-8: Updating Maven Project] INFO  o.e.m.c.i.p.ProjectConfigurationManager - Update started
2026-08-04 01:21:34,927 [Worker-8: Updating Maven Project] INFO  o.e.m.c.i.l.LifecycleMappingFactory - Using org.eclipse.m2e.jdt.JarLifecycleMapping lifecycle mapping for MavenProject: com.emart:EmartCategoryMaster:0.0.1-SNAPSHOT @ C:\Users\ADMIN\OneDrive\Documents\Final\backend\pom.xml.
2026-08-04 01:21:36,149 [Worker-8: Updating Maven Project] WARN  Sisu - Error injecting: org.apache.maven.plugins.jar.JarMojo
com.google.inject.ProvisionException: Unable to provision, see the following errors:

1) Error in custom provider, com.google.inject.OutOfScopeException: Cannot access Key[type=org.apache.maven.project.MavenProject, annotation=[none]] outside of a scoping block
  at org.apache.maven.execution.scope.internal.MojoExecutionScopeModule.configure(MojoExecutionScopeModule.java:55) (via modules: org.eclipse.sisu.wire.WireModule -> org.apache.maven.execution.scope.internal.MojoExecutionScopeModule)
  while locating org.apache.maven.project.MavenProject
    for the 1st parameter of org.apache.maven.plugins.jar.JarMojo.<init>(Unknown Source)
  while locating org.apache.maven.plugins.jar.JarMojo

1 error
	at com.google.inject.internal.InternalProvisionException.toProvisionException(InternalProvisionException.java:226)
	at com.google.inject.internal.InjectorImpl$1.get(InjectorImpl.java:1053)
	at com.google.inject.internal.InjectorImpl.getInstance(InjectorImpl.java:1086)
	at org.eclipse.sisu.space.AbstractDeferredClass.get(AbstractDeferredClass.java:48)
	at com.google.inject.internal.ProviderInternalFactory.provision(ProviderInternalFactory.java:85)
	at com.google.inject.internal.InternalFactoryToInitializableAdapter.provision(InternalFactoryToInitializableAdapter.java:57)
	at com.google.inject.internal.ProviderInternalFactory$1.call(ProviderInternalFactory.java:66)
	at com.google.inject.internal.ProvisionListenerStackCallback$Provision.provision(ProvisionListenerStackCallback.java:112)
	at com.google.inject.internal.ProvisionListenerStackCallback$Provision.provision(ProvisionListenerStackCallback.java:127)
	at com.google.inject.internal.ProvisionListenerStackCallback.provision(ProvisionListenerStackCallback.java:66)
	at com.google.inject.internal.ProviderInternalFactory.circularGet(ProviderInternalFactory.java:61)
	at com.google.inject.internal.InternalFactoryToInitializableAdapter.get(InternalFactoryToInitializableAdapter.java:47)
	at com.google.inject.internal.InjectorImpl$1.get(InjectorImpl.java:1050)
	at org.eclipse.sisu.inject.Guice4$1.get(Guice4.java:162)
	at org.eclipse.sisu.inject.LazyBeanEntry.getValue(LazyBeanEntry.java:81)
	at org.eclipse.sisu.plexus.LazyPlexusBean.getValue(LazyPlexusBean.java:51)
	at org.codehaus.plexus.DefaultPlexusContainer.lookup(DefaultPlexusContainer.java:263)
	at org.codehaus.plexus.DefaultPlexusContainer.lookup(DefaultPlexusContainer.java:255)
	at org.apache.maven.plugin.internal.DefaultMavenPluginManager.getConfiguredMojo(DefaultMavenPluginManager.java:520)
	at org.eclipse.m2e.core.internal.embedder.MavenImpl.getConfiguredMojo(MavenImpl.java:359)
	at org.sonatype.m2e.mavenarchiver.internal.AbstractMavenArchiverConfigurator.reflectManifestGeneration(AbstractMavenArchiverConfigurator.java:469)
	at org.sonatype.m2e.mavenarchiver.internal.AbstractMavenArchiverConfigurator.generateManifest(AbstractMavenArchiverConfigurator.java:422)
	at org.sonatype.m2e.mavenarchiver.internal.AbstractMavenArchiverConfigurator.mavenProjectChanged(AbstractMavenArchiverConfigurator.java:227)
	at org.sonatype.m2e.mavenarchiver.internal.AbstractMavenArchiverConfigurator.mavenProjectChanged(AbstractMavenArchiverConfigurator.java:215)
	at org.eclipse.m2e.core.internal.project.ProjectConfigurationManager.mavenProjectChanged(ProjectConfigurationManager.java:1056)
	at org.eclipse.m2e.core.internal.project.registry.ProjectRegistryManager.notifyProjectChangeListeners(ProjectRegistryManager.java:806)
	at org.eclipse.m2e.core.internal.project.registry.ProjectRegistryManager.applyMutableProjectRegistry(ProjectRegistryManager.java:972)
	at org.eclipse.m2e.core.internal.project.registry.ProjectRegistryManager.refresh(ProjectRegistryManager.java:305)
	at org.eclipse.m2e.core.internal.project.ProjectConfigurationManager.updateProjectConfiguration0(ProjectConfigurationManager.java:413)
	at org.eclipse.m2e.core.internal.project.ProjectConfigurationManager.lambda$1(ProjectConfigurationManager.java:362)
	at org.eclipse.m2e.core.internal.embedder.MavenExecutionContext.executeBare(MavenExecutionContext.java:182)
	at org.eclipse.m2e.core.internal.embedder.MavenExecutionContext.execute(MavenExecutionContext.java:156)
	at org.eclipse.m2e.core.internal.embedder.MavenExecutionContext.execute(MavenExecutionContext.java:103)
	at org.eclipse.m2e.core.internal.embedder.MavenImpl.execute(MavenImpl.java:1411)
	at org.eclipse.m2e.core.internal.project.ProjectConfigurationManager.updateProjectConfiguration(ProjectConfigurationManager.java:361)
	at org.eclipse.m2e.core.ui.internal.UpdateMavenProjectJob.runInWorkspace(UpdateMavenProjectJob.java:80)
	at org.eclipse.core.internal.resources.InternalWorkspaceJob.run(InternalWorkspaceJob.java:43)
	at org.eclipse.core.internal.jobs.Worker.run(Worker.java:63)
Caused by: com.google.inject.OutOfScopeException: Cannot access Key[type=org.apache.maven.project.MavenProject, annotation=[none]] outside of a scoping block
	at org.apache.maven.execution.scope.internal.MojoExecutionScope$2.get(MojoExecutionScope.java:122)
	at com.google.inject.internal.InternalFactoryToProviderAdapter.get(InternalFactoryToProviderAdapter.java:39)
	at com.google.inject.internal.SingleParameterInjector.inject(SingleParameterInjector.java:42)
	at com.google.inject.internal.SingleParameterInjector.getAll(SingleParameterInjector.java:65)
	at com.google.inject.internal.ConstructorInjector.provision(ConstructorInjector.java:113)
	at com.google.inject.internal.ConstructorInjector.access$000(ConstructorInjector.java:32)
	at com.google.inject.internal.ConstructorInjector$1.call(ConstructorInjector.java:98)
	at com.google.inject.internal.ProvisionListenerStackCallback$Provision.provision(ProvisionListenerStackCallback.java:112)
	at com.google.inject.internal.ProvisionListenerStackCallback$Provision.provision(ProvisionListenerStackCallback.java:127)
	at com.google.inject.internal.ProvisionListenerStackCallback.provision(ProvisionListenerStackCallback.java:66)
	at com.google.inject.internal.ConstructorInjector.construct(ConstructorInjector.java:93)
	at com.google.inject.internal.ConstructorBindingImpl$Factory.get(ConstructorBindingImpl.java:306)
	at com.google.inject.internal.InjectorImpl$1.get(InjectorImpl.java:1050)
	... 36 common frames omitted
2026-08-04 01:21:37,395 [Worker-8: Updating Maven Project] INFO  o.e.m.j.i.AbstractJavaProjectConfigurator - Adding source folder /backend/src/main/java
2026-08-04 01:21:37,395 [Worker-8: Updating Maven Project] INFO  o.e.m.j.i.AbstractJavaProjectConfigurator - Adding resource folder /backend/src/main/resources
2026-08-04 01:21:37,397 [Worker-8: Updating Maven Project] INFO  o.e.m.j.i.AbstractJavaProjectConfigurator - Adding resource folder /backend/src/main/resources
2026-08-04 01:21:37,399 [Worker-8: Updating Maven Project] INFO  o.e.m.j.i.AbstractJavaProjectConfigurator - Adding source folder /backend/src/test/java
2026-08-04 01:21:37,400 [Worker-8: Updating Maven Project] INFO  o.e.m.j.i.AbstractJavaProjectConfigurator - Adding resource folder /backend/src/test/resources
2026-08-04 01:21:38,635 [Worker-8: Updating Maven Project] INFO  o.e.m.c.i.p.ProjectConfigurationManager - Update completed: 4 sec
2026-08-04 01:21:42,481 [Worker-7: Building] INFO  o.a.m.s.f.DefaultMavenResourcesFiltering - Copying 3 resources from src\main\resources to target\classes
2026-08-04 01:21:42,525 [Worker-7: Building] INFO  o.a.m.s.f.DefaultMavenResourcesFiltering - Copying 3 resources from src\main\resources to target\classes
2026-08-04 01:21:42,541 [Worker-7: Building] INFO  o.a.m.s.f.DefaultMavenResourcesFiltering - Copying 1 resource from src\test\resources to target\test-classes
2026-08-04 01:21:42,567 [Worker-7: Building] WARN  Sisu - Error injecting: org.apache.maven.plugins.jar.JarMojo
com.google.inject.ProvisionException: Unable to provision, see the following errors:

1) Error in custom provider, com.google.inject.OutOfScopeException: Cannot access Key[type=org.apache.maven.project.MavenProject, annotation=[none]] outside of a scoping block
  at org.apache.maven.execution.scope.internal.MojoExecutionScopeModule.configure(MojoExecutionScopeModule.java:55) (via modules: org.eclipse.sisu.wire.WireModule -> org.apache.maven.execution.scope.internal.MojoExecutionScopeModule)
  while locating org.apache.maven.project.MavenProject
    for the 1st parameter of org.apache.maven.plugins.jar.JarMojo.<init>(Unknown Source)
  while locating org.apache.maven.plugins.jar.JarMojo

1 error
	at com.google.inject.internal.InternalProvisionException.toProvisionException(InternalProvisionException.java:226)
	at com.google.inject.internal.InjectorImpl$1.get(InjectorImpl.java:1053)
	at com.google.inject.internal.InjectorImpl.getInstance(InjectorImpl.java:1086)
	at org.eclipse.sisu.space.AbstractDeferredClass.get(AbstractDeferredClass.java:48)
	at com.google.inject.internal.ProviderInternalFactory.provision(ProviderInternalFactory.java:85)
	at com.google.inject.internal.InternalFactoryToInitializableAdapter.provision(InternalFactoryToInitializableAdapter.java:57)
	at com.google.inject.internal.ProviderInternalFactory$1.call(ProviderInternalFactory.java:66)
	at com.google.inject.internal.ProvisionListenerStackCallback$Provision.provision(ProvisionListenerStackCallback.java:112)
	at com.google.inject.internal.ProvisionListenerStackCallback$Provision.provision(ProvisionListenerStackCallback.java:127)
	at com.google.inject.internal.ProvisionListenerStackCallback.provision(ProvisionListenerStackCallback.java:66)
	at com.google.inject.internal.ProviderInternalFactory.circularGet(ProviderInternalFactory.java:61)
	at com.google.inject.internal.InternalFactoryToInitializableAdapter.get(InternalFactoryToInitializableAdapter.java:47)
	at com.google.inject.internal.InjectorImpl$1.get(InjectorImpl.java:1050)
	at org.eclipse.sisu.inject.Guice4$1.get(Guice4.java:162)
	at org.eclipse.sisu.inject.LazyBeanEntry.getValue(LazyBeanEntry.java:81)
	at org.eclipse.sisu.plexus.LazyPlexusBean.getValue(LazyPlexusBean.java:51)
	at org.codehaus.plexus.DefaultPlexusContainer.lookup(DefaultPlexusContainer.java:263)
	at org.codehaus.plexus.DefaultPlexusContainer.lookup(DefaultPlexusContainer.java:255)
	at org.apache.maven.plugin.internal.DefaultMavenPluginManager.getConfiguredMojo(DefaultMavenPluginManager.java:520)
	at org.eclipse.m2e.core.internal.embedder.MavenImpl.getConfiguredMojo(MavenImpl.java:359)
	at org.sonatype.m2e.mavenarchiver.internal.AbstractMavenArchiverConfigurator.reflectManifestGeneration(AbstractMavenArchiverConfigurator.java:469)
	at org.sonatype.m2e.mavenarchiver.internal.AbstractMavenArchiverConfigurator.generateManifest(AbstractMavenArchiverConfigurator.java:422)
	at org.sonatype.m2e.mavenarchiver.internal.AbstractMavenArchiverConfigurator.mavenProjectChanged(AbstractMavenArchiverConfigurator.java:227)
	at org.sonatype.m2e.mavenarchiver.internal.AbstractMavenArchiverConfigurator$1.build(AbstractMavenArchiverConfigurator.java:167)
	at org.eclipse.m2e.core.internal.builder.MavenBuilderImpl.build(MavenBuilderImpl.java:135)
	at org.eclipse.m2e.core.internal.builder.MavenBuilder$1.method(MavenBuilder.java:169)
	at org.eclipse.m2e.core.internal.builder.MavenBuilder$1.method(MavenBuilder.java:1)
	at org.eclipse.m2e.core.internal.builder.MavenBuilder$BuildMethod.lambda$1(MavenBuilder.java:114)
	at org.eclipse.m2e.core.internal.embedder.MavenExecutionContext.executeBare(MavenExecutionContext.java:182)
	at org.eclipse.m2e.core.internal.embedder.MavenExecutionContext.execute(MavenExecutionContext.java:117)
	at org.eclipse.m2e.core.internal.builder.MavenBuilder$BuildMethod.lambda$0(MavenBuilder.java:105)
	at org.eclipse.m2e.core.internal.embedder.MavenExecutionContext.executeBare(MavenExecutionContext.java:182)
	at org.eclipse.m2e.core.internal.embedder.MavenExecutionContext.execute(MavenExecutionContext.java:156)
	at org.eclipse.m2e.core.internal.embedder.MavenExecutionContext.execute(MavenExecutionContext.java:103)
	at org.eclipse.m2e.core.internal.builder.MavenBuilder$BuildMethod.execute(MavenBuilder.java:88)
	at org.eclipse.m2e.core.internal.builder.MavenBuilder.build(MavenBuilder.java:198)
	at org.eclipse.core.internal.events.BuildManager$2.run(BuildManager.java:1024)
	at org.eclipse.core.runtime.SafeRunner.run(SafeRunner.java:45)
	at org.eclipse.core.internal.events.BuildManager.basicBuild(BuildManager.java:254)
	at org.eclipse.core.internal.events.BuildManager.basicBuild(BuildManager.java:311)
	at org.eclipse.core.internal.events.BuildManager$1.run(BuildManager.java:400)
	at org.eclipse.core.runtime.SafeRunner.run(SafeRunner.java:45)
	at org.eclipse.core.internal.events.BuildManager.basicBuild(BuildManager.java:403)
	at org.eclipse.core.internal.events.BuildManager.basicBuildLoop(BuildManager.java:514)
	at org.eclipse.core.internal.events.BuildManager.basicBuildLoop(BuildManager.java:462)
	at org.eclipse.core.internal.events.BuildManager.build(BuildManager.java:544)
	at org.eclipse.core.internal.events.AutoBuildJob.doBuild(AutoBuildJob.java:161)
	at org.eclipse.core.internal.events.AutoBuildJob.run(AutoBuildJob.java:255)
	at org.eclipse.core.internal.jobs.Worker.run(Worker.java:63)
Caused by: com.google.inject.OutOfScopeException: Cannot access Key[type=org.apache.maven.project.MavenProject, annotation=[none]] outside of a scoping block
	at org.apache.maven.execution.scope.internal.MojoExecutionScope$2.get(MojoExecutionScope.java:122)
	at com.google.inject.internal.InternalFactoryToProviderAdapter.get(InternalFactoryToProviderAdapter.java:39)
	at com.google.inject.internal.SingleParameterInjector.inject(SingleParameterInjector.java:42)
	at com.google.inject.internal.SingleParameterInjector.getAll(SingleParameterInjector.java:65)
	at com.google.inject.internal.ConstructorInjector.provision(ConstructorInjector.java:113)
	at com.google.inject.internal.ConstructorInjector.access$000(ConstructorInjector.java:32)
	at com.google.inject.internal.ConstructorInjector$1.call(ConstructorInjector.java:98)
	at com.google.inject.internal.ProvisionListenerStackCallback$Provision.provision(ProvisionListenerStackCallback.java:112)
	at com.google.inject.internal.ProvisionListenerStackCallback$Provision.provision(ProvisionListenerStackCallback.java:127)
	at com.google.inject.internal.ProvisionListenerStackCallback.provision(ProvisionListenerStackCallback.java:66)
	at com.google.inject.internal.ConstructorInjector.construct(ConstructorInjector.java:93)
	at com.google.inject.internal.ConstructorBindingImpl$Factory.get(ConstructorBindingImpl.java:306)
	at com.google.inject.internal.InjectorImpl$1.get(InjectorImpl.java:1050)
	... 47 common frames omitted
2026-08-04 01:31:45,373 [Worker-9: Building] INFO  o.a.m.s.f.DefaultMavenResourcesFiltering - Copying 1 resource from src\main\resources to target\classes
2026-08-04 01:31:45,390 [Worker-9: Building] INFO  o.a.m.s.f.DefaultMavenResourcesFiltering - Copying 0 resource from src\main\resources to target\classes
2026-08-04 01:31:45,396 [Worker-9: Building] INFO  o.a.m.s.f.DefaultMavenResourcesFiltering - Copying 0 resource from src\test\resources to target\test-classes
2026-08-04 01:31:45,428 [Worker-9: Building] WARN  Sisu - Error injecting: org.apache.maven.plugins.jar.JarMojo
com.google.inject.ProvisionException: Unable to provision, see the following errors:

1) Error in custom provider, com.google.inject.OutOfScopeException: Cannot access Key[type=org.apache.maven.project.MavenProject, annotation=[none]] outside of a scoping block
  at org.apache.maven.execution.scope.internal.MojoExecutionScopeModule.configure(MojoExecutionScopeModule.java:55) (via modules: org.eclipse.sisu.wire.WireModule -> org.apache.maven.execution.scope.internal.MojoExecutionScopeModule)
  while locating org.apache.maven.project.MavenProject
    for the 1st parameter of org.apache.maven.plugins.jar.JarMojo.<init>(Unknown Source)
  while locating org.apache.maven.plugins.jar.JarMojo

1 error
	at com.google.inject.internal.InternalProvisionException.toProvisionException(InternalProvisionException.java:226)
	at com.google.inject.internal.InjectorImpl$1.get(InjectorImpl.java:1053)
	at com.google.inject.internal.InjectorImpl.getInstance(InjectorImpl.java:1086)
	at org.eclipse.sisu.space.AbstractDeferredClass.get(AbstractDeferredClass.java:48)
	at com.google.inject.internal.ProviderInternalFactory.provision(ProviderInternalFactory.java:85)
	at com.google.inject.internal.InternalFactoryToInitializableAdapter.provision(InternalFactoryToInitializableAdapter.java:57)
	at com.google.inject.internal.ProviderInternalFactory$1.call(ProviderInternalFactory.java:66)
	at com.google.inject.internal.ProvisionListenerStackCallback$Provision.provision(ProvisionListenerStackCallback.java:112)
	at com.google.inject.internal.ProvisionListenerStackCallback$Provision.provision(ProvisionListenerStackCallback.java:127)
	at com.google.inject.internal.ProvisionListenerStackCallback.provision(ProvisionListenerStackCallback.java:66)
	at com.google.inject.internal.ProviderInternalFactory.circularGet(ProviderInternalFactory.java:61)
	at com.google.inject.internal.InternalFactoryToInitializableAdapter.get(InternalFactoryToInitializableAdapter.java:47)
	at com.google.inject.internal.InjectorImpl$1.get(InjectorImpl.java:1050)
	at org.eclipse.sisu.inject.Guice4$1.get(Guice4.java:162)
	at org.eclipse.sisu.inject.LazyBeanEntry.getValue(LazyBeanEntry.java:81)
	at org.eclipse.sisu.plexus.LazyPlexusBean.getValue(LazyPlexusBean.java:51)
	at org.codehaus.plexus.DefaultPlexusContainer.lookup(DefaultPlexusContainer.java:263)
	at org.codehaus.plexus.DefaultPlexusContainer.lookup(DefaultPlexusContainer.java:255)
	at org.apache.maven.plugin.internal.DefaultMavenPluginManager.getConfiguredMojo(DefaultMavenPluginManager.java:520)
	at org.eclipse.m2e.core.internal.embedder.MavenImpl.getConfiguredMojo(MavenImpl.java:359)
	at org.sonatype.m2e.mavenarchiver.internal.AbstractMavenArchiverConfigurator.reflectManifestGeneration(AbstractMavenArchiverConfigurator.java:469)
	at org.sonatype.m2e.mavenarchiver.internal.AbstractMavenArchiverConfigurator.generateManifest(AbstractMavenArchiverConfigurator.java:422)
	at org.sonatype.m2e.mavenarchiver.internal.AbstractMavenArchiverConfigurator.mavenProjectChanged(AbstractMavenArchiverConfigurator.java:227)
	at org.sonatype.m2e.mavenarchiver.internal.AbstractMavenArchiverConfigurator$1.build(AbstractMavenArchiverConfigurator.java:167)
	at org.eclipse.m2e.core.internal.builder.MavenBuilderImpl.build(MavenBuilderImpl.java:135)
	at org.eclipse.m2e.core.internal.builder.MavenBuilder$1.method(MavenBuilder.java:169)
	at org.eclipse.m2e.core.internal.builder.MavenBuilder$1.method(MavenBuilder.java:1)
	at org.eclipse.m2e.core.internal.builder.MavenBuilder$BuildMethod.lambda$1(MavenBuilder.java:114)
	at org.eclipse.m2e.core.internal.embedder.MavenExecutionContext.executeBare(MavenExecutionContext.java:182)
	at org.eclipse.m2e.core.internal.embedder.MavenExecutionContext.execute(MavenExecutionContext.java:117)
	at org.eclipse.m2e.core.internal.builder.MavenBuilder$BuildMethod.lambda$0(MavenBuilder.java:105)
	at org.eclipse.m2e.core.internal.embedder.MavenExecutionContext.executeBare(MavenExecutionContext.java:182)
	at org.eclipse.m2e.core.internal.embedder.MavenExecutionContext.execute(MavenExecutionContext.java:156)
	at org.eclipse.m2e.core.internal.embedder.MavenExecutionContext.execute(MavenExecutionContext.java:103)
	at org.eclipse.m2e.core.internal.builder.MavenBuilder$BuildMethod.execute(MavenBuilder.java:88)
	at org.eclipse.m2e.core.internal.builder.MavenBuilder.build(MavenBuilder.java:198)
	at org.eclipse.core.internal.events.BuildManager$2.run(BuildManager.java:1024)
	at org.eclipse.core.runtime.SafeRunner.run(SafeRunner.java:45)
	at org.eclipse.core.internal.events.BuildManager.basicBuild(BuildManager.java:254)
	at org.eclipse.core.internal.events.BuildManager.basicBuild(BuildManager.java:311)
	at org.eclipse.core.internal.events.BuildManager$1.run(BuildManager.java:400)
	at org.eclipse.core.runtime.SafeRunner.run(SafeRunner.java:45)
	at org.eclipse.core.internal.events.BuildManager.basicBuild(BuildManager.java:403)
	at org.eclipse.core.internal.events.BuildManager.basicBuildLoop(BuildManager.java:514)
	at org.eclipse.core.internal.events.BuildManager.basicBuildLoop(BuildManager.java:462)
	at org.eclipse.core.internal.events.BuildManager.build(BuildManager.java:544)
	at org.eclipse.core.internal.events.AutoBuildJob.doBuild(AutoBuildJob.java:161)
	at org.eclipse.core.internal.events.AutoBuildJob.run(AutoBuildJob.java:255)
	at org.eclipse.core.internal.jobs.Worker.run(Worker.java:63)
Caused by: com.google.inject.OutOfScopeException: Cannot access Key[type=org.apache.maven.project.MavenProject, annotation=[none]] outside of a scoping block
	at org.apache.maven.execution.scope.internal.MojoExecutionScope$2.get(MojoExecutionScope.java:122)
	at com.google.inject.internal.InternalFactoryToProviderAdapter.get(InternalFactoryToProviderAdapter.java:39)
	at com.google.inject.internal.SingleParameterInjector.inject(SingleParameterInjector.java:42)
	at com.google.inject.internal.SingleParameterInjector.getAll(SingleParameterInjector.java:65)
	at com.google.inject.internal.ConstructorInjector.provision(ConstructorInjector.java:113)
	at com.google.inject.internal.ConstructorInjector.access$000(ConstructorInjector.java:32)
	at com.google.inject.internal.ConstructorInjector$1.call(ConstructorInjector.java:98)
	at com.google.inject.internal.ProvisionListenerStackCallback$Provision.provision(ProvisionListenerStackCallback.java:112)
	at com.google.inject.internal.ProvisionListenerStackCallback$Provision.provision(ProvisionListenerStackCallback.java:127)
	at com.google.inject.internal.ProvisionListenerStackCallback.provision(ProvisionListenerStackCallback.java:66)
	at com.google.inject.internal.ConstructorInjector.construct(ConstructorInjector.java:93)
	at com.google.inject.internal.ConstructorBindingImpl$Factory.get(ConstructorBindingImpl.java:306)
	at com.google.inject.internal.InjectorImpl$1.get(InjectorImpl.java:1050)
	... 47 common frames omitted
2026-08-04 01:31:56,194 [Worker-10: Building] INFO  o.a.m.s.f.DefaultMavenResourcesFiltering - Copying 0 resource from src\main\resources to target\classes
2026-08-04 01:31:56,199 [Worker-10: Building] INFO  o.a.m.s.f.DefaultMavenResourcesFiltering - Copying 0 resource from src\main\resources to target\classes
2026-08-04 01:31:56,204 [Worker-10: Building] INFO  o.a.m.s.f.DefaultMavenResourcesFiltering - Copying 0 resource from src\test\resources to target\test-classes
2026-08-04 01:31:56,217 [Worker-10: Building] WARN  Sisu - Error injecting: org.apache.maven.plugins.jar.JarMojo
com.google.inject.ProvisionException: Unable to provision, see the following errors:

1) Error in custom provider, com.google.inject.OutOfScopeException: Cannot access Key[type=org.apache.maven.project.MavenProject, annotation=[none]] outside of a scoping block
  at org.apache.maven.execution.scope.internal.MojoExecutionScopeModule.configure(MojoExecutionScopeModule.java:55) (via modules: org.eclipse.sisu.wire.WireModule -> org.apache.maven.execution.scope.internal.MojoExecutionScopeModule)
  while locating org.apache.maven.project.MavenProject
    for the 1st parameter of org.apache.maven.plugins.jar.JarMojo.<init>(Unknown Source)
  while locating org.apache.maven.plugins.jar.JarMojo

1 error
	at com.google.inject.internal.InternalProvisionException.toProvisionException(InternalProvisionException.java:226)
	at com.google.inject.internal.InjectorImpl$1.get(InjectorImpl.java:1053)
	at com.google.inject.internal.InjectorImpl.getInstance(InjectorImpl.java:1086)
	at org.eclipse.sisu.space.AbstractDeferredClass.get(AbstractDeferredClass.java:48)
	at com.google.inject.internal.ProviderInternalFactory.provision(ProviderInternalFactory.java:85)
	at com.google.inject.internal.InternalFactoryToInitializableAdapter.provision(InternalFactoryToInitializableAdapter.java:57)
	at com.google.inject.internal.ProviderInternalFactory$1.call(ProviderInternalFactory.java:66)
	at com.google.inject.internal.ProvisionListenerStackCallback$Provision.provision(ProvisionListenerStackCallback.java:112)
	at com.google.inject.internal.ProvisionListenerStackCallback$Provision.provision(ProvisionListenerStackCallback.java:127)
	at com.google.inject.internal.ProvisionListenerStackCallback.provision(ProvisionListenerStackCallback.java:66)
	at com.google.inject.internal.ProviderInternalFactory.circularGet(ProviderInternalFactory.java:61)
	at com.google.inject.internal.InternalFactoryToInitializableAdapter.get(InternalFactoryToInitializableAdapter.java:47)
	at com.google.inject.internal.InjectorImpl$1.get(InjectorImpl.java:1050)
	at org.eclipse.sisu.inject.Guice4$1.get(Guice4.java:162)
	at org.eclipse.sisu.inject.LazyBeanEntry.getValue(LazyBeanEntry.java:81)
	at org.eclipse.sisu.plexus.LazyPlexusBean.getValue(LazyPlexusBean.java:51)
	at org.codehaus.plexus.DefaultPlexusContainer.lookup(DefaultPlexusContainer.java:263)
	at org.codehaus.plexus.DefaultPlexusContainer.lookup(DefaultPlexusContainer.java:255)
	at org.apache.maven.plugin.internal.DefaultMavenPluginManager.getConfiguredMojo(DefaultMavenPluginManager.java:520)
	at org.eclipse.m2e.core.internal.embedder.MavenImpl.getConfiguredMojo(MavenImpl.java:359)
	at org.sonatype.m2e.mavenarchiver.internal.AbstractMavenArchiverConfigurator.reflectManifestGeneration(AbstractMavenArchiverConfigurator.java:469)
	at org.sonatype.m2e.mavenarchiver.internal.AbstractMavenArchiverConfigurator.generateManifest(AbstractMavenArchiverConfigurator.java:422)
	at org.sonatype.m2e.mavenarchiver.internal.AbstractMavenArchiverConfigurator.mavenProjectChanged(AbstractMavenArchiverConfigurator.java:227)
	at org.sonatype.m2e.mavenarchiver.internal.AbstractMavenArchiverConfigurator$1.build(AbstractMavenArchiverConfigurator.java:167)
	at org.eclipse.m2e.core.internal.builder.MavenBuilderImpl.build(MavenBuilderImpl.java:135)
	at org.eclipse.m2e.core.internal.builder.MavenBuilder$1.method(MavenBuilder.java:169)
	at org.eclipse.m2e.core.internal.builder.MavenBuilder$1.method(MavenBuilder.java:1)
	at org.eclipse.m2e.core.internal.builder.MavenBuilder$BuildMethod.lambda$1(MavenBuilder.java:114)
	at org.eclipse.m2e.core.internal.embedder.MavenExecutionContext.executeBare(MavenExecutionContext.java:182)
	at org.eclipse.m2e.core.internal.embedder.MavenExecutionContext.execute(MavenExecutionContext.java:117)
	at org.eclipse.m2e.core.internal.builder.MavenBuilder$BuildMethod.lambda$0(MavenBuilder.java:105)
	at org.eclipse.m2e.core.internal.embedder.MavenExecutionContext.executeBare(MavenExecutionContext.java:182)
	at org.eclipse.m2e.core.internal.embedder.MavenExecutionContext.execute(MavenExecutionContext.java:156)
	at org.eclipse.m2e.core.internal.embedder.MavenExecutionContext.execute(MavenExecutionContext.java:103)
	at org.eclipse.m2e.core.internal.builder.MavenBuilder$BuildMethod.execute(MavenBuilder.java:88)
	at org.eclipse.m2e.core.internal.builder.MavenBuilder.build(MavenBuilder.java:198)
	at org.eclipse.core.internal.events.BuildManager$2.run(BuildManager.java:1024)
	at org.eclipse.core.runtime.SafeRunner.run(SafeRunner.java:45)
	at org.eclipse.core.internal.events.BuildManager.basicBuild(BuildManager.java:254)
	at org.eclipse.core.internal.events.BuildManager.basicBuild(BuildManager.java:311)
	at org.eclipse.core.internal.events.BuildManager$1.run(BuildManager.java:400)
	at org.eclipse.core.runtime.SafeRunner.run(SafeRunner.java:45)
	at org.eclipse.core.internal.events.BuildManager.basicBuild(BuildManager.java:403)
	at org.eclipse.core.internal.events.BuildManager.basicBuildLoop(BuildManager.java:514)
	at org.eclipse.core.internal.events.BuildManager.basicBuildLoop(BuildManager.java:462)
	at org.eclipse.core.internal.events.BuildManager.build(BuildManager.java:544)
	at org.eclipse.core.internal.events.AutoBuildJob.doBuild(AutoBuildJob.java:161)
	at org.eclipse.core.internal.events.AutoBuildJob.run(AutoBuildJob.java:255)
	at org.eclipse.core.internal.jobs.Worker.run(Worker.java:63)
Caused by: com.google.inject.OutOfScopeException: Cannot access Key[type=org.apache.maven.project.MavenProject, annotation=[none]] outside of a scoping block
	at org.apache.maven.execution.scope.internal.MojoExecutionScope$2.get(MojoExecutionScope.java:122)
	at com.google.inject.internal.InternalFactoryToProviderAdapter.get(InternalFactoryToProviderAdapter.java:39)
	at com.google.inject.internal.SingleParameterInjector.inject(SingleParameterInjector.java:42)
	at com.google.inject.internal.SingleParameterInjector.getAll(SingleParameterInjector.java:65)
	at com.google.inject.internal.ConstructorInjector.provision(ConstructorInjector.java:113)
	at com.google.inject.internal.ConstructorInjector.access$000(ConstructorInjector.java:32)
	at com.google.inject.internal.ConstructorInjector$1.call(ConstructorInjector.java:98)
	at com.google.inject.internal.ProvisionListenerStackCallback$Provision.provision(ProvisionListenerStackCallback.java:112)
	at com.google.inject.internal.ProvisionListenerStackCallback$Provision.provision(ProvisionListenerStackCallback.java:127)
	at com.google.inject.internal.ProvisionListenerStackCallback.provision(ProvisionListenerStackCallback.java:66)
	at com.google.inject.internal.ConstructorInjector.construct(ConstructorInjector.java:93)
	at com.google.inject.internal.ConstructorBindingImpl$Factory.get(ConstructorBindingImpl.java:306)
	at com.google.inject.internal.InjectorImpl$1.get(InjectorImpl.java:1050)
	... 47 common frames omitted
2026-08-04 01:32:05,165 [Worker-7: Updating Maven Project] INFO  o.e.m.c.i.p.ProjectConfigurationManager - Update started
2026-08-04 01:32:05,864 [Worker-7: Updating Maven Project] INFO  o.e.m.c.i.l.LifecycleMappingFactory - Using org.eclipse.m2e.jdt.JarLifecycleMapping lifecycle mapping for MavenProject: com.emart:EmartCategoryMaster:0.0.1-SNAPSHOT @ C:\Users\ADMIN\OneDrive\Documents\Final\backend\pom.xml.
2026-08-04 01:32:06,862 [Worker-7: Updating Maven Project] WARN  Sisu - Error injecting: org.apache.maven.plugins.jar.JarMojo
com.google.inject.ProvisionException: Unable to provision, see the following errors:

1) Error in custom provider, com.google.inject.OutOfScopeException: Cannot access Key[type=org.apache.maven.project.MavenProject, annotation=[none]] outside of a scoping block
  at org.apache.maven.execution.scope.internal.MojoExecutionScopeModule.configure(MojoExecutionScopeModule.java:55) (via modules: org.eclipse.sisu.wire.WireModule -> org.apache.maven.execution.scope.internal.MojoExecutionScopeModule)
  while locating org.apache.maven.project.MavenProject
    for the 1st parameter of org.apache.maven.plugins.jar.JarMojo.<init>(Unknown Source)
  while locating org.apache.maven.plugins.jar.JarMojo

1 error
	at com.google.inject.internal.InternalProvisionException.toProvisionException(InternalProvisionException.java:226)
	at com.google.inject.internal.InjectorImpl$1.get(InjectorImpl.java:1053)
	at com.google.inject.internal.InjectorImpl.getInstance(InjectorImpl.java:1086)
	at org.eclipse.sisu.space.AbstractDeferredClass.get(AbstractDeferredClass.java:48)
	at com.google.inject.internal.ProviderInternalFactory.provision(ProviderInternalFactory.java:85)
	at com.google.inject.internal.InternalFactoryToInitializableAdapter.provision(InternalFactoryToInitializableAdapter.java:57)
	at com.google.inject.internal.ProviderInternalFactory$1.call(ProviderInternalFactory.java:66)
	at com.google.inject.internal.ProvisionListenerStackCallback$Provision.provision(ProvisionListenerStackCallback.java:112)
	at com.google.inject.internal.ProvisionListenerStackCallback$Provision.provision(ProvisionListenerStackCallback.java:127)
	at com.google.inject.internal.ProvisionListenerStackCallback.provision(ProvisionListenerStackCallback.java:66)
	at com.google.inject.internal.ProviderInternalFactory.circularGet(ProviderInternalFactory.java:61)
	at com.google.inject.internal.InternalFactoryToInitializableAdapter.get(InternalFactoryToInitializableAdapter.java:47)
	at com.google.inject.internal.InjectorImpl$1.get(InjectorImpl.java:1050)
	at org.eclipse.sisu.inject.Guice4$1.get(Guice4.java:162)
	at org.eclipse.sisu.inject.LazyBeanEntry.getValue(LazyBeanEntry.java:81)
	at org.eclipse.sisu.plexus.LazyPlexusBean.getValue(LazyPlexusBean.java:51)
	at org.codehaus.plexus.DefaultPlexusContainer.lookup(DefaultPlexusContainer.java:263)
	at org.codehaus.plexus.DefaultPlexusContainer.lookup(DefaultPlexusContainer.java:255)
	at org.apache.maven.plugin.internal.DefaultMavenPluginManager.getConfiguredMojo(DefaultMavenPluginManager.java:520)
	at org.eclipse.m2e.core.internal.embedder.MavenImpl.getConfiguredMojo(MavenImpl.java:359)
	at org.sonatype.m2e.mavenarchiver.internal.AbstractMavenArchiverConfigurator.reflectManifestGeneration(AbstractMavenArchiverConfigurator.java:469)
	at org.sonatype.m2e.mavenarchiver.internal.AbstractMavenArchiverConfigurator.generateManifest(AbstractMavenArchiverConfigurator.java:422)
	at org.sonatype.m2e.mavenarchiver.internal.AbstractMavenArchiverConfigurator.mavenProjectChanged(AbstractMavenArchiverConfigurator.java:227)
	at org.sonatype.m2e.mavenarchiver.internal.AbstractMavenArchiverConfigurator.mavenProjectChanged(AbstractMavenArchiverConfigurator.java:215)
	at org.eclipse.m2e.core.internal.project.ProjectConfigurationManager.mavenProjectChanged(ProjectConfigurationManager.java:1056)
	at org.eclipse.m2e.core.internal.project.registry.ProjectRegistryManager.notifyProjectChangeListeners(ProjectRegistryManager.java:806)
	at org.eclipse.m2e.core.internal.project.registry.ProjectRegistryManager.applyMutableProjectRegistry(ProjectRegistryManager.java:972)
	at org.eclipse.m2e.core.internal.project.registry.ProjectRegistryManager.refresh(ProjectRegistryManager.java:305)
	at org.eclipse.m2e.core.internal.project.ProjectConfigurationManager.updateProjectConfiguration0(ProjectConfigurationManager.java:413)
	at org.eclipse.m2e.core.internal.project.ProjectConfigurationManager.lambda$1(ProjectConfigurationManager.java:362)
	at org.eclipse.m2e.core.internal.embedder.MavenExecutionContext.executeBare(MavenExecutionContext.java:182)
	at org.eclipse.m2e.core.internal.embedder.MavenExecutionContext.execute(MavenExecutionContext.java:156)
	at org.eclipse.m2e.core.internal.embedder.MavenExecutionContext.execute(MavenExecutionContext.java:103)
	at org.eclipse.m2e.core.internal.embedder.MavenImpl.execute(MavenImpl.java:1411)
	at org.eclipse.m2e.core.internal.project.ProjectConfigurationManager.updateProjectConfiguration(ProjectConfigurationManager.java:361)
	at org.eclipse.m2e.core.ui.internal.UpdateMavenProjectJob.runInWorkspace(UpdateMavenProjectJob.java:80)
	at org.eclipse.core.internal.resources.InternalWorkspaceJob.run(InternalWorkspaceJob.java:43)
	at org.eclipse.core.internal.jobs.Worker.run(Worker.java:63)
Caused by: com.google.inject.OutOfScopeException: Cannot access Key[type=org.apache.maven.project.MavenProject, annotation=[none]] outside of a scoping block
	at org.apache.maven.execution.scope.internal.MojoExecutionScope$2.get(MojoExecutionScope.java:122)
	at com.google.inject.internal.InternalFactoryToProviderAdapter.get(InternalFactoryToProviderAdapter.java:39)
	at com.google.inject.internal.SingleParameterInjector.inject(SingleParameterInjector.java:42)
	at com.google.inject.internal.SingleParameterInjector.getAll(SingleParameterInjector.java:65)
	at com.google.inject.internal.ConstructorInjector.provision(ConstructorInjector.java:113)
	at com.google.inject.internal.ConstructorInjector.access$000(ConstructorInjector.java:32)
	at com.google.inject.internal.ConstructorInjector$1.call(ConstructorInjector.java:98)
	at com.google.inject.internal.ProvisionListenerStackCallback$Provision.provision(ProvisionListenerStackCallback.java:112)
	at com.google.inject.internal.ProvisionListenerStackCallback$Provision.provision(ProvisionListenerStackCallback.java:127)
	at com.google.inject.internal.ProvisionListenerStackCallback.provision(ProvisionListenerStackCallback.java:66)
	at com.google.inject.internal.ConstructorInjector.construct(ConstructorInjector.java:93)
	at com.google.inject.internal.ConstructorBindingImpl$Factory.get(ConstructorBindingImpl.java:306)
	at com.google.inject.internal.InjectorImpl$1.get(InjectorImpl.java:1050)
	... 36 common frames omitted
2026-08-04 01:32:07,943 [Worker-7: Updating Maven Project] INFO  o.e.m.j.i.AbstractJavaProjectConfigurator - Adding source folder /backend/src/main/java
2026-08-04 01:32:07,944 [Worker-7: Updating Maven Project] INFO  o.e.m.j.i.AbstractJavaProjectConfigurator - Adding resource folder /backend/src/main/resources
2026-08-04 01:32:07,945 [Worker-7: Updating Maven Project] INFO  o.e.m.j.i.AbstractJavaProjectConfigurator - Adding resource folder /backend/src/main/resources
2026-08-04 01:32:07,946 [Worker-7: Updating Maven Project] INFO  o.e.m.j.i.AbstractJavaProjectConfigurator - Adding source folder /backend/src/test/java
2026-08-04 01:32:07,947 [Worker-7: Updating Maven Project] INFO  o.e.m.j.i.AbstractJavaProjectConfigurator - Adding resource folder /backend/src/test/resources
2026-08-04 01:32:08,976 [Worker-7: Updating Maven Project] INFO  o.e.m.c.i.p.ProjectConfigurationManager - Update completed: 3 sec
2026-08-04 01:32:12,295 [Worker-0: Building] INFO  o.a.m.s.f.DefaultMavenResourcesFiltering - Copying 3 resources from src\main\resources to target\classes
2026-08-04 01:32:12,343 [Worker-0: Building] INFO  o.a.m.s.f.DefaultMavenResourcesFiltering - Copying 3 resources from src\main\resources to target\classes
2026-08-04 01:32:12,362 [Worker-0: Building] INFO  o.a.m.s.f.DefaultMavenResourcesFiltering - Copying 1 resource from src\test\resources to target\test-classes
2026-08-04 01:32:12,389 [Worker-0: Building] WARN  Sisu - Error injecting: org.apache.maven.plugins.jar.JarMojo
com.google.inject.ProvisionException: Unable to provision, see the following errors:

1) Error in custom provider, com.google.inject.OutOfScopeException: Cannot access Key[type=org.apache.maven.project.MavenProject, annotation=[none]] outside of a scoping block
  at org.apache.maven.execution.scope.internal.MojoExecutionScopeModule.configure(MojoExecutionScopeModule.java:55) (via modules: org.eclipse.sisu.wire.WireModule -> org.apache.maven.execution.scope.internal.MojoExecutionScopeModule)
  while locating org.apache.maven.project.MavenProject
    for the 1st parameter of org.apache.maven.plugins.jar.JarMojo.<init>(Unknown Source)
  while locating org.apache.maven.plugins.jar.JarMojo

1 error
	at com.google.inject.internal.InternalProvisionException.toProvisionException(InternalProvisionException.java:226)
	at com.google.inject.internal.InjectorImpl$1.get(InjectorImpl.java:1053)
	at com.google.inject.internal.InjectorImpl.getInstance(InjectorImpl.java:1086)
	at org.eclipse.sisu.space.AbstractDeferredClass.get(AbstractDeferredClass.java:48)
	at com.google.inject.internal.ProviderInternalFactory.provision(ProviderInternalFactory.java:85)
	at com.google.inject.internal.InternalFactoryToInitializableAdapter.provision(InternalFactoryToInitializableAdapter.java:57)
	at com.google.inject.internal.ProviderInternalFactory$1.call(ProviderInternalFactory.java:66)
	at com.google.inject.internal.ProvisionListenerStackCallback$Provision.provision(ProvisionListenerStackCallback.java:112)
	at com.google.inject.internal.ProvisionListenerStackCallback$Provision.provision(ProvisionListenerStackCallback.java:127)
	at com.google.inject.internal.ProvisionListenerStackCallback.provision(ProvisionListenerStackCallback.java:66)
	at com.google.inject.internal.ProviderInternalFactory.circularGet(ProviderInternalFactory.java:61)
	at com.google.inject.internal.InternalFactoryToInitializableAdapter.get(InternalFactoryToInitializableAdapter.java:47)
	at com.google.inject.internal.InjectorImpl$1.get(InjectorImpl.java:1050)
	at org.eclipse.sisu.inject.Guice4$1.get(Guice4.java:162)
	at org.eclipse.sisu.inject.LazyBeanEntry.getValue(LazyBeanEntry.java:81)
	at org.eclipse.sisu.plexus.LazyPlexusBean.getValue(LazyPlexusBean.java:51)
	at org.codehaus.plexus.DefaultPlexusContainer.lookup(DefaultPlexusContainer.java:263)
	at org.codehaus.plexus.DefaultPlexusContainer.lookup(DefaultPlexusContainer.java:255)
	at org.apache.maven.plugin.internal.DefaultMavenPluginManager.getConfiguredMojo(DefaultMavenPluginManager.java:520)
	at org.eclipse.m2e.core.internal.embedder.MavenImpl.getConfiguredMojo(MavenImpl.java:359)
	at org.sonatype.m2e.mavenarchiver.internal.AbstractMavenArchiverConfigurator.reflectManifestGeneration(AbstractMavenArchiverConfigurator.java:469)
	at org.sonatype.m2e.mavenarchiver.internal.AbstractMavenArchiverConfigurator.generateManifest(AbstractMavenArchiverConfigurator.java:422)
	at org.sonatype.m2e.mavenarchiver.internal.AbstractMavenArchiverConfigurator.mavenProjectChanged(AbstractMavenArchiverConfigurator.java:227)
	at org.sonatype.m2e.mavenarchiver.internal.AbstractMavenArchiverConfigurator$1.build(AbstractMavenArchiverConfigurator.java:167)
	at org.eclipse.m2e.core.internal.builder.MavenBuilderImpl.build(MavenBuilderImpl.java:135)
	at org.eclipse.m2e.core.internal.builder.MavenBuilder$1.method(MavenBuilder.java:169)
	at org.eclipse.m2e.core.internal.builder.MavenBuilder$1.method(MavenBuilder.java:1)
	at org.eclipse.m2e.core.internal.builder.MavenBuilder$BuildMethod.lambda$1(MavenBuilder.java:114)
	at org.eclipse.m2e.core.internal.embedder.MavenExecutionContext.executeBare(MavenExecutionContext.java:182)
	at org.eclipse.m2e.core.internal.embedder.MavenExecutionContext.execute(MavenExecutionContext.java:117)
	at org.eclipse.m2e.core.internal.builder.MavenBuilder$BuildMethod.lambda$0(MavenBuilder.java:105)
	at org.eclipse.m2e.core.internal.embedder.MavenExecutionContext.executeBare(MavenExecutionContext.java:182)
	at org.eclipse.m2e.core.internal.embedder.MavenExecutionContext.execute(MavenExecutionContext.java:156)
	at org.eclipse.m2e.core.internal.embedder.MavenExecutionContext.execute(MavenExecutionContext.java:103)
	at org.eclipse.m2e.core.internal.builder.MavenBuilder$BuildMethod.execute(MavenBuilder.java:88)
	at org.eclipse.m2e.core.internal.builder.MavenBuilder.build(MavenBuilder.java:198)
	at org.eclipse.core.internal.events.BuildManager$2.run(BuildManager.java:1024)
	at org.eclipse.core.runtime.SafeRunner.run(SafeRunner.java:45)
	at org.eclipse.core.internal.events.BuildManager.basicBuild(BuildManager.java:254)
	at org.eclipse.core.internal.events.BuildManager.basicBuild(BuildManager.java:311)
	at org.eclipse.core.internal.events.BuildManager$1.run(BuildManager.java:400)
	at org.eclipse.core.runtime.SafeRunner.run(SafeRunner.java:45)
	at org.eclipse.core.internal.events.BuildManager.basicBuild(BuildManager.java:403)
	at org.eclipse.core.internal.events.BuildManager.basicBuildLoop(BuildManager.java:514)
	at org.eclipse.core.internal.events.BuildManager.basicBuildLoop(BuildManager.java:462)
	at org.eclipse.core.internal.events.BuildManager.build(BuildManager.java:544)
	at org.eclipse.core.internal.events.AutoBuildJob.doBuild(AutoBuildJob.java:161)
	at org.eclipse.core.internal.events.AutoBuildJob.run(AutoBuildJob.java:255)
	at org.eclipse.core.internal.jobs.Worker.run(Worker.java:63)
Caused by: com.google.inject.OutOfScopeException: Cannot access Key[type=org.apache.maven.project.MavenProject, annotation=[none]] outside of a scoping block
	at org.apache.maven.execution.scope.internal.MojoExecutionScope$2.get(MojoExecutionScope.java:122)
	at com.google.inject.internal.InternalFactoryToProviderAdapter.get(InternalFactoryToProviderAdapter.java:39)
	at com.google.inject.internal.SingleParameterInjector.inject(SingleParameterInjector.java:42)
	at com.google.inject.internal.SingleParameterInjector.getAll(SingleParameterInjector.java:65)
	at com.google.inject.internal.ConstructorInjector.provision(ConstructorInjector.java:113)
	at com.google.inject.internal.ConstructorInjector.access$000(ConstructorInjector.java:32)
	at com.google.inject.internal.ConstructorInjector$1.call(ConstructorInjector.java:98)
	at com.google.inject.internal.ProvisionListenerStackCallback$Provision.provision(ProvisionListenerStackCallback.java:112)
	at com.google.inject.internal.ProvisionListenerStackCallback$Provision.provision(ProvisionListenerStackCallback.java:127)
	at com.google.inject.internal.ProvisionListenerStackCallback.provision(ProvisionListenerStackCallback.java:66)
	at com.google.inject.internal.ConstructorInjector.construct(ConstructorInjector.java:93)
	at com.google.inject.internal.ConstructorBindingImpl$Factory.get(ConstructorBindingImpl.java:306)
	at com.google.inject.internal.InjectorImpl$1.get(InjectorImpl.java:1050)
	... 47 common frames omitted
2026-08-04 02:32:03,272 [Worker-12: Building] INFO  o.a.m.s.f.DefaultMavenResourcesFiltering - Copying 1 resource from src\main\resources to target\classes
2026-08-04 02:32:03,312 [Worker-12: Building] INFO  o.a.m.s.f.DefaultMavenResourcesFiltering - Copying 0 resource from src\main\resources to target\classes
2026-08-04 02:32:03,319 [Worker-12: Building] INFO  o.a.m.s.f.DefaultMavenResourcesFiltering - Copying 0 resource from src\test\resources to target\test-classes
2026-08-04 02:32:03,339 [Worker-12: Building] WARN  Sisu - Error injecting: org.apache.maven.plugins.jar.JarMojo
com.google.inject.ProvisionException: Unable to provision, see the following errors:

1) Error in custom provider, com.google.inject.OutOfScopeException: Cannot access Key[type=org.apache.maven.project.MavenProject, annotation=[none]] outside of a scoping block
  at org.apache.maven.execution.scope.internal.MojoExecutionScopeModule.configure(MojoExecutionScopeModule.java:55) (via modules: org.eclipse.sisu.wire.WireModule -> org.apache.maven.execution.scope.internal.MojoExecutionScopeModule)
  while locating org.apache.maven.project.MavenProject
    for the 1st parameter of org.apache.maven.plugins.jar.JarMojo.<init>(Unknown Source)
  while locating org.apache.maven.plugins.jar.JarMojo

1 error
	at com.google.inject.internal.InternalProvisionException.toProvisionException(InternalProvisionException.java:226)
	at com.google.inject.internal.InjectorImpl$1.get(InjectorImpl.java:1053)
	at com.google.inject.internal.InjectorImpl.getInstance(InjectorImpl.java:1086)
	at org.eclipse.sisu.space.AbstractDeferredClass.get(AbstractDeferredClass.java:48)
	at com.google.inject.internal.ProviderInternalFactory.provision(ProviderInternalFactory.java:85)
	at com.google.inject.internal.InternalFactoryToInitializableAdapter.provision(InternalFactoryToInitializableAdapter.java:57)
	at com.google.inject.internal.ProviderInternalFactory$1.call(ProviderInternalFactory.java:66)
	at com.google.inject.internal.ProvisionListenerStackCallback$Provision.provision(ProvisionListenerStackCallback.java:112)
	at com.google.inject.internal.ProvisionListenerStackCallback$Provision.provision(ProvisionListenerStackCallback.java:127)
	at com.google.inject.internal.ProvisionListenerStackCallback.provision(ProvisionListenerStackCallback.java:66)
	at com.google.inject.internal.ProviderInternalFactory.circularGet(ProviderInternalFactory.java:61)
	at com.google.inject.internal.InternalFactoryToInitializableAdapter.get(InternalFactoryToInitializableAdapter.java:47)
	at com.google.inject.internal.InjectorImpl$1.get(InjectorImpl.java:1050)
	at org.eclipse.sisu.inject.Guice4$1.get(Guice4.java:162)
	at org.eclipse.sisu.inject.LazyBeanEntry.getValue(LazyBeanEntry.java:81)
	at org.eclipse.sisu.plexus.LazyPlexusBean.getValue(LazyPlexusBean.java:51)
	at org.codehaus.plexus.DefaultPlexusContainer.lookup(DefaultPlexusContainer.java:263)
	at org.codehaus.plexus.DefaultPlexusContainer.lookup(DefaultPlexusContainer.java:255)
	at org.apache.maven.plugin.internal.DefaultMavenPluginManager.getConfiguredMojo(DefaultMavenPluginManager.java:520)
	at org.eclipse.m2e.core.internal.embedder.MavenImpl.getConfiguredMojo(MavenImpl.java:359)
	at org.sonatype.m2e.mavenarchiver.internal.AbstractMavenArchiverConfigurator.reflectManifestGeneration(AbstractMavenArchiverConfigurator.java:469)
	at org.sonatype.m2e.mavenarchiver.internal.AbstractMavenArchiverConfigurator.generateManifest(AbstractMavenArchiverConfigurator.java:422)
	at org.sonatype.m2e.mavenarchiver.internal.AbstractMavenArchiverConfigurator.mavenProjectChanged(AbstractMavenArchiverConfigurator.java:227)
	at org.sonatype.m2e.mavenarchiver.internal.AbstractMavenArchiverConfigurator$1.build(AbstractMavenArchiverConfigurator.java:167)
	at org.eclipse.m2e.core.internal.builder.MavenBuilderImpl.build(MavenBuilderImpl.java:135)
	at org.eclipse.m2e.core.internal.builder.MavenBuilder$1.method(MavenBuilder.java:169)
	at org.eclipse.m2e.core.internal.builder.MavenBuilder$1.method(MavenBuilder.java:1)
	at org.eclipse.m2e.core.internal.builder.MavenBuilder$BuildMethod.lambda$1(MavenBuilder.java:114)
	at org.eclipse.m2e.core.internal.embedder.MavenExecutionContext.executeBare(MavenExecutionContext.java:182)
	at org.eclipse.m2e.core.internal.embedder.MavenExecutionContext.execute(MavenExecutionContext.java:117)
	at org.eclipse.m2e.core.internal.builder.MavenBuilder$BuildMethod.lambda$0(MavenBuilder.java:105)
	at org.eclipse.m2e.core.internal.embedder.MavenExecutionContext.executeBare(MavenExecutionContext.java:182)
	at org.eclipse.m2e.core.internal.embedder.MavenExecutionContext.execute(MavenExecutionContext.java:156)
	at org.eclipse.m2e.core.internal.embedder.MavenExecutionContext.execute(MavenExecutionContext.java:103)
	at org.eclipse.m2e.core.internal.builder.MavenBuilder$BuildMethod.execute(MavenBuilder.java:88)
	at org.eclipse.m2e.core.internal.builder.MavenBuilder.build(MavenBuilder.java:198)
	at org.eclipse.core.internal.events.BuildManager$2.run(BuildManager.java:1024)
	at org.eclipse.core.runtime.SafeRunner.run(SafeRunner.java:45)
	at org.eclipse.core.internal.events.BuildManager.basicBuild(BuildManager.java:254)
	at org.eclipse.core.internal.events.BuildManager.basicBuild(BuildManager.java:311)
	at org.eclipse.core.internal.events.BuildManager$1.run(BuildManager.java:400)
	at org.eclipse.core.runtime.SafeRunner.run(SafeRunner.java:45)
	at org.eclipse.core.internal.events.BuildManager.basicBuild(BuildManager.java:403)
	at org.eclipse.core.internal.events.BuildManager.basicBuildLoop(BuildManager.java:514)
	at org.eclipse.core.internal.events.BuildManager.basicBuildLoop(BuildManager.java:462)
	at org.eclipse.core.internal.events.BuildManager.build(BuildManager.java:544)
	at org.eclipse.core.internal.events.AutoBuildJob.doBuild(AutoBuildJob.java:161)
	at org.eclipse.core.internal.events.AutoBuildJob.run(AutoBuildJob.java:255)
	at org.eclipse.core.internal.jobs.Worker.run(Worker.java:63)
Caused by: com.google.inject.OutOfScopeException: Cannot access Key[type=org.apache.maven.project.MavenProject, annotation=[none]] outside of a scoping block
	at org.apache.maven.execution.scope.internal.MojoExecutionScope$2.get(MojoExecutionScope.java:122)
	at com.google.inject.internal.InternalFactoryToProviderAdapter.get(InternalFactoryToProviderAdapter.java:39)
	at com.google.inject.internal.SingleParameterInjector.inject(SingleParameterInjector.java:42)
	at com.google.inject.internal.SingleParameterInjector.getAll(SingleParameterInjector.java:65)
	at com.google.inject.internal.ConstructorInjector.provision(ConstructorInjector.java:113)
	at com.google.inject.internal.ConstructorInjector.access$000(ConstructorInjector.java:32)
	at com.google.inject.internal.ConstructorInjector$1.call(ConstructorInjector.java:98)
	at com.google.inject.internal.ProvisionListenerStackCallback$Provision.provision(ProvisionListenerStackCallback.java:112)
	at com.google.inject.internal.ProvisionListenerStackCallback$Provision.provision(ProvisionListenerStackCallback.java:127)
	at com.google.inject.internal.ProvisionListenerStackCallback.provision(ProvisionListenerStackCallback.java:66)
	at com.google.inject.internal.ConstructorInjector.construct(ConstructorInjector.java:93)
	at com.google.inject.internal.ConstructorBindingImpl$Factory.get(ConstructorBindingImpl.java:306)
	at com.google.inject.internal.InjectorImpl$1.get(InjectorImpl.java:1050)
	... 47 common frames omitted
2026-08-04 02:32:13,281 [Worker-13: Updating Maven Project] INFO  o.e.m.c.i.p.ProjectConfigurationManager - Update started
2026-08-04 02:32:13,874 [Worker-13: Updating Maven Project] INFO  o.e.m.c.i.l.LifecycleMappingFactory - Using org.eclipse.m2e.jdt.JarLifecycleMapping lifecycle mapping for MavenProject: com.emart:EmartCategoryMaster:0.0.1-SNAPSHOT @ C:\Users\ADMIN\OneDrive\Documents\Final\backend\pom.xml.
2026-08-04 02:32:15,069 [Worker-13: Updating Maven Project] WARN  Sisu - Error injecting: org.apache.maven.plugins.jar.JarMojo
com.google.inject.ProvisionException: Unable to provision, see the following errors:

1) Error in custom provider, com.google.inject.OutOfScopeException: Cannot access Key[type=org.apache.maven.project.MavenProject, annotation=[none]] outside of a scoping block
  at org.apache.maven.execution.scope.internal.MojoExecutionScopeModule.configure(MojoExecutionScopeModule.java:55) (via modules: org.eclipse.sisu.wire.WireModule -> org.apache.maven.execution.scope.internal.MojoExecutionScopeModule)
  while locating org.apache.maven.project.MavenProject
    for the 1st parameter of org.apache.maven.plugins.jar.JarMojo.<init>(Unknown Source)
  while locating org.apache.maven.plugins.jar.JarMojo

1 error
	at com.google.inject.internal.InternalProvisionException.toProvisionException(InternalProvisionException.java:226)
	at com.google.inject.internal.InjectorImpl$1.get(InjectorImpl.java:1053)
	at com.google.inject.internal.InjectorImpl.getInstance(InjectorImpl.java:1086)
	at org.eclipse.sisu.space.AbstractDeferredClass.get(AbstractDeferredClass.java:48)
	at com.google.inject.internal.ProviderInternalFactory.provision(ProviderInternalFactory.java:85)
	at com.google.inject.internal.InternalFactoryToInitializableAdapter.provision(InternalFactoryToInitializableAdapter.java:57)
	at com.google.inject.internal.ProviderInternalFactory$1.call(ProviderInternalFactory.java:66)
	at com.google.inject.internal.ProvisionListenerStackCallback$Provision.provision(ProvisionListenerStackCallback.java:112)
	at com.google.inject.internal.ProvisionListenerStackCallback$Provision.provision(ProvisionListenerStackCallback.java:127)
	at com.google.inject.internal.ProvisionListenerStackCallback.provision(ProvisionListenerStackCallback.java:66)
	at com.google.inject.internal.ProviderInternalFactory.circularGet(ProviderInternalFactory.java:61)
	at com.google.inject.internal.InternalFactoryToInitializableAdapter.get(InternalFactoryToInitializableAdapter.java:47)
	at com.google.inject.internal.InjectorImpl$1.get(InjectorImpl.java:1050)
	at org.eclipse.sisu.inject.Guice4$1.get(Guice4.java:162)
	at org.eclipse.sisu.inject.LazyBeanEntry.getValue(LazyBeanEntry.java:81)
	at org.eclipse.sisu.plexus.LazyPlexusBean.getValue(LazyPlexusBean.java:51)
	at org.codehaus.plexus.DefaultPlexusContainer.lookup(DefaultPlexusContainer.java:263)
	at org.codehaus.plexus.DefaultPlexusContainer.lookup(DefaultPlexusContainer.java:255)
	at org.apache.maven.plugin.internal.DefaultMavenPluginManager.getConfiguredMojo(DefaultMavenPluginManager.java:520)
	at org.eclipse.m2e.core.internal.embedder.MavenImpl.getConfiguredMojo(MavenImpl.java:359)
	at org.sonatype.m2e.mavenarchiver.internal.AbstractMavenArchiverConfigurator.reflectManifestGeneration(AbstractMavenArchiverConfigurator.java:469)
	at org.sonatype.m2e.mavenarchiver.internal.AbstractMavenArchiverConfigurator.generateManifest(AbstractMavenArchiverConfigurator.java:422)
	at org.sonatype.m2e.mavenarchiver.internal.AbstractMavenArchiverConfigurator.mavenProjectChanged(AbstractMavenArchiverConfigurator.java:227)
	at org.sonatype.m2e.mavenarchiver.internal.AbstractMavenArchiverConfigurator.mavenProjectChanged(AbstractMavenArchiverConfigurator.java:215)
	at org.eclipse.m2e.core.internal.project.ProjectConfigurationManager.mavenProjectChanged(ProjectConfigurationManager.java:1056)
	at org.eclipse.m2e.core.internal.project.registry.ProjectRegistryManager.notifyProjectChangeListeners(ProjectRegistryManager.java:806)
	at org.eclipse.m2e.core.internal.project.registry.ProjectRegistryManager.applyMutableProjectRegistry(ProjectRegistryManager.java:972)
	at org.eclipse.m2e.core.internal.project.registry.ProjectRegistryManager.refresh(ProjectRegistryManager.java:305)
	at org.eclipse.m2e.core.internal.project.ProjectConfigurationManager.updateProjectConfiguration0(ProjectConfigurationManager.java:413)
	at org.eclipse.m2e.core.internal.project.ProjectConfigurationManager.lambda$1(ProjectConfigurationManager.java:362)
	at org.eclipse.m2e.core.internal.embedder.MavenExecutionContext.executeBare(MavenExecutionContext.java:182)
	at org.eclipse.m2e.core.internal.embedder.MavenExecutionContext.execute(MavenExecutionContext.java:156)
	at org.eclipse.m2e.core.internal.embedder.MavenExecutionContext.execute(MavenExecutionContext.java:103)
	at org.eclipse.m2e.core.internal.embedder.MavenImpl.execute(MavenImpl.java:1411)
	at org.eclipse.m2e.core.internal.project.ProjectConfigurationManager.updateProjectConfiguration(ProjectConfigurationManager.java:361)
	at org.eclipse.m2e.core.ui.internal.UpdateMavenProjectJob.runInWorkspace(UpdateMavenProjectJob.java:80)
	at org.eclipse.core.internal.resources.InternalWorkspaceJob.run(InternalWorkspaceJob.java:43)
	at org.eclipse.core.internal.jobs.Worker.run(Worker.java:63)
Caused by: com.google.inject.OutOfScopeException: Cannot access Key[type=org.apache.maven.project.MavenProject, annotation=[none]] outside of a scoping block
	at org.apache.maven.execution.scope.internal.MojoExecutionScope$2.get(MojoExecutionScope.java:122)
	at com.google.inject.internal.InternalFactoryToProviderAdapter.get(InternalFactoryToProviderAdapter.java:39)
	at com.google.inject.internal.SingleParameterInjector.inject(SingleParameterInjector.java:42)
	at com.google.inject.internal.SingleParameterInjector.getAll(SingleParameterInjector.java:65)
	at com.google.inject.internal.ConstructorInjector.provision(ConstructorInjector.java:113)
	at com.google.inject.internal.ConstructorInjector.access$000(ConstructorInjector.java:32)
	at com.google.inject.internal.ConstructorInjector$1.call(ConstructorInjector.java:98)
	at com.google.inject.internal.ProvisionListenerStackCallback$Provision.provision(ProvisionListenerStackCallback.java:112)
	at com.google.inject.internal.ProvisionListenerStackCallback$Provision.provision(ProvisionListenerStackCallback.java:127)
	at com.google.inject.internal.ProvisionListenerStackCallback.provision(ProvisionListenerStackCallback.java:66)
	at com.google.inject.internal.ConstructorInjector.construct(ConstructorInjector.java:93)
	at com.google.inject.internal.ConstructorBindingImpl$Factory.get(ConstructorBindingImpl.java:306)
	at com.google.inject.internal.InjectorImpl$1.get(InjectorImpl.java:1050)
	... 36 common frames omitted
2026-08-04 02:32:15,722 [Worker-13: Updating Maven Project] INFO  o.e.m.j.i.AbstractJavaProjectConfigurator - Adding source folder /backend/src/main/java
2026-08-04 02:32:15,723 [Worker-13: Updating Maven Project] INFO  o.e.m.j.i.AbstractJavaProjectConfigurator - Adding resource folder /backend/src/main/resources
2026-08-04 02:32:15,723 [Worker-13: Updating Maven Project] INFO  o.e.m.j.i.AbstractJavaProjectConfigurator - Adding resource folder /backend/src/main/resources
2026-08-04 02:32:15,724 [Worker-13: Updating Maven Project] INFO  o.e.m.j.i.AbstractJavaProjectConfigurator - Adding source folder /backend/src/test/java
2026-08-04 02:32:15,724 [Worker-13: Updating Maven Project] INFO  o.e.m.j.i.AbstractJavaProjectConfigurator - Adding resource folder /backend/src/test/resources
2026-08-04 02:32:16,483 [Worker-13: Updating Maven Project] INFO  o.e.m.c.i.p.ProjectConfigurationManager - Update completed: 3 sec
2026-08-04 02:32:19,434 [Worker-12: Building] INFO  o.a.m.s.f.DefaultMavenResourcesFiltering - Copying 3 resources from src\main\resources to target\classes
2026-08-04 02:32:19,510 [Worker-12: Building] INFO  o.a.m.s.f.DefaultMavenResourcesFiltering - Copying 3 resources from src\main\resources to target\classes
2026-08-04 02:32:19,545 [Worker-12: Building] INFO  o.a.m.s.f.DefaultMavenResourcesFiltering - Copying 1 resource from src\test\resources to target\test-classes
2026-08-04 02:32:19,566 [Worker-12: Building] WARN  Sisu - Error injecting: org.apache.maven.plugins.jar.JarMojo
com.google.inject.ProvisionException: Unable to provision, see the following errors:

1) Error in custom provider, com.google.inject.OutOfScopeException: Cannot access Key[type=org.apache.maven.project.MavenProject, annotation=[none]] outside of a scoping block
  at org.apache.maven.execution.scope.internal.MojoExecutionScopeModule.configure(MojoExecutionScopeModule.java:55) (via modules: org.eclipse.sisu.wire.WireModule -> org.apache.maven.execution.scope.internal.MojoExecutionScopeModule)
  while locating org.apache.maven.project.MavenProject
    for the 1st parameter of org.apache.maven.plugins.jar.JarMojo.<init>(Unknown Source)
  while locating org.apache.maven.plugins.jar.JarMojo

1 error
	at com.google.inject.internal.InternalProvisionException.toProvisionException(InternalProvisionException.java:226)
	at com.google.inject.internal.InjectorImpl$1.get(InjectorImpl.java:1053)
	at com.google.inject.internal.InjectorImpl.getInstance(InjectorImpl.java:1086)
	at org.eclipse.sisu.space.AbstractDeferredClass.get(AbstractDeferredClass.java:48)
	at com.google.inject.internal.ProviderInternalFactory.provision(ProviderInternalFactory.java:85)
	at com.google.inject.internal.InternalFactoryToInitializableAdapter.provision(InternalFactoryToInitializableAdapter.java:57)
	at com.google.inject.internal.ProviderInternalFactory$1.call(ProviderInternalFactory.java:66)
	at com.google.inject.internal.ProvisionListenerStackCallback$Provision.provision(ProvisionListenerStackCallback.java:112)
	at com.google.inject.internal.ProvisionListenerStackCallback$Provision.provision(ProvisionListenerStackCallback.java:127)
	at com.google.inject.internal.ProvisionListenerStackCallback.provision(ProvisionListenerStackCallback.java:66)
	at com.google.inject.internal.ProviderInternalFactory.circularGet(ProviderInternalFactory.java:61)
	at com.google.inject.internal.InternalFactoryToInitializableAdapter.get(InternalFactoryToInitializableAdapter.java:47)
	at com.google.inject.internal.InjectorImpl$1.get(InjectorImpl.java:1050)
	at org.eclipse.sisu.inject.Guice4$1.get(Guice4.java:162)
	at org.eclipse.sisu.inject.LazyBeanEntry.getValue(LazyBeanEntry.java:81)
	at org.eclipse.sisu.plexus.LazyPlexusBean.getValue(LazyPlexusBean.java:51)
	at org.codehaus.plexus.DefaultPlexusContainer.lookup(DefaultPlexusContainer.java:263)
	at org.codehaus.plexus.DefaultPlexusContainer.lookup(DefaultPlexusContainer.java:255)
	at org.apache.maven.plugin.internal.DefaultMavenPluginManager.getConfiguredMojo(DefaultMavenPluginManager.java:520)
	at org.eclipse.m2e.core.internal.embedder.MavenImpl.getConfiguredMojo(MavenImpl.java:359)
	at org.sonatype.m2e.mavenarchiver.internal.AbstractMavenArchiverConfigurator.reflectManifestGeneration(AbstractMavenArchiverConfigurator.java:469)
	at org.sonatype.m2e.mavenarchiver.internal.AbstractMavenArchiverConfigurator.generateManifest(AbstractMavenArchiverConfigurator.java:422)
	at org.sonatype.m2e.mavenarchiver.internal.AbstractMavenArchiverConfigurator.mavenProjectChanged(AbstractMavenArchiverConfigurator.java:227)
	at org.sonatype.m2e.mavenarchiver.internal.AbstractMavenArchiverConfigurator$1.build(AbstractMavenArchiverConfigurator.java:167)
	at org.eclipse.m2e.core.internal.builder.MavenBuilderImpl.build(MavenBuilderImpl.java:135)
	at org.eclipse.m2e.core.internal.builder.MavenBuilder$1.method(MavenBuilder.java:169)
	at org.eclipse.m2e.core.internal.builder.MavenBuilder$1.method(MavenBuilder.java:1)
	at org.eclipse.m2e.core.internal.builder.MavenBuilder$BuildMethod.lambda$1(MavenBuilder.java:114)
	at org.eclipse.m2e.core.internal.embedder.MavenExecutionContext.executeBare(MavenExecutionContext.java:182)
	at org.eclipse.m2e.core.internal.embedder.MavenExecutionContext.execute(MavenExecutionContext.java:117)
	at org.eclipse.m2e.core.internal.builder.MavenBuilder$BuildMethod.lambda$0(MavenBuilder.java:105)
	at org.eclipse.m2e.core.internal.embedder.MavenExecutionContext.executeBare(MavenExecutionContext.java:182)
	at org.eclipse.m2e.core.internal.embedder.MavenExecutionContext.execute(MavenExecutionContext.java:156)
	at org.eclipse.m2e.core.internal.embedder.MavenExecutionContext.execute(MavenExecutionContext.java:103)
	at org.eclipse.m2e.core.internal.builder.MavenBuilder$BuildMethod.execute(MavenBuilder.java:88)
	at org.eclipse.m2e.core.internal.builder.MavenBuilder.build(MavenBuilder.java:198)
	at org.eclipse.core.internal.events.BuildManager$2.run(BuildManager.java:1024)
	at org.eclipse.core.runtime.SafeRunner.run(SafeRunner.java:45)
	at org.eclipse.core.internal.events.BuildManager.basicBuild(BuildManager.java:254)
	at org.eclipse.core.internal.events.BuildManager.basicBuild(BuildManager.java:311)
	at org.eclipse.core.internal.events.BuildManager$1.run(BuildManager.java:400)
	at org.eclipse.core.runtime.SafeRunner.run(SafeRunner.java:45)
	at org.eclipse.core.internal.events.BuildManager.basicBuild(BuildManager.java:403)
	at org.eclipse.core.internal.events.BuildManager.basicBuildLoop(BuildManager.java:514)
	at org.eclipse.core.internal.events.BuildManager.basicBuildLoop(BuildManager.java:462)
	at org.eclipse.core.internal.events.BuildManager.build(BuildManager.java:544)
	at org.eclipse.core.internal.events.AutoBuildJob.doBuild(AutoBuildJob.java:161)
	at org.eclipse.core.internal.events.AutoBuildJob.run(AutoBuildJob.java:255)
	at org.eclipse.core.internal.jobs.Worker.run(Worker.java:63)
Caused by: com.google.inject.OutOfScopeException: Cannot access Key[type=org.apache.maven.project.MavenProject, annotation=[none]] outside of a scoping block
	at org.apache.maven.execution.scope.internal.MojoExecutionScope$2.get(MojoExecutionScope.java:122)
	at com.google.inject.internal.InternalFactoryToProviderAdapter.get(InternalFactoryToProviderAdapter.java:39)
	at com.google.inject.internal.SingleParameterInjector.inject(SingleParameterInjector.java:42)
	at com.google.inject.internal.SingleParameterInjector.getAll(SingleParameterInjector.java:65)
	at com.google.inject.internal.ConstructorInjector.provision(ConstructorInjector.java:113)
	at com.google.inject.internal.ConstructorInjector.access$000(ConstructorInjector.java:32)
	at com.google.inject.internal.ConstructorInjector$1.call(ConstructorInjector.java:98)
	at com.google.inject.internal.ProvisionListenerStackCallback$Provision.provision(ProvisionListenerStackCallback.java:112)
	at com.google.inject.internal.ProvisionListenerStackCallback$Provision.provision(ProvisionListenerStackCallback.java:127)
	at com.google.inject.internal.ProvisionListenerStackCallback.provision(ProvisionListenerStackCallback.java:66)
	at com.google.inject.internal.ConstructorInjector.construct(ConstructorInjector.java:93)
	at com.google.inject.internal.ConstructorBindingImpl$Factory.get(ConstructorBindingImpl.java:306)
	at com.google.inject.internal.InjectorImpl$1.get(InjectorImpl.java:1050)
	... 47 common frames omitted
2026-08-04 02:32:27,275 [Worker-13: Building] INFO  o.a.m.s.f.DefaultMavenResourcesFiltering - Copying 3 resources from src\main\resources to target\classes
2026-08-04 02:32:27,288 [Worker-13: Building] INFO  o.a.m.s.f.DefaultMavenResourcesFiltering - Copying 3 resources from src\main\resources to target\classes
2026-08-04 02:32:27,300 [Worker-13: Building] INFO  o.a.m.s.f.DefaultMavenResourcesFiltering - Copying 1 resource from src\test\resources to target\test-classes
2026-08-04 02:32:27,318 [Worker-13: Building] WARN  Sisu - Error injecting: org.apache.maven.plugins.jar.JarMojo
com.google.inject.ProvisionException: Unable to provision, see the following errors:

1) Error in custom provider, com.google.inject.OutOfScopeException: Cannot access Key[type=org.apache.maven.project.MavenProject, annotation=[none]] outside of a scoping block
  at org.apache.maven.execution.scope.internal.MojoExecutionScopeModule.configure(MojoExecutionScopeModule.java:55) (via modules: org.eclipse.sisu.wire.WireModule -> org.apache.maven.execution.scope.internal.MojoExecutionScopeModule)
  while locating org.apache.maven.project.MavenProject
    for the 1st parameter of org.apache.maven.plugins.jar.JarMojo.<init>(Unknown Source)
  while locating org.apache.maven.plugins.jar.JarMojo

1 error
	at com.google.inject.internal.InternalProvisionException.toProvisionException(InternalProvisionException.java:226)
	at com.google.inject.internal.InjectorImpl$1.get(InjectorImpl.java:1053)
	at com.google.inject.internal.InjectorImpl.getInstance(InjectorImpl.java:1086)
	at org.eclipse.sisu.space.AbstractDeferredClass.get(AbstractDeferredClass.java:48)
	at com.google.inject.internal.ProviderInternalFactory.provision(ProviderInternalFactory.java:85)
	at com.google.inject.internal.InternalFactoryToInitializableAdapter.provision(InternalFactoryToInitializableAdapter.java:57)
	at com.google.inject.internal.ProviderInternalFactory$1.call(ProviderInternalFactory.java:66)
	at com.google.inject.internal.ProvisionListenerStackCallback$Provision.provision(ProvisionListenerStackCallback.java:112)
	at com.google.inject.internal.ProvisionListenerStackCallback$Provision.provision(ProvisionListenerStackCallback.java:127)
	at com.google.inject.internal.ProvisionListenerStackCallback.provision(ProvisionListenerStackCallback.java:66)
	at com.google.inject.internal.ProviderInternalFactory.circularGet(ProviderInternalFactory.java:61)
	at com.google.inject.internal.InternalFactoryToInitializableAdapter.get(InternalFactoryToInitializableAdapter.java:47)
	at com.google.inject.internal.InjectorImpl$1.get(InjectorImpl.java:1050)
	at org.eclipse.sisu.inject.Guice4$1.get(Guice4.java:162)
	at org.eclipse.sisu.inject.LazyBeanEntry.getValue(LazyBeanEntry.java:81)
	at org.eclipse.sisu.plexus.LazyPlexusBean.getValue(LazyPlexusBean.java:51)
	at org.codehaus.plexus.DefaultPlexusContainer.lookup(DefaultPlexusContainer.java:263)
	at org.codehaus.plexus.DefaultPlexusContainer.lookup(DefaultPlexusContainer.java:255)
	at org.apache.maven.plugin.internal.DefaultMavenPluginManager.getConfiguredMojo(DefaultMavenPluginManager.java:520)
	at org.eclipse.m2e.core.internal.embedder.MavenImpl.getConfiguredMojo(MavenImpl.java:359)
	at org.sonatype.m2e.mavenarchiver.internal.AbstractMavenArchiverConfigurator.reflectManifestGeneration(AbstractMavenArchiverConfigurator.java:469)
	at org.sonatype.m2e.mavenarchiver.internal.AbstractMavenArchiverConfigurator.generateManifest(AbstractMavenArchiverConfigurator.java:422)
	at org.sonatype.m2e.mavenarchiver.internal.AbstractMavenArchiverConfigurator.mavenProjectChanged(AbstractMavenArchiverConfigurator.java:227)
	at org.sonatype.m2e.mavenarchiver.internal.AbstractMavenArchiverConfigurator$1.build(AbstractMavenArchiverConfigurator.java:167)
	at org.eclipse.m2e.core.internal.builder.MavenBuilderImpl.build(MavenBuilderImpl.java:135)
	at org.eclipse.m2e.core.internal.builder.MavenBuilder$1.method(MavenBuilder.java:169)
	at org.eclipse.m2e.core.internal.builder.MavenBuilder$1.method(MavenBuilder.java:1)
	at org.eclipse.m2e.core.internal.builder.MavenBuilder$BuildMethod.lambda$1(MavenBuilder.java:114)
	at org.eclipse.m2e.core.internal.embedder.MavenExecutionContext.executeBare(MavenExecutionContext.java:182)
	at org.eclipse.m2e.core.internal.embedder.MavenExecutionContext.execute(MavenExecutionContext.java:117)
	at org.eclipse.m2e.core.internal.builder.MavenBuilder$BuildMethod.lambda$0(MavenBuilder.java:105)
	at org.eclipse.m2e.core.internal.embedder.MavenExecutionContext.executeBare(MavenExecutionContext.java:182)
	at org.eclipse.m2e.core.internal.embedder.MavenExecutionContext.execute(MavenExecutionContext.java:156)
	at org.eclipse.m2e.core.internal.embedder.MavenExecutionContext.execute(MavenExecutionContext.java:103)
	at org.eclipse.m2e.core.internal.builder.MavenBuilder$BuildMethod.execute(MavenBuilder.java:88)
	at org.eclipse.m2e.core.internal.builder.MavenBuilder.build(MavenBuilder.java:198)
	at org.eclipse.core.internal.events.BuildManager$2.run(BuildManager.java:1024)
	at org.eclipse.core.runtime.SafeRunner.run(SafeRunner.java:45)
	at org.eclipse.core.internal.events.BuildManager.basicBuild(BuildManager.java:254)
	at org.eclipse.core.internal.events.BuildManager.basicBuild(BuildManager.java:311)
	at org.eclipse.core.internal.events.BuildManager$1.run(BuildManager.java:400)
	at org.eclipse.core.runtime.SafeRunner.run(SafeRunner.java:45)
	at org.eclipse.core.internal.events.BuildManager.basicBuild(BuildManager.java:403)
	at org.eclipse.core.internal.events.BuildManager.basicBuildLoop(BuildManager.java:514)
	at org.eclipse.core.internal.events.BuildManager.basicBuildLoop(BuildManager.java:462)
	at org.eclipse.core.internal.events.BuildManager.build(BuildManager.java:544)
	at org.eclipse.core.internal.events.AutoBuildJob.doBuild(AutoBuildJob.java:161)
	at org.eclipse.core.internal.events.AutoBuildJob.run(AutoBuildJob.java:255)
	at org.eclipse.core.internal.jobs.Worker.run(Worker.java:63)
Caused by: com.google.inject.OutOfScopeException: Cannot access Key[type=org.apache.maven.project.MavenProject, annotation=[none]] outside of a scoping block
	at org.apache.maven.execution.scope.internal.MojoExecutionScope$2.get(MojoExecutionScope.java:122)
	at com.google.inject.internal.InternalFactoryToProviderAdapter.get(InternalFactoryToProviderAdapter.java:39)
	at com.google.inject.internal.SingleParameterInjector.inject(SingleParameterInjector.java:42)
	at com.google.inject.internal.SingleParameterInjector.getAll(SingleParameterInjector.java:65)
	at com.google.inject.internal.ConstructorInjector.provision(ConstructorInjector.java:113)
	at com.google.inject.internal.ConstructorInjector.access$000(ConstructorInjector.java:32)
	at com.google.inject.internal.ConstructorInjector$1.call(ConstructorInjector.java:98)
	at com.google.inject.internal.ProvisionListenerStackCallback$Provision.provision(ProvisionListenerStackCallback.java:112)
	at com.google.inject.internal.ProvisionListenerStackCallback$Provision.provision(ProvisionListenerStackCallback.java:127)
	at com.google.inject.internal.ProvisionListenerStackCallback.provision(ProvisionListenerStackCallback.java:66)
	at com.google.inject.internal.ConstructorInjector.construct(ConstructorInjector.java:93)
	at com.google.inject.internal.ConstructorBindingImpl$Factory.get(ConstructorBindingImpl.java:306)
	at com.google.inject.internal.InjectorImpl$1.get(InjectorImpl.java:1050)
	... 47 common frames omitted
2026-08-04 02:45:02,100 [Worker-13: Building] INFO  o.a.m.s.f.DefaultMavenResourcesFiltering - Copying 0 resource from src\main\resources to target\classes
2026-08-04 02:45:02,108 [Worker-13: Building] INFO  o.a.m.s.f.DefaultMavenResourcesFiltering - Copying 0 resource from src\main\resources to target\classes
2026-08-04 02:45:02,117 [Worker-13: Building] INFO  o.a.m.s.f.DefaultMavenResourcesFiltering - Copying 0 resource from src\test\resources to target\test-classes
2026-08-04 02:45:02,139 [Worker-13: Building] WARN  Sisu - Error injecting: org.apache.maven.plugins.jar.JarMojo
com.google.inject.ProvisionException: Unable to provision, see the following errors:

1) Error in custom provider, com.google.inject.OutOfScopeException: Cannot access Key[type=org.apache.maven.project.MavenProject, annotation=[none]] outside of a scoping block
  at org.apache.maven.execution.scope.internal.MojoExecutionScopeModule.configure(MojoExecutionScopeModule.java:55) (via modules: org.eclipse.sisu.wire.WireModule -> org.apache.maven.execution.scope.internal.MojoExecutionScopeModule)
  while locating org.apache.maven.project.MavenProject
    for the 1st parameter of org.apache.maven.plugins.jar.JarMojo.<init>(Unknown Source)
  while locating org.apache.maven.plugins.jar.JarMojo

1 error
	at com.google.inject.internal.InternalProvisionException.toProvisionException(InternalProvisionException.java:226)
	at com.google.inject.internal.InjectorImpl$1.get(InjectorImpl.java:1053)
	at com.google.inject.internal.InjectorImpl.getInstance(InjectorImpl.java:1086)
	at org.eclipse.sisu.space.AbstractDeferredClass.get(AbstractDeferredClass.java:48)
	at com.google.inject.internal.ProviderInternalFactory.provision(ProviderInternalFactory.java:85)
	at com.google.inject.internal.InternalFactoryToInitializableAdapter.provision(InternalFactoryToInitializableAdapter.java:57)
	at com.google.inject.internal.ProviderInternalFactory$1.call(ProviderInternalFactory.java:66)
	at com.google.inject.internal.ProvisionListenerStackCallback$Provision.provision(ProvisionListenerStackCallback.java:112)
	at com.google.inject.internal.ProvisionListenerStackCallback$Provision.provision(ProvisionListenerStackCallback.java:127)
	at com.google.inject.internal.ProvisionListenerStackCallback.provision(ProvisionListenerStackCallback.java:66)
	at com.google.inject.internal.ProviderInternalFactory.circularGet(ProviderInternalFactory.java:61)
	at com.google.inject.internal.InternalFactoryToInitializableAdapter.get(InternalFactoryToInitializableAdapter.java:47)
	at com.google.inject.internal.InjectorImpl$1.get(InjectorImpl.java:1050)
	at org.eclipse.sisu.inject.Guice4$1.get(Guice4.java:162)
	at org.eclipse.sisu.inject.LazyBeanEntry.getValue(LazyBeanEntry.java:81)
	at org.eclipse.sisu.plexus.LazyPlexusBean.getValue(LazyPlexusBean.java:51)
	at org.codehaus.plexus.DefaultPlexusContainer.lookup(DefaultPlexusContainer.java:263)
	at org.codehaus.plexus.DefaultPlexusContainer.lookup(DefaultPlexusContainer.java:255)
	at org.apache.maven.plugin.internal.DefaultMavenPluginManager.getConfiguredMojo(DefaultMavenPluginManager.java:520)
	at org.eclipse.m2e.core.internal.embedder.MavenImpl.getConfiguredMojo(MavenImpl.java:359)
	at org.sonatype.m2e.mavenarchiver.internal.AbstractMavenArchiverConfigurator.reflectManifestGeneration(AbstractMavenArchiverConfigurator.java:469)
	at org.sonatype.m2e.mavenarchiver.internal.AbstractMavenArchiverConfigurator.generateManifest(AbstractMavenArchiverConfigurator.java:422)
	at org.sonatype.m2e.mavenarchiver.internal.AbstractMavenArchiverConfigurator.mavenProjectChanged(AbstractMavenArchiverConfigurator.java:227)
	at org.sonatype.m2e.mavenarchiver.internal.AbstractMavenArchiverConfigurator$1.build(AbstractMavenArchiverConfigurator.java:167)
	at org.eclipse.m2e.core.internal.builder.MavenBuilderImpl.build(MavenBuilderImpl.java:135)
	at org.eclipse.m2e.core.internal.builder.MavenBuilder$1.method(MavenBuilder.java:169)
	at org.eclipse.m2e.core.internal.builder.MavenBuilder$1.method(MavenBuilder.java:1)
	at org.eclipse.m2e.core.internal.builder.MavenBuilder$BuildMethod.lambda$1(MavenBuilder.java:114)
	at org.eclipse.m2e.core.internal.embedder.MavenExecutionContext.executeBare(MavenExecutionContext.java:182)
	at org.eclipse.m2e.core.internal.embedder.MavenExecutionContext.execute(MavenExecutionContext.java:117)
	at org.eclipse.m2e.core.internal.builder.MavenBuilder$BuildMethod.lambda$0(MavenBuilder.java:105)
	at org.eclipse.m2e.core.internal.embedder.MavenExecutionContext.executeBare(MavenExecutionContext.java:182)
	at org.eclipse.m2e.core.internal.embedder.MavenExecutionContext.execute(MavenExecutionContext.java:156)
	at org.eclipse.m2e.core.internal.embedder.MavenExecutionContext.execute(MavenExecutionContext.java:103)
	at org.eclipse.m2e.core.internal.builder.MavenBuilder$BuildMethod.execute(MavenBuilder.java:88)
	at org.eclipse.m2e.core.internal.builder.MavenBuilder.build(MavenBuilder.java:198)
	at org.eclipse.core.internal.events.BuildManager$2.run(BuildManager.java:1024)
	at org.eclipse.core.runtime.SafeRunner.run(SafeRunner.java:45)
	at org.eclipse.core.internal.events.BuildManager.basicBuild(BuildManager.java:254)
	at org.eclipse.core.internal.events.BuildManager.basicBuild(BuildManager.java:311)
	at org.eclipse.core.internal.events.BuildManager$1.run(BuildManager.java:400)
	at org.eclipse.core.runtime.SafeRunner.run(SafeRunner.java:45)
	at org.eclipse.core.internal.events.BuildManager.basicBuild(BuildManager.java:403)
	at org.eclipse.core.internal.events.BuildManager.basicBuildLoop(BuildManager.java:514)
	at org.eclipse.core.internal.events.BuildManager.basicBuildLoop(BuildManager.java:462)
	at org.eclipse.core.internal.events.BuildManager.build(BuildManager.java:544)
	at org.eclipse.core.internal.events.AutoBuildJob.doBuild(AutoBuildJob.java:161)
	at org.eclipse.core.internal.events.AutoBuildJob.run(AutoBuildJob.java:255)
	at org.eclipse.core.internal.jobs.Worker.run(Worker.java:63)
Caused by: com.google.inject.OutOfScopeException: Cannot access Key[type=org.apache.maven.project.MavenProject, annotation=[none]] outside of a scoping block
	at org.apache.maven.execution.scope.internal.MojoExecutionScope$2.get(MojoExecutionScope.java:122)
	at com.google.inject.internal.InternalFactoryToProviderAdapter.get(InternalFactoryToProviderAdapter.java:39)
	at com.google.inject.internal.SingleParameterInjector.inject(SingleParameterInjector.java:42)
	at com.google.inject.internal.SingleParameterInjector.getAll(SingleParameterInjector.java:65)
	at com.google.inject.internal.ConstructorInjector.provision(ConstructorInjector.java:113)
	at com.google.inject.internal.ConstructorInjector.access$000(ConstructorInjector.java:32)
	at com.google.inject.internal.ConstructorInjector$1.call(ConstructorInjector.java:98)
	at com.google.inject.internal.ProvisionListenerStackCallback$Provision.provision(ProvisionListenerStackCallback.java:112)
	at com.google.inject.internal.ProvisionListenerStackCallback$Provision.provision(ProvisionListenerStackCallback.java:127)
	at com.google.inject.internal.ProvisionListenerStackCallback.provision(ProvisionListenerStackCallback.java:66)
	at com.google.inject.internal.ConstructorInjector.construct(ConstructorInjector.java:93)
	at com.google.inject.internal.ConstructorBindingImpl$Factory.get(ConstructorBindingImpl.java:306)
	at com.google.inject.internal.InjectorImpl$1.get(InjectorImpl.java:1050)
	... 47 common frames omitted
2026-08-04 02:45:10,584 [Worker-15: Updating Maven Project] INFO  o.e.m.c.i.p.ProjectConfigurationManager - Update started
2026-08-04 02:45:11,636 [Worker-15: Updating Maven Project] INFO  o.e.m.c.i.l.LifecycleMappingFactory - Using org.eclipse.m2e.jdt.JarLifecycleMapping lifecycle mapping for MavenProject: com.emart:EmartCategoryMaster:0.0.1-SNAPSHOT @ C:\Users\ADMIN\OneDrive\Documents\Final\backend\pom.xml.
2026-08-04 02:45:13,038 [Worker-15: Updating Maven Project] WARN  Sisu - Error injecting: org.apache.maven.plugins.jar.JarMojo
com.google.inject.ProvisionException: Unable to provision, see the following errors:

1) Error in custom provider, com.google.inject.OutOfScopeException: Cannot access Key[type=org.apache.maven.project.MavenProject, annotation=[none]] outside of a scoping block
  at org.apache.maven.execution.scope.internal.MojoExecutionScopeModule.configure(MojoExecutionScopeModule.java:55) (via modules: org.eclipse.sisu.wire.WireModule -> org.apache.maven.execution.scope.internal.MojoExecutionScopeModule)
  while locating org.apache.maven.project.MavenProject
    for the 1st parameter of org.apache.maven.plugins.jar.JarMojo.<init>(Unknown Source)
  while locating org.apache.maven.plugins.jar.JarMojo

1 error
	at com.google.inject.internal.InternalProvisionException.toProvisionException(InternalProvisionException.java:226)
	at com.google.inject.internal.InjectorImpl$1.get(InjectorImpl.java:1053)
	at com.google.inject.internal.InjectorImpl.getInstance(InjectorImpl.java:1086)
	at org.eclipse.sisu.space.AbstractDeferredClass.get(AbstractDeferredClass.java:48)
	at com.google.inject.internal.ProviderInternalFactory.provision(ProviderInternalFactory.java:85)
	at com.google.inject.internal.InternalFactoryToInitializableAdapter.provision(InternalFactoryToInitializableAdapter.java:57)
	at com.google.inject.internal.ProviderInternalFactory$1.call(ProviderInternalFactory.java:66)
	at com.google.inject.internal.ProvisionListenerStackCallback$Provision.provision(ProvisionListenerStackCallback.java:112)
	at com.google.inject.internal.ProvisionListenerStackCallback$Provision.provision(ProvisionListenerStackCallback.java:127)
	at com.google.inject.internal.ProvisionListenerStackCallback.provision(ProvisionListenerStackCallback.java:66)
	at com.google.inject.internal.ProviderInternalFactory.circularGet(ProviderInternalFactory.java:61)
	at com.google.inject.internal.InternalFactoryToInitializableAdapter.get(InternalFactoryToInitializableAdapter.java:47)
	at com.google.inject.internal.InjectorImpl$1.get(InjectorImpl.java:1050)
	at org.eclipse.sisu.inject.Guice4$1.get(Guice4.java:162)
	at org.eclipse.sisu.inject.LazyBeanEntry.getValue(LazyBeanEntry.java:81)
	at org.eclipse.sisu.plexus.LazyPlexusBean.getValue(LazyPlexusBean.java:51)
	at org.codehaus.plexus.DefaultPlexusContainer.lookup(DefaultPlexusContainer.java:263)
	at org.codehaus.plexus.DefaultPlexusContainer.lookup(DefaultPlexusContainer.java:255)
	at org.apache.maven.plugin.internal.DefaultMavenPluginManager.getConfiguredMojo(DefaultMavenPluginManager.java:520)
	at org.eclipse.m2e.core.internal.embedder.MavenImpl.getConfiguredMojo(MavenImpl.java:359)
	at org.sonatype.m2e.mavenarchiver.internal.AbstractMavenArchiverConfigurator.reflectManifestGeneration(AbstractMavenArchiverConfigurator.java:469)
	at org.sonatype.m2e.mavenarchiver.internal.AbstractMavenArchiverConfigurator.generateManifest(AbstractMavenArchiverConfigurator.java:422)
	at org.sonatype.m2e.mavenarchiver.internal.AbstractMavenArchiverConfigurator.mavenProjectChanged(AbstractMavenArchiverConfigurator.java:227)
	at org.sonatype.m2e.mavenarchiver.internal.AbstractMavenArchiverConfigurator.mavenProjectChanged(AbstractMavenArchiverConfigurator.java:215)
	at org.eclipse.m2e.core.internal.project.ProjectConfigurationManager.mavenProjectChanged(ProjectConfigurationManager.java:1056)
	at org.eclipse.m2e.core.internal.project.registry.ProjectRegistryManager.notifyProjectChangeListeners(ProjectRegistryManager.java:806)
	at org.eclipse.m2e.core.internal.project.registry.ProjectRegistryManager.applyMutableProjectRegistry(ProjectRegistryManager.java:972)
	at org.eclipse.m2e.core.internal.project.registry.ProjectRegistryManager.refresh(ProjectRegistryManager.java:305)
	at org.eclipse.m2e.core.internal.project.ProjectConfigurationManager.updateProjectConfiguration0(ProjectConfigurationManager.java:413)
	at org.eclipse.m2e.core.internal.project.ProjectConfigurationManager.lambda$1(ProjectConfigurationManager.java:362)
	at org.eclipse.m2e.core.internal.embedder.MavenExecutionContext.executeBare(MavenExecutionContext.java:182)
	at org.eclipse.m2e.core.internal.embedder.MavenExecutionContext.execute(MavenExecutionContext.java:156)
	at org.eclipse.m2e.core.internal.embedder.MavenExecutionContext.execute(MavenExecutionContext.java:103)
	at org.eclipse.m2e.core.internal.embedder.MavenImpl.execute(MavenImpl.java:1411)
	at org.eclipse.m2e.core.internal.project.ProjectConfigurationManager.updateProjectConfiguration(ProjectConfigurationManager.java:361)
	at org.eclipse.m2e.core.ui.internal.UpdateMavenProjectJob.runInWorkspace(UpdateMavenProjectJob.java:80)
	at org.eclipse.core.internal.resources.InternalWorkspaceJob.run(InternalWorkspaceJob.java:43)
	at org.eclipse.core.internal.jobs.Worker.run(Worker.java:63)
Caused by: com.google.inject.OutOfScopeException: Cannot access Key[type=org.apache.maven.project.MavenProject, annotation=[none]] outside of a scoping block
	at org.apache.maven.execution.scope.internal.MojoExecutionScope$2.get(MojoExecutionScope.java:122)
	at com.google.inject.internal.InternalFactoryToProviderAdapter.get(InternalFactoryToProviderAdapter.java:39)
	at com.google.inject.internal.SingleParameterInjector.inject(SingleParameterInjector.java:42)
	at com.google.inject.internal.SingleParameterInjector.getAll(SingleParameterInjector.java:65)
	at com.google.inject.internal.ConstructorInjector.provision(ConstructorInjector.java:113)
	at com.google.inject.internal.ConstructorInjector.access$000(ConstructorInjector.java:32)
	at com.google.inject.internal.ConstructorInjector$1.call(ConstructorInjector.java:98)
	at com.google.inject.internal.ProvisionListenerStackCallback$Provision.provision(ProvisionListenerStackCallback.java:112)
	at com.google.inject.internal.ProvisionListenerStackCallback$Provision.provision(ProvisionListenerStackCallback.java:127)
	at com.google.inject.internal.ProvisionListenerStackCallback.provision(ProvisionListenerStackCallback.java:66)
	at com.google.inject.internal.ConstructorInjector.construct(ConstructorInjector.java:93)
	at com.google.inject.internal.ConstructorBindingImpl$Factory.get(ConstructorBindingImpl.java:306)
	at com.google.inject.internal.InjectorImpl$1.get(InjectorImpl.java:1050)
	... 36 common frames omitted
2026-08-04 02:45:14,072 [Worker-15: Updating Maven Project] INFO  o.e.m.j.i.AbstractJavaProjectConfigurator - Adding source folder /backend/src/main/java
2026-08-04 02:45:14,072 [Worker-15: Updating Maven Project] INFO  o.e.m.j.i.AbstractJavaProjectConfigurator - Adding resource folder /backend/src/main/resources
2026-08-04 02:45:14,073 [Worker-15: Updating Maven Project] INFO  o.e.m.j.i.AbstractJavaProjectConfigurator - Adding resource folder /backend/src/main/resources
2026-08-04 02:45:14,074 [Worker-15: Updating Maven Project] INFO  o.e.m.j.i.AbstractJavaProjectConfigurator - Adding source folder /backend/src/test/java
2026-08-04 02:45:14,074 [Worker-15: Updating Maven Project] INFO  o.e.m.j.i.AbstractJavaProjectConfigurator - Adding resource folder /backend/src/test/resources
2026-08-04 02:45:15,530 [Worker-15: Updating Maven Project] INFO  o.e.m.c.i.p.ProjectConfigurationManager - Update completed: 4 sec
2026-08-04 02:45:18,347 [Worker-15: Building] INFO  o.a.m.s.f.DefaultMavenResourcesFiltering - Copying 3 resources from src\main\resources to target\classes
2026-08-04 02:45:18,401 [Worker-15: Building] INFO  o.a.m.s.f.DefaultMavenResourcesFiltering - Copying 3 resources from src\main\resources to target\classes
2026-08-04 02:45:18,441 [Worker-15: Building] INFO  o.a.m.s.f.DefaultMavenResourcesFiltering - Copying 1 resource from src\test\resources to target\test-classes
2026-08-04 02:45:18,466 [Worker-15: Building] WARN  Sisu - Error injecting: org.apache.maven.plugins.jar.JarMojo
com.google.inject.ProvisionException: Unable to provision, see the following errors:

1) Error in custom provider, com.google.inject.OutOfScopeException: Cannot access Key[type=org.apache.maven.project.MavenProject, annotation=[none]] outside of a scoping block
  at org.apache.maven.execution.scope.internal.MojoExecutionScopeModule.configure(MojoExecutionScopeModule.java:55) (via modules: org.eclipse.sisu.wire.WireModule -> org.apache.maven.execution.scope.internal.MojoExecutionScopeModule)
  while locating org.apache.maven.project.MavenProject
    for the 1st parameter of org.apache.maven.plugins.jar.JarMojo.<init>(Unknown Source)
  while locating org.apache.maven.plugins.jar.JarMojo

1 error
	at com.google.inject.internal.InternalProvisionException.toProvisionException(InternalProvisionException.java:226)
	at com.google.inject.internal.InjectorImpl$1.get(InjectorImpl.java:1053)
	at com.google.inject.internal.InjectorImpl.getInstance(InjectorImpl.java:1086)
	at org.eclipse.sisu.space.AbstractDeferredClass.get(AbstractDeferredClass.java:48)
	at com.google.inject.internal.ProviderInternalFactory.provision(ProviderInternalFactory.java:85)
	at com.google.inject.internal.InternalFactoryToInitializableAdapter.provision(InternalFactoryToInitializableAdapter.java:57)
	at com.google.inject.internal.ProviderInternalFactory$1.call(ProviderInternalFactory.java:66)
	at com.google.inject.internal.ProvisionListenerStackCallback$Provision.provision(ProvisionListenerStackCallback.java:112)
	at com.google.inject.internal.ProvisionListenerStackCallback$Provision.provision(ProvisionListenerStackCallback.java:127)
	at com.google.inject.internal.ProvisionListenerStackCallback.provision(ProvisionListenerStackCallback.java:66)
	at com.google.inject.internal.ProviderInternalFactory.circularGet(ProviderInternalFactory.java:61)
	at com.google.inject.internal.InternalFactoryToInitializableAdapter.get(InternalFactoryToInitializableAdapter.java:47)
	at com.google.inject.internal.InjectorImpl$1.get(InjectorImpl.java:1050)
	at org.eclipse.sisu.inject.Guice4$1.get(Guice4.java:162)
	at org.eclipse.sisu.inject.LazyBeanEntry.getValue(LazyBeanEntry.java:81)
	at org.eclipse.sisu.plexus.LazyPlexusBean.getValue(LazyPlexusBean.java:51)
	at org.codehaus.plexus.DefaultPlexusContainer.lookup(DefaultPlexusContainer.java:263)
	at org.codehaus.plexus.DefaultPlexusContainer.lookup(DefaultPlexusContainer.java:255)
	at org.apache.maven.plugin.internal.DefaultMavenPluginManager.getConfiguredMojo(DefaultMavenPluginManager.java:520)
	at org.eclipse.m2e.core.internal.embedder.MavenImpl.getConfiguredMojo(MavenImpl.java:359)
	at org.sonatype.m2e.mavenarchiver.internal.AbstractMavenArchiverConfigurator.reflectManifestGeneration(AbstractMavenArchiverConfigurator.java:469)
	at org.sonatype.m2e.mavenarchiver.internal.AbstractMavenArchiverConfigurator.generateManifest(AbstractMavenArchiverConfigurator.java:422)
	at org.sonatype.m2e.mavenarchiver.internal.AbstractMavenArchiverConfigurator.mavenProjectChanged(AbstractMavenArchiverConfigurator.java:227)
	at org.sonatype.m2e.mavenarchiver.internal.AbstractMavenArchiverConfigurator$1.build(AbstractMavenArchiverConfigurator.java:167)
	at org.eclipse.m2e.core.internal.builder.MavenBuilderImpl.build(MavenBuilderImpl.java:135)
	at org.eclipse.m2e.core.internal.builder.MavenBuilder$1.method(MavenBuilder.java:169)
	at org.eclipse.m2e.core.internal.builder.MavenBuilder$1.method(MavenBuilder.java:1)
	at org.eclipse.m2e.core.internal.builder.MavenBuilder$BuildMethod.lambda$1(MavenBuilder.java:114)
	at org.eclipse.m2e.core.internal.embedder.MavenExecutionContext.executeBare(MavenExecutionContext.java:182)
	at org.eclipse.m2e.core.internal.embedder.MavenExecutionContext.execute(MavenExecutionContext.java:117)
	at org.eclipse.m2e.core.internal.builder.MavenBuilder$BuildMethod.lambda$0(MavenBuilder.java:105)
	at org.eclipse.m2e.core.internal.embedder.MavenExecutionContext.executeBare(MavenExecutionContext.java:182)
	at org.eclipse.m2e.core.internal.embedder.MavenExecutionContext.execute(MavenExecutionContext.java:156)
	at org.eclipse.m2e.core.internal.embedder.MavenExecutionContext.execute(MavenExecutionContext.java:103)
	at org.eclipse.m2e.core.internal.builder.MavenBuilder$BuildMethod.execute(MavenBuilder.java:88)
	at org.eclipse.m2e.core.internal.builder.MavenBuilder.build(MavenBuilder.java:198)
	at org.eclipse.core.internal.events.BuildManager$2.run(BuildManager.java:1024)
	at org.eclipse.core.runtime.SafeRunner.run(SafeRunner.java:45)
	at org.eclipse.core.internal.events.BuildManager.basicBuild(BuildManager.java:254)
	at org.eclipse.core.internal.events.BuildManager.basicBuild(BuildManager.java:311)
	at org.eclipse.core.internal.events.BuildManager$1.run(BuildManager.java:400)
	at org.eclipse.core.runtime.SafeRunner.run(SafeRunner.java:45)
	at org.eclipse.core.internal.events.BuildManager.basicBuild(BuildManager.java:403)
	at org.eclipse.core.internal.events.BuildManager.basicBuildLoop(BuildManager.java:514)
	at org.eclipse.core.internal.events.BuildManager.basicBuildLoop(BuildManager.java:462)
	at org.eclipse.core.internal.events.BuildManager.build(BuildManager.java:544)
	at org.eclipse.core.internal.events.AutoBuildJob.doBuild(AutoBuildJob.java:161)
	at org.eclipse.core.internal.events.AutoBuildJob.run(AutoBuildJob.java:255)
	at org.eclipse.core.internal.jobs.Worker.run(Worker.java:63)
Caused by: com.google.inject.OutOfScopeException: Cannot access Key[type=org.apache.maven.project.MavenProject, annotation=[none]] outside of a scoping block
	at org.apache.maven.execution.scope.internal.MojoExecutionScope$2.get(MojoExecutionScope.java:122)
	at com.google.inject.internal.InternalFactoryToProviderAdapter.get(InternalFactoryToProviderAdapter.java:39)
	at com.google.inject.internal.SingleParameterInjector.inject(SingleParameterInjector.java:42)
	at com.google.inject.internal.SingleParameterInjector.getAll(SingleParameterInjector.java:65)
	at com.google.inject.internal.ConstructorInjector.provision(ConstructorInjector.java:113)
	at com.google.inject.internal.ConstructorInjector.access$000(ConstructorInjector.java:32)
	at com.google.inject.internal.ConstructorInjector$1.call(ConstructorInjector.java:98)
	at com.google.inject.internal.ProvisionListenerStackCallback$Provision.provision(ProvisionListenerStackCallback.java:112)
	at com.google.inject.internal.ProvisionListenerStackCallback$Provision.provision(ProvisionListenerStackCallback.java:127)
	at com.google.inject.internal.ProvisionListenerStackCallback.provision(ProvisionListenerStackCallback.java:66)
	at com.google.inject.internal.ConstructorInjector.construct(ConstructorInjector.java:93)
	at com.google.inject.internal.ConstructorBindingImpl$Factory.get(ConstructorBindingImpl.java:306)
	at com.google.inject.internal.InjectorImpl$1.get(InjectorImpl.java:1050)
	... 47 common frames omitted
2026-08-04 02:45:25,974 [Worker-13: Building] INFO  o.a.m.s.f.DefaultMavenResourcesFiltering - Copying 3 resources from src\main\resources to target\classes
2026-08-04 02:45:25,989 [Worker-13: Building] INFO  o.a.m.s.f.DefaultMavenResourcesFiltering - Copying 3 resources from src\main\resources to target\classes
2026-08-04 02:45:26,001 [Worker-13: Building] INFO  o.a.m.s.f.DefaultMavenResourcesFiltering - Copying 1 resource from src\test\resources to target\test-classes
2026-08-04 02:45:26,024 [Worker-13: Building] WARN  Sisu - Error injecting: org.apache.maven.plugins.jar.JarMojo
com.google.inject.ProvisionException: Unable to provision, see the following errors:

1) Error in custom provider, com.google.inject.OutOfScopeException: Cannot access Key[type=org.apache.maven.project.MavenProject, annotation=[none]] outside of a scoping block
  at org.apache.maven.execution.scope.internal.MojoExecutionScopeModule.configure(MojoExecutionScopeModule.java:55) (via modules: org.eclipse.sisu.wire.WireModule -> org.apache.maven.execution.scope.internal.MojoExecutionScopeModule)
  while locating org.apache.maven.project.MavenProject
    for the 1st parameter of org.apache.maven.plugins.jar.JarMojo.<init>(Unknown Source)
  while locating org.apache.maven.plugins.jar.JarMojo

1 error
	at com.google.inject.internal.InternalProvisionException.toProvisionException(InternalProvisionException.java:226)
	at com.google.inject.internal.InjectorImpl$1.get(InjectorImpl.java:1053)
	at com.google.inject.internal.InjectorImpl.getInstance(InjectorImpl.java:1086)
	at org.eclipse.sisu.space.AbstractDeferredClass.get(AbstractDeferredClass.java:48)
	at com.google.inject.internal.ProviderInternalFactory.provision(ProviderInternalFactory.java:85)
	at com.google.inject.internal.InternalFactoryToInitializableAdapter.provision(InternalFactoryToInitializableAdapter.java:57)
	at com.google.inject.internal.ProviderInternalFactory$1.call(ProviderInternalFactory.java:66)
	at com.google.inject.internal.ProvisionListenerStackCallback$Provision.provision(ProvisionListenerStackCallback.java:112)
	at com.google.inject.internal.ProvisionListenerStackCallback$Provision.provision(ProvisionListenerStackCallback.java:127)
	at com.google.inject.internal.ProvisionListenerStackCallback.provision(ProvisionListenerStackCallback.java:66)
	at com.google.inject.internal.ProviderInternalFactory.circularGet(ProviderInternalFactory.java:61)
	at com.google.inject.internal.InternalFactoryToInitializableAdapter.get(InternalFactoryToInitializableAdapter.java:47)
	at com.google.inject.internal.InjectorImpl$1.get(InjectorImpl.java:1050)
	at org.eclipse.sisu.inject.Guice4$1.get(Guice4.java:162)
	at org.eclipse.sisu.inject.LazyBeanEntry.getValue(LazyBeanEntry.java:81)
	at org.eclipse.sisu.plexus.LazyPlexusBean.getValue(LazyPlexusBean.java:51)
	at org.codehaus.plexus.DefaultPlexusContainer.lookup(DefaultPlexusContainer.java:263)
	at org.codehaus.plexus.DefaultPlexusContainer.lookup(DefaultPlexusContainer.java:255)
	at org.apache.maven.plugin.internal.DefaultMavenPluginManager.getConfiguredMojo(DefaultMavenPluginManager.java:520)
	at org.eclipse.m2e.core.internal.embedder.MavenImpl.getConfiguredMojo(MavenImpl.java:359)
	at org.sonatype.m2e.mavenarchiver.internal.AbstractMavenArchiverConfigurator.reflectManifestGeneration(AbstractMavenArchiverConfigurator.java:469)
	at org.sonatype.m2e.mavenarchiver.internal.AbstractMavenArchiverConfigurator.generateManifest(AbstractMavenArchiverConfigurator.java:422)
	at org.sonatype.m2e.mavenarchiver.internal.AbstractMavenArchiverConfigurator.mavenProjectChanged(AbstractMavenArchiverConfigurator.java:227)
	at org.sonatype.m2e.mavenarchiver.internal.AbstractMavenArchiverConfigurator$1.build(AbstractMavenArchiverConfigurator.java:167)
	at org.eclipse.m2e.core.internal.builder.MavenBuilderImpl.build(MavenBuilderImpl.java:135)
	at org.eclipse.m2e.core.internal.builder.MavenBuilder$1.method(MavenBuilder.java:169)
	at org.eclipse.m2e.core.internal.builder.MavenBuilder$1.method(MavenBuilder.java:1)
	at org.eclipse.m2e.core.internal.builder.MavenBuilder$BuildMethod.lambda$1(MavenBuilder.java:114)
	at org.eclipse.m2e.core.internal.embedder.MavenExecutionContext.executeBare(MavenExecutionContext.java:182)
	at org.eclipse.m2e.core.internal.embedder.MavenExecutionContext.execute(MavenExecutionContext.java:117)
	at org.eclipse.m2e.core.internal.builder.MavenBuilder$BuildMethod.lambda$0(MavenBuilder.java:105)
	at org.eclipse.m2e.core.internal.embedder.MavenExecutionContext.executeBare(MavenExecutionContext.java:182)
	at org.eclipse.m2e.core.internal.embedder.MavenExecutionContext.execute(MavenExecutionContext.java:156)
	at org.eclipse.m2e.core.internal.embedder.MavenExecutionContext.execute(MavenExecutionContext.java:103)
	at org.eclipse.m2e.core.internal.builder.MavenBuilder$BuildMethod.execute(MavenBuilder.java:88)
	at org.eclipse.m2e.core.internal.builder.MavenBuilder.build(MavenBuilder.java:198)
	at org.eclipse.core.internal.events.BuildManager$2.run(BuildManager.java:1024)
	at org.eclipse.core.runtime.SafeRunner.run(SafeRunner.java:45)
	at org.eclipse.core.internal.events.BuildManager.basicBuild(BuildManager.java:254)
	at org.eclipse.core.internal.events.BuildManager.basicBuild(BuildManager.java:311)
	at org.eclipse.core.internal.events.BuildManager$1.run(BuildManager.java:400)
	at org.eclipse.core.runtime.SafeRunner.run(SafeRunner.java:45)
	at org.eclipse.core.internal.events.BuildManager.basicBuild(BuildManager.java:403)
	at org.eclipse.core.internal.events.BuildManager.basicBuildLoop(BuildManager.java:514)
	at org.eclipse.core.internal.events.BuildManager.basicBuildLoop(BuildManager.java:462)
	at org.eclipse.core.internal.events.BuildManager.build(BuildManager.java:544)
	at org.eclipse.core.internal.events.AutoBuildJob.doBuild(AutoBuildJob.java:161)
	at org.eclipse.core.internal.events.AutoBuildJob.run(AutoBuildJob.java:255)
	at org.eclipse.core.internal.jobs.Worker.run(Worker.java:63)
Caused by: com.google.inject.OutOfScopeException: Cannot access Key[type=org.apache.maven.project.MavenProject, annotation=[none]] outside of a scoping block
	at org.apache.maven.execution.scope.internal.MojoExecutionScope$2.get(MojoExecutionScope.java:122)
	at com.google.inject.internal.InternalFactoryToProviderAdapter.get(InternalFactoryToProviderAdapter.java:39)
	at com.google.inject.internal.SingleParameterInjector.inject(SingleParameterInjector.java:42)
	at com.google.inject.internal.SingleParameterInjector.getAll(SingleParameterInjector.java:65)
	at com.google.inject.internal.ConstructorInjector.provision(ConstructorInjector.java:113)
	at com.google.inject.internal.ConstructorInjector.access$000(ConstructorInjector.java:32)
	at com.google.inject.internal.ConstructorInjector$1.call(ConstructorInjector.java:98)
	at com.google.inject.internal.ProvisionListenerStackCallback$Provision.provision(ProvisionListenerStackCallback.java:112)
	at com.google.inject.internal.ProvisionListenerStackCallback$Provision.provision(ProvisionListenerStackCallback.java:127)
	at com.google.inject.internal.ProvisionListenerStackCallback.provision(ProvisionListenerStackCallback.java:66)
	at com.google.inject.internal.ConstructorInjector.construct(ConstructorInjector.java:93)
	at com.google.inject.internal.ConstructorBindingImpl$Factory.get(ConstructorBindingImpl.java:306)
	at com.google.inject.internal.InjectorImpl$1.get(InjectorImpl.java:1050)
	... 47 common frames omitted
2026-08-04 02:56:56,668 [Worker-12: Building] INFO  o.a.m.s.f.DefaultMavenResourcesFiltering - Copying 0 resource from src\main\resources to target\classes
2026-08-04 02:56:56,676 [Worker-12: Building] INFO  o.a.m.s.f.DefaultMavenResourcesFiltering - Copying 0 resource from src\main\resources to target\classes
2026-08-04 02:56:56,682 [Worker-12: Building] INFO  o.a.m.s.f.DefaultMavenResourcesFiltering - Copying 0 resource from src\test\resources to target\test-classes
2026-08-04 02:56:56,744 [Worker-12: Building] WARN  Sisu - Error injecting: org.apache.maven.plugins.jar.JarMojo
com.google.inject.ProvisionException: Unable to provision, see the following errors:

1) Error in custom provider, com.google.inject.OutOfScopeException: Cannot access Key[type=org.apache.maven.project.MavenProject, annotation=[none]] outside of a scoping block
  at org.apache.maven.execution.scope.internal.MojoExecutionScopeModule.configure(MojoExecutionScopeModule.java:55) (via modules: org.eclipse.sisu.wire.WireModule -> org.apache.maven.execution.scope.internal.MojoExecutionScopeModule)
  while locating org.apache.maven.project.MavenProject
    for the 1st parameter of org.apache.maven.plugins.jar.JarMojo.<init>(Unknown Source)
  while locating org.apache.maven.plugins.jar.JarMojo

1 error
	at com.google.inject.internal.InternalProvisionException.toProvisionException(InternalProvisionException.java:226)
	at com.google.inject.internal.InjectorImpl$1.get(InjectorImpl.java:1053)
	at com.google.inject.internal.InjectorImpl.getInstance(InjectorImpl.java:1086)
	at org.eclipse.sisu.space.AbstractDeferredClass.get(AbstractDeferredClass.java:48)
	at com.google.inject.internal.ProviderInternalFactory.provision(ProviderInternalFactory.java:85)
	at com.google.inject.internal.InternalFactoryToInitializableAdapter.provision(InternalFactoryToInitializableAdapter.java:57)
	at com.google.inject.internal.ProviderInternalFactory$1.call(ProviderInternalFactory.java:66)
	at com.google.inject.internal.ProvisionListenerStackCallback$Provision.provision(ProvisionListenerStackCallback.java:112)
	at com.google.inject.internal.ProvisionListenerStackCallback$Provision.provision(ProvisionListenerStackCallback.java:127)
	at com.google.inject.internal.ProvisionListenerStackCallback.provision(ProvisionListenerStackCallback.java:66)
	at com.google.inject.internal.ProviderInternalFactory.circularGet(ProviderInternalFactory.java:61)
	at com.google.inject.internal.InternalFactoryToInitializableAdapter.get(InternalFactoryToInitializableAdapter.java:47)
	at com.google.inject.internal.InjectorImpl$1.get(InjectorImpl.java:1050)
	at org.eclipse.sisu.inject.Guice4$1.get(Guice4.java:162)
	at org.eclipse.sisu.inject.LazyBeanEntry.getValue(LazyBeanEntry.java:81)
	at org.eclipse.sisu.plexus.LazyPlexusBean.getValue(LazyPlexusBean.java:51)
	at org.codehaus.plexus.DefaultPlexusContainer.lookup(DefaultPlexusContainer.java:263)
	at org.codehaus.plexus.DefaultPlexusContainer.lookup(DefaultPlexusContainer.java:255)
	at org.apache.maven.plugin.internal.DefaultMavenPluginManager.getConfiguredMojo(DefaultMavenPluginManager.java:520)
	at org.eclipse.m2e.core.internal.embedder.MavenImpl.getConfiguredMojo(MavenImpl.java:359)
	at org.sonatype.m2e.mavenarchiver.internal.AbstractMavenArchiverConfigurator.reflectManifestGeneration(AbstractMavenArchiverConfigurator.java:469)
	at org.sonatype.m2e.mavenarchiver.internal.AbstractMavenArchiverConfigurator.generateManifest(AbstractMavenArchiverConfigurator.java:422)
	at org.sonatype.m2e.mavenarchiver.internal.AbstractMavenArchiverConfigurator.mavenProjectChanged(AbstractMavenArchiverConfigurator.java:227)
	at org.sonatype.m2e.mavenarchiver.internal.AbstractMavenArchiverConfigurator$1.build(AbstractMavenArchiverConfigurator.java:167)
	at org.eclipse.m2e.core.internal.builder.MavenBuilderImpl.build(MavenBuilderImpl.java:135)
	at org.eclipse.m2e.core.internal.builder.MavenBuilder$1.method(MavenBuilder.java:169)
	at org.eclipse.m2e.core.internal.builder.MavenBuilder$1.method(MavenBuilder.java:1)
	at org.eclipse.m2e.core.internal.builder.MavenBuilder$BuildMethod.lambda$1(MavenBuilder.java:114)
	at org.eclipse.m2e.core.internal.embedder.MavenExecutionContext.executeBare(MavenExecutionContext.java:182)
	at org.eclipse.m2e.core.internal.embedder.MavenExecutionContext.execute(MavenExecutionContext.java:117)
	at org.eclipse.m2e.core.internal.builder.MavenBuilder$BuildMethod.lambda$0(MavenBuilder.java:105)
	at org.eclipse.m2e.core.internal.embedder.MavenExecutionContext.executeBare(MavenExecutionContext.java:182)
	at org.eclipse.m2e.core.internal.embedder.MavenExecutionContext.execute(MavenExecutionContext.java:156)
	at org.eclipse.m2e.core.internal.embedder.MavenExecutionContext.execute(MavenExecutionContext.java:103)
	at org.eclipse.m2e.core.internal.builder.MavenBuilder$BuildMethod.execute(MavenBuilder.java:88)
	at org.eclipse.m2e.core.internal.builder.MavenBuilder.build(MavenBuilder.java:198)
	at org.eclipse.core.internal.events.BuildManager$2.run(BuildManager.java:1024)
	at org.eclipse.core.runtime.SafeRunner.run(SafeRunner.java:45)
	at org.eclipse.core.internal.events.BuildManager.basicBuild(BuildManager.java:254)
	at org.eclipse.core.internal.events.BuildManager.basicBuild(BuildManager.java:311)
	at org.eclipse.core.internal.events.BuildManager$1.run(BuildManager.java:400)
	at org.eclipse.core.runtime.SafeRunner.run(SafeRunner.java:45)
	at org.eclipse.core.internal.events.BuildManager.basicBuild(BuildManager.java:403)
	at org.eclipse.core.internal.events.BuildManager.basicBuildLoop(BuildManager.java:514)
	at org.eclipse.core.internal.events.BuildManager.basicBuildLoop(BuildManager.java:462)
	at org.eclipse.core.internal.events.BuildManager.build(BuildManager.java:544)
	at org.eclipse.core.internal.events.AutoBuildJob.doBuild(AutoBuildJob.java:161)
	at org.eclipse.core.internal.events.AutoBuildJob.run(AutoBuildJob.java:255)
	at org.eclipse.core.internal.jobs.Worker.run(Worker.java:63)
Caused by: com.google.inject.OutOfScopeException: Cannot access Key[type=org.apache.maven.project.MavenProject, annotation=[none]] outside of a scoping block
	at org.apache.maven.execution.scope.internal.MojoExecutionScope$2.get(MojoExecutionScope.java:122)
	at com.google.inject.internal.InternalFactoryToProviderAdapter.get(InternalFactoryToProviderAdapter.java:39)
	at com.google.inject.internal.SingleParameterInjector.inject(SingleParameterInjector.java:42)
	at com.google.inject.internal.SingleParameterInjector.getAll(SingleParameterInjector.java:65)
	at com.google.inject.internal.ConstructorInjector.provision(ConstructorInjector.java:113)
	at com.google.inject.internal.ConstructorInjector.access$000(ConstructorInjector.java:32)
	at com.google.inject.internal.ConstructorInjector$1.call(ConstructorInjector.java:98)
	at com.google.inject.internal.ProvisionListenerStackCallback$Provision.provision(ProvisionListenerStackCallback.java:112)
	at com.google.inject.internal.ProvisionListenerStackCallback$Provision.provision(ProvisionListenerStackCallback.java:127)
	at com.google.inject.internal.ProvisionListenerStackCallback.provision(ProvisionListenerStackCallback.java:66)
	at com.google.inject.internal.ConstructorInjector.construct(ConstructorInjector.java:93)
	at com.google.inject.internal.ConstructorBindingImpl$Factory.get(ConstructorBindingImpl.java:306)
	at com.google.inject.internal.InjectorImpl$1.get(InjectorImpl.java:1050)
	... 47 common frames omitted
2026-08-04 02:57:06,758 [Worker-16: Updating Maven Project] INFO  o.e.m.c.i.p.ProjectConfigurationManager - Update started
2026-08-04 02:57:07,831 [Worker-16: Updating Maven Project] INFO  o.e.m.c.i.l.LifecycleMappingFactory - Using org.eclipse.m2e.jdt.JarLifecycleMapping lifecycle mapping for MavenProject: com.emart:EmartCategoryMaster:0.0.1-SNAPSHOT @ C:\Users\ADMIN\OneDrive\Documents\Final\backend\pom.xml.
2026-08-04 02:57:09,100 [Worker-16: Updating Maven Project] WARN  Sisu - Error injecting: org.apache.maven.plugins.jar.JarMojo
com.google.inject.ProvisionException: Unable to provision, see the following errors:

1) Error in custom provider, com.google.inject.OutOfScopeException: Cannot access Key[type=org.apache.maven.project.MavenProject, annotation=[none]] outside of a scoping block
  at org.apache.maven.execution.scope.internal.MojoExecutionScopeModule.configure(MojoExecutionScopeModule.java:55) (via modules: org.eclipse.sisu.wire.WireModule -> org.apache.maven.execution.scope.internal.MojoExecutionScopeModule)
  while locating org.apache.maven.project.MavenProject
    for the 1st parameter of org.apache.maven.plugins.jar.JarMojo.<init>(Unknown Source)
  while locating org.apache.maven.plugins.jar.JarMojo

1 error
	at com.google.inject.internal.InternalProvisionException.toProvisionException(InternalProvisionException.java:226)
	at com.google.inject.internal.InjectorImpl$1.get(InjectorImpl.java:1053)
	at com.google.inject.internal.InjectorImpl.getInstance(InjectorImpl.java:1086)
	at org.eclipse.sisu.space.AbstractDeferredClass.get(AbstractDeferredClass.java:48)
	at com.google.inject.internal.ProviderInternalFactory.provision(ProviderInternalFactory.java:85)
	at com.google.inject.internal.InternalFactoryToInitializableAdapter.provision(InternalFactoryToInitializableAdapter.java:57)
	at com.google.inject.internal.ProviderInternalFactory$1.call(ProviderInternalFactory.java:66)
	at com.google.inject.internal.ProvisionListenerStackCallback$Provision.provision(ProvisionListenerStackCallback.java:112)
	at com.google.inject.internal.ProvisionListenerStackCallback$Provision.provision(ProvisionListenerStackCallback.java:127)
	at com.google.inject.internal.ProvisionListenerStackCallback.provision(ProvisionListenerStackCallback.java:66)
	at com.google.inject.internal.ProviderInternalFactory.circularGet(ProviderInternalFactory.java:61)
	at com.google.inject.internal.InternalFactoryToInitializableAdapter.get(InternalFactoryToInitializableAdapter.java:47)
	at com.google.inject.internal.InjectorImpl$1.get(InjectorImpl.java:1050)
	at org.eclipse.sisu.inject.Guice4$1.get(Guice4.java:162)
	at org.eclipse.sisu.inject.LazyBeanEntry.getValue(LazyBeanEntry.java:81)
	at org.eclipse.sisu.plexus.LazyPlexusBean.getValue(LazyPlexusBean.java:51)
	at org.codehaus.plexus.DefaultPlexusContainer.lookup(DefaultPlexusContainer.java:263)
	at org.codehaus.plexus.DefaultPlexusContainer.lookup(DefaultPlexusContainer.java:255)
	at org.apache.maven.plugin.internal.DefaultMavenPluginManager.getConfiguredMojo(DefaultMavenPluginManager.java:520)
	at org.eclipse.m2e.core.internal.embedder.MavenImpl.getConfiguredMojo(MavenImpl.java:359)
	at org.sonatype.m2e.mavenarchiver.internal.AbstractMavenArchiverConfigurator.reflectManifestGeneration(AbstractMavenArchiverConfigurator.java:469)
	at org.sonatype.m2e.mavenarchiver.internal.AbstractMavenArchiverConfigurator.generateManifest(AbstractMavenArchiverConfigurator.java:422)
	at org.sonatype.m2e.mavenarchiver.internal.AbstractMavenArchiverConfigurator.mavenProjectChanged(AbstractMavenArchiverConfigurator.java:227)
	at org.sonatype.m2e.mavenarchiver.internal.AbstractMavenArchiverConfigurator.mavenProjectChanged(AbstractMavenArchiverConfigurator.java:215)
	at org.eclipse.m2e.core.internal.project.ProjectConfigurationManager.mavenProjectChanged(ProjectConfigurationManager.java:1056)
	at org.eclipse.m2e.core.internal.project.registry.ProjectRegistryManager.notifyProjectChangeListeners(ProjectRegistryManager.java:806)
	at org.eclipse.m2e.core.internal.project.registry.ProjectRegistryManager.applyMutableProjectRegistry(ProjectRegistryManager.java:972)
	at org.eclipse.m2e.core.internal.project.registry.ProjectRegistryManager.refresh(ProjectRegistryManager.java:305)
	at org.eclipse.m2e.core.internal.project.ProjectConfigurationManager.updateProjectConfiguration0(ProjectConfigurationManager.java:413)
	at org.eclipse.m2e.core.internal.project.ProjectConfigurationManager.lambda$1(ProjectConfigurationManager.java:362)
	at org.eclipse.m2e.core.internal.embedder.MavenExecutionContext.executeBare(MavenExecutionContext.java:182)
	at org.eclipse.m2e.core.internal.embedder.MavenExecutionContext.execute(MavenExecutionContext.java:156)
	at org.eclipse.m2e.core.internal.embedder.MavenExecutionContext.execute(MavenExecutionContext.java:103)
	at org.eclipse.m2e.core.internal.embedder.MavenImpl.execute(MavenImpl.java:1411)
	at org.eclipse.m2e.core.internal.project.ProjectConfigurationManager.updateProjectConfiguration(ProjectConfigurationManager.java:361)
	at org.eclipse.m2e.core.ui.internal.UpdateMavenProjectJob.runInWorkspace(UpdateMavenProjectJob.java:80)
	at org.eclipse.core.internal.resources.InternalWorkspaceJob.run(InternalWorkspaceJob.java:43)
	at org.eclipse.core.internal.jobs.Worker.run(Worker.java:63)
Caused by: com.google.inject.OutOfScopeException: Cannot access Key[type=org.apache.maven.project.MavenProject, annotation=[none]] outside of a scoping block
	at org.apache.maven.execution.scope.internal.MojoExecutionScope$2.get(MojoExecutionScope.java:122)
	at com.google.inject.internal.InternalFactoryToProviderAdapter.get(InternalFactoryToProviderAdapter.java:39)
	at com.google.inject.internal.SingleParameterInjector.inject(SingleParameterInjector.java:42)
	at com.google.inject.internal.SingleParameterInjector.getAll(SingleParameterInjector.java:65)
	at com.google.inject.internal.ConstructorInjector.provision(ConstructorInjector.java:113)
	at com.google.inject.internal.ConstructorInjector.access$000(ConstructorInjector.java:32)
	at com.google.inject.internal.ConstructorInjector$1.call(ConstructorInjector.java:98)
	at com.google.inject.internal.ProvisionListenerStackCallback$Provision.provision(ProvisionListenerStackCallback.java:112)
	at com.google.inject.internal.ProvisionListenerStackCallback$Provision.provision(ProvisionListenerStackCallback.java:127)
	at com.google.inject.internal.ProvisionListenerStackCallback.provision(ProvisionListenerStackCallback.java:66)
	at com.google.inject.internal.ConstructorInjector.construct(ConstructorInjector.java:93)
	at com.google.inject.internal.ConstructorBindingImpl$Factory.get(ConstructorBindingImpl.java:306)
	at com.google.inject.internal.InjectorImpl$1.get(InjectorImpl.java:1050)
	... 36 common frames omitted
2026-08-04 02:57:10,098 [Worker-16: Updating Maven Project] INFO  o.e.m.j.i.AbstractJavaProjectConfigurator - Adding source folder /backend/src/main/java
2026-08-04 02:57:10,098 [Worker-16: Updating Maven Project] INFO  o.e.m.j.i.AbstractJavaProjectConfigurator - Adding resource folder /backend/src/main/resources
2026-08-04 02:57:10,100 [Worker-16: Updating Maven Project] INFO  o.e.m.j.i.AbstractJavaProjectConfigurator - Adding resource folder /backend/src/main/resources
2026-08-04 02:57:10,101 [Worker-16: Updating Maven Project] INFO  o.e.m.j.i.AbstractJavaProjectConfigurator - Adding source folder /backend/src/test/java
2026-08-04 02:57:10,102 [Worker-16: Updating Maven Project] INFO  o.e.m.j.i.AbstractJavaProjectConfigurator - Adding resource folder /backend/src/test/resources
2026-08-04 02:57:10,959 [Worker-16: Updating Maven Project] INFO  o.e.m.c.i.p.ProjectConfigurationManager - Update completed: 4 sec
2026-08-04 02:57:13,798 [Worker-18: Building] INFO  o.a.m.s.f.DefaultMavenResourcesFiltering - Copying 3 resources from src\main\resources to target\classes
2026-08-04 02:57:13,844 [Worker-18: Building] INFO  o.a.m.s.f.DefaultMavenResourcesFiltering - Copying 3 resources from src\main\resources to target\classes
2026-08-04 02:57:13,859 [Worker-18: Building] INFO  o.a.m.s.f.DefaultMavenResourcesFiltering - Copying 1 resource from src\test\resources to target\test-classes
2026-08-04 02:57:13,882 [Worker-18: Building] WARN  Sisu - Error injecting: org.apache.maven.plugins.jar.JarMojo
com.google.inject.ProvisionException: Unable to provision, see the following errors:

1) Error in custom provider, com.google.inject.OutOfScopeException: Cannot access Key[type=org.apache.maven.project.MavenProject, annotation=[none]] outside of a scoping block
  at org.apache.maven.execution.scope.internal.MojoExecutionScopeModule.configure(MojoExecutionScopeModule.java:55) (via modules: org.eclipse.sisu.wire.WireModule -> org.apache.maven.execution.scope.internal.MojoExecutionScopeModule)
  while locating org.apache.maven.project.MavenProject
    for the 1st parameter of org.apache.maven.plugins.jar.JarMojo.<init>(Unknown Source)
  while locating org.apache.maven.plugins.jar.JarMojo

1 error
	at com.google.inject.internal.InternalProvisionException.toProvisionException(InternalProvisionException.java:226)
	at com.google.inject.internal.InjectorImpl$1.get(InjectorImpl.java:1053)
	at com.google.inject.internal.InjectorImpl.getInstance(InjectorImpl.java:1086)
	at org.eclipse.sisu.space.AbstractDeferredClass.get(AbstractDeferredClass.java:48)
	at com.google.inject.internal.ProviderInternalFactory.provision(ProviderInternalFactory.java:85)
	at com.google.inject.internal.InternalFactoryToInitializableAdapter.provision(InternalFactoryToInitializableAdapter.java:57)
	at com.google.inject.internal.ProviderInternalFactory$1.call(ProviderInternalFactory.java:66)
	at com.google.inject.internal.ProvisionListenerStackCallback$Provision.provision(ProvisionListenerStackCallback.java:112)
	at com.google.inject.internal.ProvisionListenerStackCallback$Provision.provision(ProvisionListenerStackCallback.java:127)
	at com.google.inject.internal.ProvisionListenerStackCallback.provision(ProvisionListenerStackCallback.java:66)
	at com.google.inject.internal.ProviderInternalFactory.circularGet(ProviderInternalFactory.java:61)
	at com.google.inject.internal.InternalFactoryToInitializableAdapter.get(InternalFactoryToInitializableAdapter.java:47)
	at com.google.inject.internal.InjectorImpl$1.get(InjectorImpl.java:1050)
	at org.eclipse.sisu.inject.Guice4$1.get(Guice4.java:162)
	at org.eclipse.sisu.inject.LazyBeanEntry.getValue(LazyBeanEntry.java:81)
	at org.eclipse.sisu.plexus.LazyPlexusBean.getValue(LazyPlexusBean.java:51)
	at org.codehaus.plexus.DefaultPlexusContainer.lookup(DefaultPlexusContainer.java:263)
	at org.codehaus.plexus.DefaultPlexusContainer.lookup(DefaultPlexusContainer.java:255)
	at org.apache.maven.plugin.internal.DefaultMavenPluginManager.getConfiguredMojo(DefaultMavenPluginManager.java:520)
	at org.eclipse.m2e.core.internal.embedder.MavenImpl.getConfiguredMojo(MavenImpl.java:359)
	at org.sonatype.m2e.mavenarchiver.internal.AbstractMavenArchiverConfigurator.reflectManifestGeneration(AbstractMavenArchiverConfigurator.java:469)
	at org.sonatype.m2e.mavenarchiver.internal.AbstractMavenArchiverConfigurator.generateManifest(AbstractMavenArchiverConfigurator.java:422)
	at org.sonatype.m2e.mavenarchiver.internal.AbstractMavenArchiverConfigurator.mavenProjectChanged(AbstractMavenArchiverConfigurator.java:227)
	at org.sonatype.m2e.mavenarchiver.internal.AbstractMavenArchiverConfigurator$1.build(AbstractMavenArchiverConfigurator.java:167)
	at org.eclipse.m2e.core.internal.builder.MavenBuilderImpl.build(MavenBuilderImpl.java:135)
	at org.eclipse.m2e.core.internal.builder.MavenBuilder$1.method(MavenBuilder.java:169)
	at org.eclipse.m2e.core.internal.builder.MavenBuilder$1.method(MavenBuilder.java:1)
	at org.eclipse.m2e.core.internal.builder.MavenBuilder$BuildMethod.lambda$1(MavenBuilder.java:114)
	at org.eclipse.m2e.core.internal.embedder.MavenExecutionContext.executeBare(MavenExecutionContext.java:182)
	at org.eclipse.m2e.core.internal.embedder.MavenExecutionContext.execute(MavenExecutionContext.java:117)
	at org.eclipse.m2e.core.internal.builder.MavenBuilder$BuildMethod.lambda$0(MavenBuilder.java:105)
	at org.eclipse.m2e.core.internal.embedder.MavenExecutionContext.executeBare(MavenExecutionContext.java:182)
	at org.eclipse.m2e.core.internal.embedder.MavenExecutionContext.execute(MavenExecutionContext.java:156)
	at org.eclipse.m2e.core.internal.embedder.MavenExecutionContext.execute(MavenExecutionContext.java:103)
	at org.eclipse.m2e.core.internal.builder.MavenBuilder$BuildMethod.execute(MavenBuilder.java:88)
	at org.eclipse.m2e.core.internal.builder.MavenBuilder.build(MavenBuilder.java:198)
	at org.eclipse.core.internal.events.BuildManager$2.run(BuildManager.java:1024)
	at org.eclipse.core.runtime.SafeRunner.run(SafeRunner.java:45)
	at org.eclipse.core.internal.events.BuildManager.basicBuild(BuildManager.java:254)
	at org.eclipse.core.internal.events.BuildManager.basicBuild(BuildManager.java:311)
	at org.eclipse.core.internal.events.BuildManager$1.run(BuildManager.java:400)
	at org.eclipse.core.runtime.SafeRunner.run(SafeRunner.java:45)
	at org.eclipse.core.internal.events.BuildManager.basicBuild(BuildManager.java:403)
	at org.eclipse.core.internal.events.BuildManager.basicBuildLoop(BuildManager.java:514)
	at org.eclipse.core.internal.events.BuildManager.basicBuildLoop(BuildManager.java:462)
	at org.eclipse.core.internal.events.BuildManager.build(BuildManager.java:544)
	at org.eclipse.core.internal.events.AutoBuildJob.doBuild(AutoBuildJob.java:161)
	at org.eclipse.core.internal.events.AutoBuildJob.run(AutoBuildJob.java:255)
	at org.eclipse.core.internal.jobs.Worker.run(Worker.java:63)
Caused by: com.google.inject.OutOfScopeException: Cannot access Key[type=org.apache.maven.project.MavenProject, annotation=[none]] outside of a scoping block
	at org.apache.maven.execution.scope.internal.MojoExecutionScope$2.get(MojoExecutionScope.java:122)
	at com.google.inject.internal.InternalFactoryToProviderAdapter.get(InternalFactoryToProviderAdapter.java:39)
	at com.google.inject.internal.SingleParameterInjector.inject(SingleParameterInjector.java:42)
	at com.google.inject.internal.SingleParameterInjector.getAll(SingleParameterInjector.java:65)
	at com.google.inject.internal.ConstructorInjector.provision(ConstructorInjector.java:113)
	at com.google.inject.internal.ConstructorInjector.access$000(ConstructorInjector.java:32)
	at com.google.inject.internal.ConstructorInjector$1.call(ConstructorInjector.java:98)
	at com.google.inject.internal.ProvisionListenerStackCallback$Provision.provision(ProvisionListenerStackCallback.java:112)
	at com.google.inject.internal.ProvisionListenerStackCallback$Provision.provision(ProvisionListenerStackCallback.java:127)
	at com.google.inject.internal.ProvisionListenerStackCallback.provision(ProvisionListenerStackCallback.java:66)
	at com.google.inject.internal.ConstructorInjector.construct(ConstructorInjector.java:93)
	at com.google.inject.internal.ConstructorBindingImpl$Factory.get(ConstructorBindingImpl.java:306)
	at com.google.inject.internal.InjectorImpl$1.get(InjectorImpl.java:1050)
	... 47 common frames omitted
2026-08-04 02:57:20,842 [Worker-15: Building] INFO  o.a.m.s.f.DefaultMavenResourcesFiltering - Copying 3 resources from src\main\resources to target\classes
2026-08-04 02:57:20,858 [Worker-15: Building] INFO  o.a.m.s.f.DefaultMavenResourcesFiltering - Copying 3 resources from src\main\resources to target\classes
2026-08-04 02:57:20,869 [Worker-15: Building] INFO  o.a.m.s.f.DefaultMavenResourcesFiltering - Copying 1 resource from src\test\resources to target\test-classes
2026-08-04 02:57:20,895 [Worker-15: Building] WARN  Sisu - Error injecting: org.apache.maven.plugins.jar.JarMojo
com.google.inject.ProvisionException: Unable to provision, see the following errors:

1) Error in custom provider, com.google.inject.OutOfScopeException: Cannot access Key[type=org.apache.maven.project.MavenProject, annotation=[none]] outside of a scoping block
  at org.apache.maven.execution.scope.internal.MojoExecutionScopeModule.configure(MojoExecutionScopeModule.java:55) (via modules: org.eclipse.sisu.wire.WireModule -> org.apache.maven.execution.scope.internal.MojoExecutionScopeModule)
  while locating org.apache.maven.project.MavenProject
    for the 1st parameter of org.apache.maven.plugins.jar.JarMojo.<init>(Unknown Source)
  while locating org.apache.maven.plugins.jar.JarMojo

1 error
	at com.google.inject.internal.InternalProvisionException.toProvisionException(InternalProvisionException.java:226)
	at com.google.inject.internal.InjectorImpl$1.get(InjectorImpl.java:1053)
	at com.google.inject.internal.InjectorImpl.getInstance(InjectorImpl.java:1086)
	at org.eclipse.sisu.space.AbstractDeferredClass.get(AbstractDeferredClass.java:48)
	at com.google.inject.internal.ProviderInternalFactory.provision(ProviderInternalFactory.java:85)
	at com.google.inject.internal.InternalFactoryToInitializableAdapter.provision(InternalFactoryToInitializableAdapter.java:57)
	at com.google.inject.internal.ProviderInternalFactory$1.call(ProviderInternalFactory.java:66)
	at com.google.inject.internal.ProvisionListenerStackCallback$Provision.provision(ProvisionListenerStackCallback.java:112)
	at com.google.inject.internal.ProvisionListenerStackCallback$Provision.provision(ProvisionListenerStackCallback.java:127)
	at com.google.inject.internal.ProvisionListenerStackCallback.provision(ProvisionListenerStackCallback.java:66)
	at com.google.inject.internal.ProviderInternalFactory.circularGet(ProviderInternalFactory.java:61)
	at com.google.inject.internal.InternalFactoryToInitializableAdapter.get(InternalFactoryToInitializableAdapter.java:47)
	at com.google.inject.internal.InjectorImpl$1.get(InjectorImpl.java:1050)
	at org.eclipse.sisu.inject.Guice4$1.get(Guice4.java:162)
	at org.eclipse.sisu.inject.LazyBeanEntry.getValue(LazyBeanEntry.java:81)
	at org.eclipse.sisu.plexus.LazyPlexusBean.getValue(LazyPlexusBean.java:51)
	at org.codehaus.plexus.DefaultPlexusContainer.lookup(DefaultPlexusContainer.java:263)
	at org.codehaus.plexus.DefaultPlexusContainer.lookup(DefaultPlexusContainer.java:255)
	at org.apache.maven.plugin.internal.DefaultMavenPluginManager.getConfiguredMojo(DefaultMavenPluginManager.java:520)
	at org.eclipse.m2e.core.internal.embedder.MavenImpl.getConfiguredMojo(MavenImpl.java:359)
	at org.sonatype.m2e.mavenarchiver.internal.AbstractMavenArchiverConfigurator.reflectManifestGeneration(AbstractMavenArchiverConfigurator.java:469)
	at org.sonatype.m2e.mavenarchiver.internal.AbstractMavenArchiverConfigurator.generateManifest(AbstractMavenArchiverConfigurator.java:422)
	at org.sonatype.m2e.mavenarchiver.internal.AbstractMavenArchiverConfigurator.mavenProjectChanged(AbstractMavenArchiverConfigurator.java:227)
	at org.sonatype.m2e.mavenarchiver.internal.AbstractMavenArchiverConfigurator$1.build(AbstractMavenArchiverConfigurator.java:167)
	at org.eclipse.m2e.core.internal.builder.MavenBuilderImpl.build(MavenBuilderImpl.java:135)
	at org.eclipse.m2e.core.internal.builder.MavenBuilder$1.method(MavenBuilder.java:169)
	at org.eclipse.m2e.core.internal.builder.MavenBuilder$1.method(MavenBuilder.java:1)
	at org.eclipse.m2e.core.internal.builder.MavenBuilder$BuildMethod.lambda$1(MavenBuilder.java:114)
	at org.eclipse.m2e.core.internal.embedder.MavenExecutionContext.executeBare(MavenExecutionContext.java:182)
	at org.eclipse.m2e.core.internal.embedder.MavenExecutionContext.execute(MavenExecutionContext.java:117)
	at org.eclipse.m2e.core.internal.builder.MavenBuilder$BuildMethod.lambda$0(MavenBuilder.java:105)
	at org.eclipse.m2e.core.internal.embedder.MavenExecutionContext.executeBare(MavenExecutionContext.java:182)
	at org.eclipse.m2e.core.internal.embedder.MavenExecutionContext.execute(MavenExecutionContext.java:156)
	at org.eclipse.m2e.core.internal.embedder.MavenExecutionContext.execute(MavenExecutionContext.java:103)
	at org.eclipse.m2e.core.internal.builder.MavenBuilder$BuildMethod.execute(MavenBuilder.java:88)
	at org.eclipse.m2e.core.internal.builder.MavenBuilder.build(MavenBuilder.java:198)
	at org.eclipse.core.internal.events.BuildManager$2.run(BuildManager.java:1024)
	at org.eclipse.core.runtime.SafeRunner.run(SafeRunner.java:45)
	at org.eclipse.core.internal.events.BuildManager.basicBuild(BuildManager.java:254)
	at org.eclipse.core.internal.events.BuildManager.basicBuild(BuildManager.java:311)
	at org.eclipse.core.internal.events.BuildManager$1.run(BuildManager.java:400)
	at org.eclipse.core.runtime.SafeRunner.run(SafeRunner.java:45)
	at org.eclipse.core.internal.events.BuildManager.basicBuild(BuildManager.java:403)
	at org.eclipse.core.internal.events.BuildManager.basicBuildLoop(BuildManager.java:514)
	at org.eclipse.core.internal.events.BuildManager.basicBuildLoop(BuildManager.java:462)
	at org.eclipse.core.internal.events.BuildManager.build(BuildManager.java:544)
	at org.eclipse.core.internal.events.AutoBuildJob.doBuild(AutoBuildJob.java:161)
	at org.eclipse.core.internal.events.AutoBuildJob.run(AutoBuildJob.java:255)
	at org.eclipse.core.internal.jobs.Worker.run(Worker.java:63)
Caused by: com.google.inject.OutOfScopeException: Cannot access Key[type=org.apache.maven.project.MavenProject, annotation=[none]] outside of a scoping block
	at org.apache.maven.execution.scope.internal.MojoExecutionScope$2.get(MojoExecutionScope.java:122)
	at com.google.inject.internal.InternalFactoryToProviderAdapter.get(InternalFactoryToProviderAdapter.java:39)
	at com.google.inject.internal.SingleParameterInjector.inject(SingleParameterInjector.java:42)
	at com.google.inject.internal.SingleParameterInjector.getAll(SingleParameterInjector.java:65)
	at com.google.inject.internal.ConstructorInjector.provision(ConstructorInjector.java:113)
	at com.google.inject.internal.ConstructorInjector.access$000(ConstructorInjector.java:32)
	at com.google.inject.internal.ConstructorInjector$1.call(ConstructorInjector.java:98)
	at com.google.inject.internal.ProvisionListenerStackCallback$Provision.provision(ProvisionListenerStackCallback.java:112)
	at com.google.inject.internal.ProvisionListenerStackCallback$Provision.provision(ProvisionListenerStackCallback.java:127)
	at com.google.inject.internal.ProvisionListenerStackCallback.provision(ProvisionListenerStackCallback.java:66)
	at com.google.inject.internal.ConstructorInjector.construct(ConstructorInjector.java:93)
	at com.google.inject.internal.ConstructorBindingImpl$Factory.get(ConstructorBindingImpl.java:306)
	at com.google.inject.internal.InjectorImpl$1.get(InjectorImpl.java:1050)
	... 47 common frames omitted
2026-08-04 03:10:01,236 [Worker-13: Building] INFO  o.a.m.s.f.DefaultMavenResourcesFiltering - Copying 0 resource from src\main\resources to target\classes
2026-08-04 03:10:01,242 [Worker-13: Building] INFO  o.a.m.s.f.DefaultMavenResourcesFiltering - Copying 0 resource from src\main\resources to target\classes
2026-08-04 03:10:01,246 [Worker-13: Building] INFO  o.a.m.s.f.DefaultMavenResourcesFiltering - Copying 0 resource from src\test\resources to target\test-classes
2026-08-04 03:10:01,263 [Worker-13: Building] WARN  Sisu - Error injecting: org.apache.maven.plugins.jar.JarMojo
com.google.inject.ProvisionException: Unable to provision, see the following errors:

1) Error in custom provider, com.google.inject.OutOfScopeException: Cannot access Key[type=org.apache.maven.project.MavenProject, annotation=[none]] outside of a scoping block
  at org.apache.maven.execution.scope.internal.MojoExecutionScopeModule.configure(MojoExecutionScopeModule.java:55) (via modules: org.eclipse.sisu.wire.WireModule -> org.apache.maven.execution.scope.internal.MojoExecutionScopeModule)
  while locating org.apache.maven.project.MavenProject
    for the 1st parameter of org.apache.maven.plugins.jar.JarMojo.<init>(Unknown Source)
  while locating org.apache.maven.plugins.jar.JarMojo

1 error
	at com.google.inject.internal.InternalProvisionException.toProvisionException(InternalProvisionException.java:226)
	at com.google.inject.internal.InjectorImpl$1.get(InjectorImpl.java:1053)
	at com.google.inject.internal.InjectorImpl.getInstance(InjectorImpl.java:1086)
	at org.eclipse.sisu.space.AbstractDeferredClass.get(AbstractDeferredClass.java:48)
	at com.google.inject.internal.ProviderInternalFactory.provision(ProviderInternalFactory.java:85)
	at com.google.inject.internal.InternalFactoryToInitializableAdapter.provision(InternalFactoryToInitializableAdapter.java:57)
	at com.google.inject.internal.ProviderInternalFactory$1.call(ProviderInternalFactory.java:66)
	at com.google.inject.internal.ProvisionListenerStackCallback$Provision.provision(ProvisionListenerStackCallback.java:112)
	at com.google.inject.internal.ProvisionListenerStackCallback$Provision.provision(ProvisionListenerStackCallback.java:127)
	at com.google.inject.internal.ProvisionListenerStackCallback.provision(ProvisionListenerStackCallback.java:66)
	at com.google.inject.internal.ProviderInternalFactory.circularGet(ProviderInternalFactory.java:61)
	at com.google.inject.internal.InternalFactoryToInitializableAdapter.get(InternalFactoryToInitializableAdapter.java:47)
	at com.google.inject.internal.InjectorImpl$1.get(InjectorImpl.java:1050)
	at org.eclipse.sisu.inject.Guice4$1.get(Guice4.java:162)
	at org.eclipse.sisu.inject.LazyBeanEntry.getValue(LazyBeanEntry.java:81)
	at org.eclipse.sisu.plexus.LazyPlexusBean.getValue(LazyPlexusBean.java:51)
	at org.codehaus.plexus.DefaultPlexusContainer.lookup(DefaultPlexusContainer.java:263)
	at org.codehaus.plexus.DefaultPlexusContainer.lookup(DefaultPlexusContainer.java:255)
	at org.apache.maven.plugin.internal.DefaultMavenPluginManager.getConfiguredMojo(DefaultMavenPluginManager.java:520)
	at org.eclipse.m2e.core.internal.embedder.MavenImpl.getConfiguredMojo(MavenImpl.java:359)
	at org.sonatype.m2e.mavenarchiver.internal.AbstractMavenArchiverConfigurator.reflectManifestGeneration(AbstractMavenArchiverConfigurator.java:469)
	at org.sonatype.m2e.mavenarchiver.internal.AbstractMavenArchiverConfigurator.generateManifest(AbstractMavenArchiverConfigurator.java:422)
	at org.sonatype.m2e.mavenarchiver.internal.AbstractMavenArchiverConfigurator.mavenProjectChanged(AbstractMavenArchiverConfigurator.java:227)
	at org.sonatype.m2e.mavenarchiver.internal.AbstractMavenArchiverConfigurator$1.build(AbstractMavenArchiverConfigurator.java:167)
	at org.eclipse.m2e.core.internal.builder.MavenBuilderImpl.build(MavenBuilderImpl.java:135)
	at org.eclipse.m2e.core.internal.builder.MavenBuilder$1.method(MavenBuilder.java:169)
	at org.eclipse.m2e.core.internal.builder.MavenBuilder$1.method(MavenBuilder.java:1)
	at org.eclipse.m2e.core.internal.builder.MavenBuilder$BuildMethod.lambda$1(MavenBuilder.java:114)
	at org.eclipse.m2e.core.internal.embedder.MavenExecutionContext.executeBare(MavenExecutionContext.java:182)
	at org.eclipse.m2e.core.internal.embedder.MavenExecutionContext.execute(MavenExecutionContext.java:117)
	at org.eclipse.m2e.core.internal.builder.MavenBuilder$BuildMethod.lambda$0(MavenBuilder.java:105)
	at org.eclipse.m2e.core.internal.embedder.MavenExecutionContext.executeBare(MavenExecutionContext.java:182)
	at org.eclipse.m2e.core.internal.embedder.MavenExecutionContext.execute(MavenExecutionContext.java:156)
	at org.eclipse.m2e.core.internal.embedder.MavenExecutionContext.execute(MavenExecutionContext.java:103)
	at org.eclipse.m2e.core.internal.builder.MavenBuilder$BuildMethod.execute(MavenBuilder.java:88)
	at org.eclipse.m2e.core.internal.builder.MavenBuilder.build(MavenBuilder.java:198)
	at org.eclipse.core.internal.events.BuildManager$2.run(BuildManager.java:1024)
	at org.eclipse.core.runtime.SafeRunner.run(SafeRunner.java:45)
	at org.eclipse.core.internal.events.BuildManager.basicBuild(BuildManager.java:254)
	at org.eclipse.core.internal.events.BuildManager.basicBuild(BuildManager.java:311)
	at org.eclipse.core.internal.events.BuildManager$1.run(BuildManager.java:400)
	at org.eclipse.core.runtime.SafeRunner.run(SafeRunner.java:45)
	at org.eclipse.core.internal.events.BuildManager.basicBuild(BuildManager.java:403)
	at org.eclipse.core.internal.events.BuildManager.basicBuildLoop(BuildManager.java:514)
	at org.eclipse.core.internal.events.BuildManager.basicBuildLoop(BuildManager.java:462)
	at org.eclipse.core.internal.events.BuildManager.build(BuildManager.java:544)
	at org.eclipse.core.internal.events.AutoBuildJob.doBuild(AutoBuildJob.java:161)
	at org.eclipse.core.internal.events.AutoBuildJob.run(AutoBuildJob.java:255)
	at org.eclipse.core.internal.jobs.Worker.run(Worker.java:63)
Caused by: com.google.inject.OutOfScopeException: Cannot access Key[type=org.apache.maven.project.MavenProject, annotation=[none]] outside of a scoping block
	at org.apache.maven.execution.scope.internal.MojoExecutionScope$2.get(MojoExecutionScope.java:122)
	at com.google.inject.internal.InternalFactoryToProviderAdapter.get(InternalFactoryToProviderAdapter.java:39)
	at com.google.inject.internal.SingleParameterInjector.inject(SingleParameterInjector.java:42)
	at com.google.inject.internal.SingleParameterInjector.getAll(SingleParameterInjector.java:65)
	at com.google.inject.internal.ConstructorInjector.provision(ConstructorInjector.java:113)
	at com.google.inject.internal.ConstructorInjector.access$000(ConstructorInjector.java:32)
	at com.google.inject.internal.ConstructorInjector$1.call(ConstructorInjector.java:98)
	at com.google.inject.internal.ProvisionListenerStackCallback$Provision.provision(ProvisionListenerStackCallback.java:112)
	at com.google.inject.internal.ProvisionListenerStackCallback$Provision.provision(ProvisionListenerStackCallback.java:127)
	at com.google.inject.internal.ProvisionListenerStackCallback.provision(ProvisionListenerStackCallback.java:66)
	at com.google.inject.internal.ConstructorInjector.construct(ConstructorInjector.java:93)
	at com.google.inject.internal.ConstructorBindingImpl$Factory.get(ConstructorBindingImpl.java:306)
	at com.google.inject.internal.InjectorImpl$1.get(InjectorImpl.java:1050)
	... 47 common frames omitted
2026-08-04 03:10:09,978 [Worker-13: Updating Maven Project] INFO  o.e.m.c.i.p.ProjectConfigurationManager - Update started
2026-08-04 03:10:10,871 [Worker-13: Updating Maven Project] INFO  o.e.m.c.i.l.LifecycleMappingFactory - Using org.eclipse.m2e.jdt.JarLifecycleMapping lifecycle mapping for MavenProject: com.emart:EmartCategoryMaster:0.0.1-SNAPSHOT @ C:\Users\ADMIN\OneDrive\Documents\Final\backend\pom.xml.
2026-08-04 03:10:12,645 [Worker-13: Updating Maven Project] WARN  Sisu - Error injecting: org.apache.maven.plugins.jar.JarMojo
com.google.inject.ProvisionException: Unable to provision, see the following errors:

1) Error in custom provider, com.google.inject.OutOfScopeException: Cannot access Key[type=org.apache.maven.project.MavenProject, annotation=[none]] outside of a scoping block
  at org.apache.maven.execution.scope.internal.MojoExecutionScopeModule.configure(MojoExecutionScopeModule.java:55) (via modules: org.eclipse.sisu.wire.WireModule -> org.apache.maven.execution.scope.internal.MojoExecutionScopeModule)
  while locating org.apache.maven.project.MavenProject
    for the 1st parameter of org.apache.maven.plugins.jar.JarMojo.<init>(Unknown Source)
  while locating org.apache.maven.plugins.jar.JarMojo

1 error
	at com.google.inject.internal.InternalProvisionException.toProvisionException(InternalProvisionException.java:226)
	at com.google.inject.internal.InjectorImpl$1.get(InjectorImpl.java:1053)
	at com.google.inject.internal.InjectorImpl.getInstance(InjectorImpl.java:1086)
	at org.eclipse.sisu.space.AbstractDeferredClass.get(AbstractDeferredClass.java:48)
	at com.google.inject.internal.ProviderInternalFactory.provision(ProviderInternalFactory.java:85)
	at com.google.inject.internal.InternalFactoryToInitializableAdapter.provision(InternalFactoryToInitializableAdapter.java:57)
	at com.google.inject.internal.ProviderInternalFactory$1.call(ProviderInternalFactory.java:66)
	at com.google.inject.internal.ProvisionListenerStackCallback$Provision.provision(ProvisionListenerStackCallback.java:112)
	at com.google.inject.internal.ProvisionListenerStackCallback$Provision.provision(ProvisionListenerStackCallback.java:127)
	at com.google.inject.internal.ProvisionListenerStackCallback.provision(ProvisionListenerStackCallback.java:66)
	at com.google.inject.internal.ProviderInternalFactory.circularGet(ProviderInternalFactory.java:61)
	at com.google.inject.internal.InternalFactoryToInitializableAdapter.get(InternalFactoryToInitializableAdapter.java:47)
	at com.google.inject.internal.InjectorImpl$1.get(InjectorImpl.java:1050)
	at org.eclipse.sisu.inject.Guice4$1.get(Guice4.java:162)
	at org.eclipse.sisu.inject.LazyBeanEntry.getValue(LazyBeanEntry.java:81)
	at org.eclipse.sisu.plexus.LazyPlexusBean.getValue(LazyPlexusBean.java:51)
	at org.codehaus.plexus.DefaultPlexusContainer.lookup(DefaultPlexusContainer.java:263)
	at org.codehaus.plexus.DefaultPlexusContainer.lookup(DefaultPlexusContainer.java:255)
	at org.apache.maven.plugin.internal.DefaultMavenPluginManager.getConfiguredMojo(DefaultMavenPluginManager.java:520)
	at org.eclipse.m2e.core.internal.embedder.MavenImpl.getConfiguredMojo(MavenImpl.java:359)
	at org.sonatype.m2e.mavenarchiver.internal.AbstractMavenArchiverConfigurator.reflectManifestGeneration(AbstractMavenArchiverConfigurator.java:469)
	at org.sonatype.m2e.mavenarchiver.internal.AbstractMavenArchiverConfigurator.generateManifest(AbstractMavenArchiverConfigurator.java:422)
	at org.sonatype.m2e.mavenarchiver.internal.AbstractMavenArchiverConfigurator.mavenProjectChanged(AbstractMavenArchiverConfigurator.java:227)
	at org.sonatype.m2e.mavenarchiver.internal.AbstractMavenArchiverConfigurator.mavenProjectChanged(AbstractMavenArchiverConfigurator.java:215)
	at org.eclipse.m2e.core.internal.project.ProjectConfigurationManager.mavenProjectChanged(ProjectConfigurationManager.java:1056)
	at org.eclipse.m2e.core.internal.project.registry.ProjectRegistryManager.notifyProjectChangeListeners(ProjectRegistryManager.java:806)
	at org.eclipse.m2e.core.internal.project.registry.ProjectRegistryManager.applyMutableProjectRegistry(ProjectRegistryManager.java:972)
	at org.eclipse.m2e.core.internal.project.registry.ProjectRegistryManager.refresh(ProjectRegistryManager.java:305)
	at org.eclipse.m2e.core.internal.project.ProjectConfigurationManager.updateProjectConfiguration0(ProjectConfigurationManager.java:413)
	at org.eclipse.m2e.core.internal.project.ProjectConfigurationManager.lambda$1(ProjectConfigurationManager.java:362)
	at org.eclipse.m2e.core.internal.embedder.MavenExecutionContext.executeBare(MavenExecutionContext.java:182)
	at org.eclipse.m2e.core.internal.embedder.MavenExecutionContext.execute(MavenExecutionContext.java:156)
	at org.eclipse.m2e.core.internal.embedder.MavenExecutionContext.execute(MavenExecutionContext.java:103)
	at org.eclipse.m2e.core.internal.embedder.MavenImpl.execute(MavenImpl.java:1411)
	at org.eclipse.m2e.core.internal.project.ProjectConfigurationManager.updateProjectConfiguration(ProjectConfigurationManager.java:361)
	at org.eclipse.m2e.core.ui.internal.UpdateMavenProjectJob.runInWorkspace(UpdateMavenProjectJob.java:80)
	at org.eclipse.core.internal.resources.InternalWorkspaceJob.run(InternalWorkspaceJob.java:43)
	at org.eclipse.core.internal.jobs.Worker.run(Worker.java:63)
Caused by: com.google.inject.OutOfScopeException: Cannot access Key[type=org.apache.maven.project.MavenProject, annotation=[none]] outside of a scoping block
	at org.apache.maven.execution.scope.internal.MojoExecutionScope$2.get(MojoExecutionScope.java:122)
	at com.google.inject.internal.InternalFactoryToProviderAdapter.get(InternalFactoryToProviderAdapter.java:39)
	at com.google.inject.internal.SingleParameterInjector.inject(SingleParameterInjector.java:42)
	at com.google.inject.internal.SingleParameterInjector.getAll(SingleParameterInjector.java:65)
	at com.google.inject.internal.ConstructorInjector.provision(ConstructorInjector.java:113)
	at com.google.inject.internal.ConstructorInjector.access$000(ConstructorInjector.java:32)
	at com.google.inject.internal.ConstructorInjector$1.call(ConstructorInjector.java:98)
	at com.google.inject.internal.ProvisionListenerStackCallback$Provision.provision(ProvisionListenerStackCallback.java:112)
	at com.google.inject.internal.ProvisionListenerStackCallback$Provision.provision(ProvisionListenerStackCallback.java:127)
	at com.google.inject.internal.ProvisionListenerStackCallback.provision(ProvisionListenerStackCallback.java:66)
	at com.google.inject.internal.ConstructorInjector.construct(ConstructorInjector.java:93)
	at com.google.inject.internal.ConstructorBindingImpl$Factory.get(ConstructorBindingImpl.java:306)
	at com.google.inject.internal.InjectorImpl$1.get(InjectorImpl.java:1050)
	... 36 common frames omitted
2026-08-04 03:10:13,541 [Worker-13: Updating Maven Project] INFO  o.e.m.j.i.AbstractJavaProjectConfigurator - Adding source folder /backend/src/main/java
2026-08-04 03:10:13,542 [Worker-13: Updating Maven Project] INFO  o.e.m.j.i.AbstractJavaProjectConfigurator - Adding resource folder /backend/src/main/resources
2026-08-04 03:10:13,542 [Worker-13: Updating Maven Project] INFO  o.e.m.j.i.AbstractJavaProjectConfigurator - Adding resource folder /backend/src/main/resources
2026-08-04 03:10:13,543 [Worker-13: Updating Maven Project] INFO  o.e.m.j.i.AbstractJavaProjectConfigurator - Adding source folder /backend/src/test/java
2026-08-04 03:10:13,543 [Worker-13: Updating Maven Project] INFO  o.e.m.j.i.AbstractJavaProjectConfigurator - Adding resource folder /backend/src/test/resources
2026-08-04 03:10:14,205 [Worker-13: Updating Maven Project] INFO  o.e.m.c.i.p.ProjectConfigurationManager - Update completed: 4 sec
2026-08-04 03:10:17,044 [Worker-13: Building] INFO  o.a.m.s.f.DefaultMavenResourcesFiltering - Copying 3 resources from src\main\resources to target\classes
2026-08-04 03:10:17,104 [Worker-13: Building] INFO  o.a.m.s.f.DefaultMavenResourcesFiltering - Copying 3 resources from src\main\resources to target\classes
2026-08-04 03:10:17,117 [Worker-13: Building] INFO  o.a.m.s.f.DefaultMavenResourcesFiltering - Copying 1 resource from src\test\resources to target\test-classes
2026-08-04 03:10:17,139 [Worker-13: Building] WARN  Sisu - Error injecting: org.apache.maven.plugins.jar.JarMojo
com.google.inject.ProvisionException: Unable to provision, see the following errors:

1) Error in custom provider, com.google.inject.OutOfScopeException: Cannot access Key[type=org.apache.maven.project.MavenProject, annotation=[none]] outside of a scoping block
  at org.apache.maven.execution.scope.internal.MojoExecutionScopeModule.configure(MojoExecutionScopeModule.java:55) (via modules: org.eclipse.sisu.wire.WireModule -> org.apache.maven.execution.scope.internal.MojoExecutionScopeModule)
  while locating org.apache.maven.project.MavenProject
    for the 1st parameter of org.apache.maven.plugins.jar.JarMojo.<init>(Unknown Source)
  while locating org.apache.maven.plugins.jar.JarMojo

1 error
	at com.google.inject.internal.InternalProvisionException.toProvisionException(InternalProvisionException.java:226)
	at com.google.inject.internal.InjectorImpl$1.get(InjectorImpl.java:1053)
	at com.google.inject.internal.InjectorImpl.getInstance(InjectorImpl.java:1086)
	at org.eclipse.sisu.space.AbstractDeferredClass.get(AbstractDeferredClass.java:48)
	at com.google.inject.internal.ProviderInternalFactory.provision(ProviderInternalFactory.java:85)
	at com.google.inject.internal.InternalFactoryToInitializableAdapter.provision(InternalFactoryToInitializableAdapter.java:57)
	at com.google.inject.internal.ProviderInternalFactory$1.call(ProviderInternalFactory.java:66)
	at com.google.inject.internal.ProvisionListenerStackCallback$Provision.provision(ProvisionListenerStackCallback.java:112)
	at com.google.inject.internal.ProvisionListenerStackCallback$Provision.provision(ProvisionListenerStackCallback.java:127)
	at com.google.inject.internal.ProvisionListenerStackCallback.provision(ProvisionListenerStackCallback.java:66)
	at com.google.inject.internal.ProviderInternalFactory.circularGet(ProviderInternalFactory.java:61)
	at com.google.inject.internal.InternalFactoryToInitializableAdapter.get(InternalFactoryToInitializableAdapter.java:47)
	at com.google.inject.internal.InjectorImpl$1.get(InjectorImpl.java:1050)
	at org.eclipse.sisu.inject.Guice4$1.get(Guice4.java:162)
	at org.eclipse.sisu.inject.LazyBeanEntry.getValue(LazyBeanEntry.java:81)
	at org.eclipse.sisu.plexus.LazyPlexusBean.getValue(LazyPlexusBean.java:51)
	at org.codehaus.plexus.DefaultPlexusContainer.lookup(DefaultPlexusContainer.java:263)
	at org.codehaus.plexus.DefaultPlexusContainer.lookup(DefaultPlexusContainer.java:255)
	at org.apache.maven.plugin.internal.DefaultMavenPluginManager.getConfiguredMojo(DefaultMavenPluginManager.java:520)
	at org.eclipse.m2e.core.internal.embedder.MavenImpl.getConfiguredMojo(MavenImpl.java:359)
	at org.sonatype.m2e.mavenarchiver.internal.AbstractMavenArchiverConfigurator.reflectManifestGeneration(AbstractMavenArchiverConfigurator.java:469)
	at org.sonatype.m2e.mavenarchiver.internal.AbstractMavenArchiverConfigurator.generateManifest(AbstractMavenArchiverConfigurator.java:422)
	at org.sonatype.m2e.mavenarchiver.internal.AbstractMavenArchiverConfigurator.mavenProjectChanged(AbstractMavenArchiverConfigurator.java:227)
	at org.sonatype.m2e.mavenarchiver.internal.AbstractMavenArchiverConfigurator$1.build(AbstractMavenArchiverConfigurator.java:167)
	at org.eclipse.m2e.core.internal.builder.MavenBuilderImpl.build(MavenBuilderImpl.java:135)
	at org.eclipse.m2e.core.internal.builder.MavenBuilder$1.method(MavenBuilder.java:169)
	at org.eclipse.m2e.core.internal.builder.MavenBuilder$1.method(MavenBuilder.java:1)
	at org.eclipse.m2e.core.internal.builder.MavenBuilder$BuildMethod.lambda$1(MavenBuilder.java:114)
	at org.eclipse.m2e.core.internal.embedder.MavenExecutionContext.executeBare(MavenExecutionContext.java:182)
	at org.eclipse.m2e.core.internal.embedder.MavenExecutionContext.execute(MavenExecutionContext.java:117)
	at org.eclipse.m2e.core.internal.builder.MavenBuilder$BuildMethod.lambda$0(MavenBuilder.java:105)
	at org.eclipse.m2e.core.internal.embedder.MavenExecutionContext.executeBare(MavenExecutionContext.java:182)
	at org.eclipse.m2e.core.internal.embedder.MavenExecutionContext.execute(MavenExecutionContext.java:156)
	at org.eclipse.m2e.core.internal.embedder.MavenExecutionContext.execute(MavenExecutionContext.java:103)
	at org.eclipse.m2e.core.internal.builder.MavenBuilder$BuildMethod.execute(MavenBuilder.java:88)
	at org.eclipse.m2e.core.internal.builder.MavenBuilder.build(MavenBuilder.java:198)
	at org.eclipse.core.internal.events.BuildManager$2.run(BuildManager.java:1024)
	at org.eclipse.core.runtime.SafeRunner.run(SafeRunner.java:45)
	at org.eclipse.core.internal.events.BuildManager.basicBuild(BuildManager.java:254)
	at org.eclipse.core.internal.events.BuildManager.basicBuild(BuildManager.java:311)
	at org.eclipse.core.internal.events.BuildManager$1.run(BuildManager.java:400)
	at org.eclipse.core.runtime.SafeRunner.run(SafeRunner.java:45)
	at org.eclipse.core.internal.events.BuildManager.basicBuild(BuildManager.java:403)
	at org.eclipse.core.internal.events.BuildManager.basicBuildLoop(BuildManager.java:514)
	at org.eclipse.core.internal.events.BuildManager.basicBuildLoop(BuildManager.java:462)
	at org.eclipse.core.internal.events.BuildManager.build(BuildManager.java:544)
	at org.eclipse.core.internal.events.AutoBuildJob.doBuild(AutoBuildJob.java:161)
	at org.eclipse.core.internal.events.AutoBuildJob.run(AutoBuildJob.java:255)
	at org.eclipse.core.internal.jobs.Worker.run(Worker.java:63)
Caused by: com.google.inject.OutOfScopeException: Cannot access Key[type=org.apache.maven.project.MavenProject, annotation=[none]] outside of a scoping block
	at org.apache.maven.execution.scope.internal.MojoExecutionScope$2.get(MojoExecutionScope.java:122)
	at com.google.inject.internal.InternalFactoryToProviderAdapter.get(InternalFactoryToProviderAdapter.java:39)
	at com.google.inject.internal.SingleParameterInjector.inject(SingleParameterInjector.java:42)
	at com.google.inject.internal.SingleParameterInjector.getAll(SingleParameterInjector.java:65)
	at com.google.inject.internal.ConstructorInjector.provision(ConstructorInjector.java:113)
	at com.google.inject.internal.ConstructorInjector.access$000(ConstructorInjector.java:32)
	at com.google.inject.internal.ConstructorInjector$1.call(ConstructorInjector.java:98)
	at com.google.inject.internal.ProvisionListenerStackCallback$Provision.provision(ProvisionListenerStackCallback.java:112)
	at com.google.inject.internal.ProvisionListenerStackCallback$Provision.provision(ProvisionListenerStackCallback.java:127)
	at com.google.inject.internal.ProvisionListenerStackCallback.provision(ProvisionListenerStackCallback.java:66)
	at com.google.inject.internal.ConstructorInjector.construct(ConstructorInjector.java:93)
	at com.google.inject.internal.ConstructorBindingImpl$Factory.get(ConstructorBindingImpl.java:306)
	at com.google.inject.internal.InjectorImpl$1.get(InjectorImpl.java:1050)
	... 47 common frames omitted
2026-08-04 03:10:24,322 [Worker-18: Building] INFO  o.a.m.s.f.DefaultMavenResourcesFiltering - Copying 3 resources from src\main\resources to target\classes
2026-08-04 03:10:24,340 [Worker-18: Building] INFO  o.a.m.s.f.DefaultMavenResourcesFiltering - Copying 3 resources from src\main\resources to target\classes
2026-08-04 03:10:24,352 [Worker-18: Building] INFO  o.a.m.s.f.DefaultMavenResourcesFiltering - Copying 1 resource from src\test\resources to target\test-classes
2026-08-04 03:10:24,376 [Worker-18: Building] WARN  Sisu - Error injecting: org.apache.maven.plugins.jar.JarMojo
com.google.inject.ProvisionException: Unable to provision, see the following errors:

1) Error in custom provider, com.google.inject.OutOfScopeException: Cannot access Key[type=org.apache.maven.project.MavenProject, annotation=[none]] outside of a scoping block
  at org.apache.maven.execution.scope.internal.MojoExecutionScopeModule.configure(MojoExecutionScopeModule.java:55) (via modules: org.eclipse.sisu.wire.WireModule -> org.apache.maven.execution.scope.internal.MojoExecutionScopeModule)
  while locating org.apache.maven.project.MavenProject
    for the 1st parameter of org.apache.maven.plugins.jar.JarMojo.<init>(Unknown Source)
  while locating org.apache.maven.plugins.jar.JarMojo

1 error
	at com.google.inject.internal.InternalProvisionException.toProvisionException(InternalProvisionException.java:226)
	at com.google.inject.internal.InjectorImpl$1.get(InjectorImpl.java:1053)
	at com.google.inject.internal.InjectorImpl.getInstance(InjectorImpl.java:1086)
	at org.eclipse.sisu.space.AbstractDeferredClass.get(AbstractDeferredClass.java:48)
	at com.google.inject.internal.ProviderInternalFactory.provision(ProviderInternalFactory.java:85)
	at com.google.inject.internal.InternalFactoryToInitializableAdapter.provision(InternalFactoryToInitializableAdapter.java:57)
	at com.google.inject.internal.ProviderInternalFactory$1.call(ProviderInternalFactory.java:66)
	at com.google.inject.internal.ProvisionListenerStackCallback$Provision.provision(ProvisionListenerStackCallback.java:112)
	at com.google.inject.internal.ProvisionListenerStackCallback$Provision.provision(ProvisionListenerStackCallback.java:127)
	at com.google.inject.internal.ProvisionListenerStackCallback.provision(ProvisionListenerStackCallback.java:66)
	at com.google.inject.internal.ProviderInternalFactory.circularGet(ProviderInternalFactory.java:61)
	at com.google.inject.internal.InternalFactoryToInitializableAdapter.get(InternalFactoryToInitializableAdapter.java:47)
	at com.google.inject.internal.InjectorImpl$1.get(InjectorImpl.java:1050)
	at org.eclipse.sisu.inject.Guice4$1.get(Guice4.java:162)
	at org.eclipse.sisu.inject.LazyBeanEntry.getValue(LazyBeanEntry.java:81)
	at org.eclipse.sisu.plexus.LazyPlexusBean.getValue(LazyPlexusBean.java:51)
	at org.codehaus.plexus.DefaultPlexusContainer.lookup(DefaultPlexusContainer.java:263)
	at org.codehaus.plexus.DefaultPlexusContainer.lookup(DefaultPlexusContainer.java:255)
	at org.apache.maven.plugin.internal.DefaultMavenPluginManager.getConfiguredMojo(DefaultMavenPluginManager.java:520)
	at org.eclipse.m2e.core.internal.embedder.MavenImpl.getConfiguredMojo(MavenImpl.java:359)
	at org.sonatype.m2e.mavenarchiver.internal.AbstractMavenArchiverConfigurator.reflectManifestGeneration(AbstractMavenArchiverConfigurator.java:469)
	at org.sonatype.m2e.mavenarchiver.internal.AbstractMavenArchiverConfigurator.generateManifest(AbstractMavenArchiverConfigurator.java:422)
	at org.sonatype.m2e.mavenarchiver.internal.AbstractMavenArchiverConfigurator.mavenProjectChanged(AbstractMavenArchiverConfigurator.java:227)
	at org.sonatype.m2e.mavenarchiver.internal.AbstractMavenArchiverConfigurator$1.build(AbstractMavenArchiverConfigurator.java:167)
	at org.eclipse.m2e.core.internal.builder.MavenBuilderImpl.build(MavenBuilderImpl.java:135)
	at org.eclipse.m2e.core.internal.builder.MavenBuilder$1.method(MavenBuilder.java:169)
	at org.eclipse.m2e.core.internal.builder.MavenBuilder$1.method(MavenBuilder.java:1)
	at org.eclipse.m2e.core.internal.builder.MavenBuilder$BuildMethod.lambda$1(MavenBuilder.java:114)
	at org.eclipse.m2e.core.internal.embedder.MavenExecutionContext.executeBare(MavenExecutionContext.java:182)
	at org.eclipse.m2e.core.internal.embedder.MavenExecutionContext.execute(MavenExecutionContext.java:117)
	at org.eclipse.m2e.core.internal.builder.MavenBuilder$BuildMethod.lambda$0(MavenBuilder.java:105)
	at org.eclipse.m2e.core.internal.embedder.MavenExecutionContext.executeBare(MavenExecutionContext.java:182)
	at org.eclipse.m2e.core.internal.embedder.MavenExecutionContext.execute(MavenExecutionContext.java:156)
	at org.eclipse.m2e.core.internal.embedder.MavenExecutionContext.execute(MavenExecutionContext.java:103)
	at org.eclipse.m2e.core.internal.builder.MavenBuilder$BuildMethod.execute(MavenBuilder.java:88)
	at org.eclipse.m2e.core.internal.builder.MavenBuilder.build(MavenBuilder.java:198)
	at org.eclipse.core.internal.events.BuildManager$2.run(BuildManager.java:1024)
	at org.eclipse.core.runtime.SafeRunner.run(SafeRunner.java:45)
	at org.eclipse.core.internal.events.BuildManager.basicBuild(BuildManager.java:254)
	at org.eclipse.core.internal.events.BuildManager.basicBuild(BuildManager.java:311)
	at org.eclipse.core.internal.events.BuildManager$1.run(BuildManager.java:400)
	at org.eclipse.core.runtime.SafeRunner.run(SafeRunner.java:45)
	at org.eclipse.core.internal.events.BuildManager.basicBuild(BuildManager.java:403)
	at org.eclipse.core.internal.events.BuildManager.basicBuildLoop(BuildManager.java:514)
	at org.eclipse.core.internal.events.BuildManager.basicBuildLoop(BuildManager.java:462)
	at org.eclipse.core.internal.events.BuildManager.build(BuildManager.java:544)
	at org.eclipse.core.internal.events.AutoBuildJob.doBuild(AutoBuildJob.java:161)
	at org.eclipse.core.internal.events.AutoBuildJob.run(AutoBuildJob.java:255)
	at org.eclipse.core.internal.jobs.Worker.run(Worker.java:63)
Caused by: com.google.inject.OutOfScopeException: Cannot access Key[type=org.apache.maven.project.MavenProject, annotation=[none]] outside of a scoping block
	at org.apache.maven.execution.scope.internal.MojoExecutionScope$2.get(MojoExecutionScope.java:122)
	at com.google.inject.internal.InternalFactoryToProviderAdapter.get(InternalFactoryToProviderAdapter.java:39)
	at com.google.inject.internal.SingleParameterInjector.inject(SingleParameterInjector.java:42)
	at com.google.inject.internal.SingleParameterInjector.getAll(SingleParameterInjector.java:65)
	at com.google.inject.internal.ConstructorInjector.provision(ConstructorInjector.java:113)
	at com.google.inject.internal.ConstructorInjector.access$000(ConstructorInjector.java:32)
	at com.google.inject.internal.ConstructorInjector$1.call(ConstructorInjector.java:98)
	at com.google.inject.internal.ProvisionListenerStackCallback$Provision.provision(ProvisionListenerStackCallback.java:112)
	at com.google.inject.internal.ProvisionListenerStackCallback$Provision.provision(ProvisionListenerStackCallback.java:127)
	at com.google.inject.internal.ProvisionListenerStackCallback.provision(ProvisionListenerStackCallback.java:66)
	at com.google.inject.internal.ConstructorInjector.construct(ConstructorInjector.java:93)
	at com.google.inject.internal.ConstructorBindingImpl$Factory.get(ConstructorBindingImpl.java:306)
	at com.google.inject.internal.InjectorImpl$1.get(InjectorImpl.java:1050)
	... 47 common frames omitted
2026-08-04 03:17:13,105 [Worker-17: Building] INFO  o.a.m.s.f.DefaultMavenResourcesFiltering - Copying 0 resource from src\main\resources to target\classes
2026-08-04 03:17:13,111 [Worker-17: Building] INFO  o.a.m.s.f.DefaultMavenResourcesFiltering - Copying 0 resource from src\main\resources to target\classes
2026-08-04 03:17:13,116 [Worker-17: Building] INFO  o.a.m.s.f.DefaultMavenResourcesFiltering - Copying 0 resource from src\test\resources to target\test-classes
2026-08-04 03:17:13,138 [Worker-17: Building] WARN  Sisu - Error injecting: org.apache.maven.plugins.jar.JarMojo
com.google.inject.ProvisionException: Unable to provision, see the following errors:

1) Error in custom provider, com.google.inject.OutOfScopeException: Cannot access Key[type=org.apache.maven.project.MavenProject, annotation=[none]] outside of a scoping block
  at org.apache.maven.execution.scope.internal.MojoExecutionScopeModule.configure(MojoExecutionScopeModule.java:55) (via modules: org.eclipse.sisu.wire.WireModule -> org.apache.maven.execution.scope.internal.MojoExecutionScopeModule)
  while locating org.apache.maven.project.MavenProject
    for the 1st parameter of org.apache.maven.plugins.jar.JarMojo.<init>(Unknown Source)
  while locating org.apache.maven.plugins.jar.JarMojo

1 error
	at com.google.inject.internal.InternalProvisionException.toProvisionException(InternalProvisionException.java:226)
	at com.google.inject.internal.InjectorImpl$1.get(InjectorImpl.java:1053)
	at com.google.inject.internal.InjectorImpl.getInstance(InjectorImpl.java:1086)
	at org.eclipse.sisu.space.AbstractDeferredClass.get(AbstractDeferredClass.java:48)
	at com.google.inject.internal.ProviderInternalFactory.provision(ProviderInternalFactory.java:85)
	at com.google.inject.internal.InternalFactoryToInitializableAdapter.provision(InternalFactoryToInitializableAdapter.java:57)
	at com.google.inject.internal.ProviderInternalFactory$1.call(ProviderInternalFactory.java:66)
	at com.google.inject.internal.ProvisionListenerStackCallback$Provision.provision(ProvisionListenerStackCallback.java:112)
	at com.google.inject.internal.ProvisionListenerStackCallback$Provision.provision(ProvisionListenerStackCallback.java:127)
	at com.google.inject.internal.ProvisionListenerStackCallback.provision(ProvisionListenerStackCallback.java:66)
	at com.google.inject.internal.ProviderInternalFactory.circularGet(ProviderInternalFactory.java:61)
	at com.google.inject.internal.InternalFactoryToInitializableAdapter.get(InternalFactoryToInitializableAdapter.java:47)
	at com.google.inject.internal.InjectorImpl$1.get(InjectorImpl.java:1050)
	at org.eclipse.sisu.inject.Guice4$1.get(Guice4.java:162)
	at org.eclipse.sisu.inject.LazyBeanEntry.getValue(LazyBeanEntry.java:81)
	at org.eclipse.sisu.plexus.LazyPlexusBean.getValue(LazyPlexusBean.java:51)
	at org.codehaus.plexus.DefaultPlexusContainer.lookup(DefaultPlexusContainer.java:263)
	at org.codehaus.plexus.DefaultPlexusContainer.lookup(DefaultPlexusContainer.java:255)
	at org.apache.maven.plugin.internal.DefaultMavenPluginManager.getConfiguredMojo(DefaultMavenPluginManager.java:520)
	at org.eclipse.m2e.core.internal.embedder.MavenImpl.getConfiguredMojo(MavenImpl.java:359)
	at org.sonatype.m2e.mavenarchiver.internal.AbstractMavenArchiverConfigurator.reflectManifestGeneration(AbstractMavenArchiverConfigurator.java:469)
	at org.sonatype.m2e.mavenarchiver.internal.AbstractMavenArchiverConfigurator.generateManifest(AbstractMavenArchiverConfigurator.java:422)
	at org.sonatype.m2e.mavenarchiver.internal.AbstractMavenArchiverConfigurator.mavenProjectChanged(AbstractMavenArchiverConfigurator.java:227)
	at org.sonatype.m2e.mavenarchiver.internal.AbstractMavenArchiverConfigurator$1.build(AbstractMavenArchiverConfigurator.java:167)
	at org.eclipse.m2e.core.internal.builder.MavenBuilderImpl.build(MavenBuilderImpl.java:135)
	at org.eclipse.m2e.core.internal.builder.MavenBuilder$1.method(MavenBuilder.java:169)
	at org.eclipse.m2e.core.internal.builder.MavenBuilder$1.method(MavenBuilder.java:1)
	at org.eclipse.m2e.core.internal.builder.MavenBuilder$BuildMethod.lambda$1(MavenBuilder.java:114)
	at org.eclipse.m2e.core.internal.embedder.MavenExecutionContext.executeBare(MavenExecutionContext.java:182)
	at org.eclipse.m2e.core.internal.embedder.MavenExecutionContext.execute(MavenExecutionContext.java:117)
	at org.eclipse.m2e.core.internal.builder.MavenBuilder$BuildMethod.lambda$0(MavenBuilder.java:105)
	at org.eclipse.m2e.core.internal.embedder.MavenExecutionContext.executeBare(MavenExecutionContext.java:182)
	at org.eclipse.m2e.core.internal.embedder.MavenExecutionContext.execute(MavenExecutionContext.java:156)
	at org.eclipse.m2e.core.internal.embedder.MavenExecutionContext.execute(MavenExecutionContext.java:103)
	at org.eclipse.m2e.core.internal.builder.MavenBuilder$BuildMethod.execute(MavenBuilder.java:88)
	at org.eclipse.m2e.core.internal.builder.MavenBuilder.build(MavenBuilder.java:198)
	at org.eclipse.core.internal.events.BuildManager$2.run(BuildManager.java:1024)
	at org.eclipse.core.runtime.SafeRunner.run(SafeRunner.java:45)
	at org.eclipse.core.internal.events.BuildManager.basicBuild(BuildManager.java:254)
	at org.eclipse.core.internal.events.BuildManager.basicBuild(BuildManager.java:311)
	at org.eclipse.core.internal.events.BuildManager$1.run(BuildManager.java:400)
	at org.eclipse.core.runtime.SafeRunner.run(SafeRunner.java:45)
	at org.eclipse.core.internal.events.BuildManager.basicBuild(BuildManager.java:403)
	at org.eclipse.core.internal.events.BuildManager.basicBuildLoop(BuildManager.java:514)
	at org.eclipse.core.internal.events.BuildManager.basicBuildLoop(BuildManager.java:462)
	at org.eclipse.core.internal.events.BuildManager.build(BuildManager.java:544)
	at org.eclipse.core.internal.events.AutoBuildJob.doBuild(AutoBuildJob.java:161)
	at org.eclipse.core.internal.events.AutoBuildJob.run(AutoBuildJob.java:255)
	at org.eclipse.core.internal.jobs.Worker.run(Worker.java:63)
Caused by: com.google.inject.OutOfScopeException: Cannot access Key[type=org.apache.maven.project.MavenProject, annotation=[none]] outside of a scoping block
	at org.apache.maven.execution.scope.internal.MojoExecutionScope$2.get(MojoExecutionScope.java:122)
	at com.google.inject.internal.InternalFactoryToProviderAdapter.get(InternalFactoryToProviderAdapter.java:39)
	at com.google.inject.internal.SingleParameterInjector.inject(SingleParameterInjector.java:42)
	at com.google.inject.internal.SingleParameterInjector.getAll(SingleParameterInjector.java:65)
	at com.google.inject.internal.ConstructorInjector.provision(ConstructorInjector.java:113)
	at com.google.inject.internal.ConstructorInjector.access$000(ConstructorInjector.java:32)
	at com.google.inject.internal.ConstructorInjector$1.call(ConstructorInjector.java:98)
	at com.google.inject.internal.ProvisionListenerStackCallback$Provision.provision(ProvisionListenerStackCallback.java:112)
	at com.google.inject.internal.ProvisionListenerStackCallback$Provision.provision(ProvisionListenerStackCallback.java:127)
	at com.google.inject.internal.ProvisionListenerStackCallback.provision(ProvisionListenerStackCallback.java:66)
	at com.google.inject.internal.ConstructorInjector.construct(ConstructorInjector.java:93)
	at com.google.inject.internal.ConstructorBindingImpl$Factory.get(ConstructorBindingImpl.java:306)
	at com.google.inject.internal.InjectorImpl$1.get(InjectorImpl.java:1050)
	... 47 common frames omitted
2026-08-04 03:17:22,039 [Worker-12: Updating Maven Project] INFO  o.e.m.c.i.p.ProjectConfigurationManager - Update started
2026-08-04 03:17:22,865 [Worker-12: Updating Maven Project] INFO  o.e.m.c.i.l.LifecycleMappingFactory - Using org.eclipse.m2e.jdt.JarLifecycleMapping lifecycle mapping for MavenProject: com.emart:EmartCategoryMaster:0.0.1-SNAPSHOT @ C:\Users\ADMIN\OneDrive\Documents\Final\backend\pom.xml.
2026-08-04 03:17:23,898 [Worker-12: Updating Maven Project] WARN  Sisu - Error injecting: org.apache.maven.plugins.jar.JarMojo
com.google.inject.ProvisionException: Unable to provision, see the following errors:

1) Error in custom provider, com.google.inject.OutOfScopeException: Cannot access Key[type=org.apache.maven.project.MavenProject, annotation=[none]] outside of a scoping block
  at org.apache.maven.execution.scope.internal.MojoExecutionScopeModule.configure(MojoExecutionScopeModule.java:55) (via modules: org.eclipse.sisu.wire.WireModule -> org.apache.maven.execution.scope.internal.MojoExecutionScopeModule)
  while locating org.apache.maven.project.MavenProject
    for the 1st parameter of org.apache.maven.plugins.jar.JarMojo.<init>(Unknown Source)
  while locating org.apache.maven.plugins.jar.JarMojo

1 error
	at com.google.inject.internal.InternalProvisionException.toProvisionException(InternalProvisionException.java:226)
	at com.google.inject.internal.InjectorImpl$1.get(InjectorImpl.java:1053)
	at com.google.inject.internal.InjectorImpl.getInstance(InjectorImpl.java:1086)
	at org.eclipse.sisu.space.AbstractDeferredClass.get(AbstractDeferredClass.java:48)
	at com.google.inject.internal.ProviderInternalFactory.provision(ProviderInternalFactory.java:85)
	at com.google.inject.internal.InternalFactoryToInitializableAdapter.provision(InternalFactoryToInitializableAdapter.java:57)
	at com.google.inject.internal.ProviderInternalFactory$1.call(ProviderInternalFactory.java:66)
	at com.google.inject.internal.ProvisionListenerStackCallback$Provision.provision(ProvisionListenerStackCallback.java:112)
	at com.google.inject.internal.ProvisionListenerStackCallback$Provision.provision(ProvisionListenerStackCallback.java:127)
	at com.google.inject.internal.ProvisionListenerStackCallback.provision(ProvisionListenerStackCallback.java:66)
	at com.google.inject.internal.ProviderInternalFactory.circularGet(ProviderInternalFactory.java:61)
	at com.google.inject.internal.InternalFactoryToInitializableAdapter.get(InternalFactoryToInitializableAdapter.java:47)
	at com.google.inject.internal.InjectorImpl$1.get(InjectorImpl.java:1050)
	at org.eclipse.sisu.inject.Guice4$1.get(Guice4.java:162)
	at org.eclipse.sisu.inject.LazyBeanEntry.getValue(LazyBeanEntry.java:81)
	at org.eclipse.sisu.plexus.LazyPlexusBean.getValue(LazyPlexusBean.java:51)
	at org.codehaus.plexus.DefaultPlexusContainer.lookup(DefaultPlexusContainer.java:263)
	at org.codehaus.plexus.DefaultPlexusContainer.lookup(DefaultPlexusContainer.java:255)
	at org.apache.maven.plugin.internal.DefaultMavenPluginManager.getConfiguredMojo(DefaultMavenPluginManager.java:520)
	at org.eclipse.m2e.core.internal.embedder.MavenImpl.getConfiguredMojo(MavenImpl.java:359)
	at org.sonatype.m2e.mavenarchiver.internal.AbstractMavenArchiverConfigurator.reflectManifestGeneration(AbstractMavenArchiverConfigurator.java:469)
	at org.sonatype.m2e.mavenarchiver.internal.AbstractMavenArchiverConfigurator.generateManifest(AbstractMavenArchiverConfigurator.java:422)
	at org.sonatype.m2e.mavenarchiver.internal.AbstractMavenArchiverConfigurator.mavenProjectChanged(AbstractMavenArchiverConfigurator.java:227)
	at org.sonatype.m2e.mavenarchiver.internal.AbstractMavenArchiverConfigurator.mavenProjectChanged(AbstractMavenArchiverConfigurator.java:215)
	at org.eclipse.m2e.core.internal.project.ProjectConfigurationManager.mavenProjectChanged(ProjectConfigurationManager.java:1056)
	at org.eclipse.m2e.core.internal.project.registry.ProjectRegistryManager.notifyProjectChangeListeners(ProjectRegistryManager.java:806)
	at org.eclipse.m2e.core.internal.project.registry.ProjectRegistryManager.applyMutableProjectRegistry(ProjectRegistryManager.java:972)
	at org.eclipse.m2e.core.internal.project.registry.ProjectRegistryManager.refresh(ProjectRegistryManager.java:305)
	at org.eclipse.m2e.core.internal.project.ProjectConfigurationManager.updateProjectConfiguration0(ProjectConfigurationManager.java:413)
	at org.eclipse.m2e.core.internal.project.ProjectConfigurationManager.lambda$1(ProjectConfigurationManager.java:362)
	at org.eclipse.m2e.core.internal.embedder.MavenExecutionContext.executeBare(MavenExecutionContext.java:182)
	at org.eclipse.m2e.core.internal.embedder.MavenExecutionContext.execute(MavenExecutionContext.java:156)
	at org.eclipse.m2e.core.internal.embedder.MavenExecutionContext.execute(MavenExecutionContext.java:103)
	at org.eclipse.m2e.core.internal.embedder.MavenImpl.execute(MavenImpl.java:1411)
	at org.eclipse.m2e.core.internal.project.ProjectConfigurationManager.updateProjectConfiguration(ProjectConfigurationManager.java:361)
	at org.eclipse.m2e.core.ui.internal.UpdateMavenProjectJob.runInWorkspace(UpdateMavenProjectJob.java:80)
	at org.eclipse.core.internal.resources.InternalWorkspaceJob.run(InternalWorkspaceJob.java:43)
	at org.eclipse.core.internal.jobs.Worker.run(Worker.java:63)
Caused by: com.google.inject.OutOfScopeException: Cannot access Key[type=org.apache.maven.project.MavenProject, annotation=[none]] outside of a scoping block
	at org.apache.maven.execution.scope.internal.MojoExecutionScope$2.get(MojoExecutionScope.java:122)
	at com.google.inject.internal.InternalFactoryToProviderAdapter.get(InternalFactoryToProviderAdapter.java:39)
	at com.google.inject.internal.SingleParameterInjector.inject(SingleParameterInjector.java:42)
	at com.google.inject.internal.SingleParameterInjector.getAll(SingleParameterInjector.java:65)
	at com.google.inject.internal.ConstructorInjector.provision(ConstructorInjector.java:113)
	at com.google.inject.internal.ConstructorInjector.access$000(ConstructorInjector.java:32)
	at com.google.inject.internal.ConstructorInjector$1.call(ConstructorInjector.java:98)
	at com.google.inject.internal.ProvisionListenerStackCallback$Provision.provision(ProvisionListenerStackCallback.java:112)
	at com.google.inject.internal.ProvisionListenerStackCallback$Provision.provision(ProvisionListenerStackCallback.java:127)
	at com.google.inject.internal.ProvisionListenerStackCallback.provision(ProvisionListenerStackCallback.java:66)
	at com.google.inject.internal.ConstructorInjector.construct(ConstructorInjector.java:93)
	at com.google.inject.internal.ConstructorBindingImpl$Factory.get(ConstructorBindingImpl.java:306)
	at com.google.inject.internal.InjectorImpl$1.get(InjectorImpl.java:1050)
	... 36 common frames omitted
2026-08-04 03:17:25,137 [Worker-12: Updating Maven Project] INFO  o.e.m.j.i.AbstractJavaProjectConfigurator - Adding source folder /backend/src/main/java
2026-08-04 03:17:25,138 [Worker-12: Updating Maven Project] INFO  o.e.m.j.i.AbstractJavaProjectConfigurator - Adding resource folder /backend/src/main/resources
2026-08-04 03:17:25,139 [Worker-12: Updating Maven Project] INFO  o.e.m.j.i.AbstractJavaProjectConfigurator - Adding resource folder /backend/src/main/resources
2026-08-04 03:17:25,141 [Worker-12: Updating Maven Project] INFO  o.e.m.j.i.AbstractJavaProjectConfigurator - Adding source folder /backend/src/test/java
2026-08-04 03:17:25,143 [Worker-12: Updating Maven Project] INFO  o.e.m.j.i.AbstractJavaProjectConfigurator - Adding resource folder /backend/src/test/resources
2026-08-04 03:17:26,054 [Worker-12: Updating Maven Project] INFO  o.e.m.c.i.p.ProjectConfigurationManager - Update completed: 4 sec
2026-08-04 03:17:29,300 [Worker-18: Building] INFO  o.a.m.s.f.DefaultMavenResourcesFiltering - Copying 3 resources from src\main\resources to target\classes
2026-08-04 03:17:29,349 [Worker-18: Building] INFO  o.a.m.s.f.DefaultMavenResourcesFiltering - Copying 3 resources from src\main\resources to target\classes
2026-08-04 03:17:29,363 [Worker-18: Building] INFO  o.a.m.s.f.DefaultMavenResourcesFiltering - Copying 1 resource from src\test\resources to target\test-classes
2026-08-04 03:17:29,386 [Worker-18: Building] WARN  Sisu - Error injecting: org.apache.maven.plugins.jar.JarMojo
com.google.inject.ProvisionException: Unable to provision, see the following errors:

1) Error in custom provider, com.google.inject.OutOfScopeException: Cannot access Key[type=org.apache.maven.project.MavenProject, annotation=[none]] outside of a scoping block
  at org.apache.maven.execution.scope.internal.MojoExecutionScopeModule.configure(MojoExecutionScopeModule.java:55) (via modules: org.eclipse.sisu.wire.WireModule -> org.apache.maven.execution.scope.internal.MojoExecutionScopeModule)
  while locating org.apache.maven.project.MavenProject
    for the 1st parameter of org.apache.maven.plugins.jar.JarMojo.<init>(Unknown Source)
  while locating org.apache.maven.plugins.jar.JarMojo

1 error
	at com.google.inject.internal.InternalProvisionException.toProvisionException(InternalProvisionException.java:226)
	at com.google.inject.internal.InjectorImpl$1.get(InjectorImpl.java:1053)
	at com.google.inject.internal.InjectorImpl.getInstance(InjectorImpl.java:1086)
	at org.eclipse.sisu.space.AbstractDeferredClass.get(AbstractDeferredClass.java:48)
	at com.google.inject.internal.ProviderInternalFactory.provision(ProviderInternalFactory.java:85)
	at com.google.inject.internal.InternalFactoryToInitializableAdapter.provision(InternalFactoryToInitializableAdapter.java:57)
	at com.google.inject.internal.ProviderInternalFactory$1.call(ProviderInternalFactory.java:66)
	at com.google.inject.internal.ProvisionListenerStackCallback$Provision.provision(ProvisionListenerStackCallback.java:112)
	at com.google.inject.internal.ProvisionListenerStackCallback$Provision.provision(ProvisionListenerStackCallback.java:127)
	at com.google.inject.internal.ProvisionListenerStackCallback.provision(ProvisionListenerStackCallback.java:66)
	at com.google.inject.internal.ProviderInternalFactory.circularGet(ProviderInternalFactory.java:61)
	at com.google.inject.internal.InternalFactoryToInitializableAdapter.get(InternalFactoryToInitializableAdapter.java:47)
	at com.google.inject.internal.InjectorImpl$1.get(InjectorImpl.java:1050)
	at org.eclipse.sisu.inject.Guice4$1.get(Guice4.java:162)
	at org.eclipse.sisu.inject.LazyBeanEntry.getValue(LazyBeanEntry.java:81)
	at org.eclipse.sisu.plexus.LazyPlexusBean.getValue(LazyPlexusBean.java:51)
	at org.codehaus.plexus.DefaultPlexusContainer.lookup(DefaultPlexusContainer.java:263)
	at org.codehaus.plexus.DefaultPlexusContainer.lookup(DefaultPlexusContainer.java:255)
	at org.apache.maven.plugin.internal.DefaultMavenPluginManager.getConfiguredMojo(DefaultMavenPluginManager.java:520)
	at org.eclipse.m2e.core.internal.embedder.MavenImpl.getConfiguredMojo(MavenImpl.java:359)
	at org.sonatype.m2e.mavenarchiver.internal.AbstractMavenArchiverConfigurator.reflectManifestGeneration(AbstractMavenArchiverConfigurator.java:469)
	at org.sonatype.m2e.mavenarchiver.internal.AbstractMavenArchiverConfigurator.generateManifest(AbstractMavenArchiverConfigurator.java:422)
	at org.sonatype.m2e.mavenarchiver.internal.AbstractMavenArchiverConfigurator.mavenProjectChanged(AbstractMavenArchiverConfigurator.java:227)
	at org.sonatype.m2e.mavenarchiver.internal.AbstractMavenArchiverConfigurator$1.build(AbstractMavenArchiverConfigurator.java:167)
	at org.eclipse.m2e.core.internal.builder.MavenBuilderImpl.build(MavenBuilderImpl.java:135)
	at org.eclipse.m2e.core.internal.builder.MavenBuilder$1.method(MavenBuilder.java:169)
	at org.eclipse.m2e.core.internal.builder.MavenBuilder$1.method(MavenBuilder.java:1)
	at org.eclipse.m2e.core.internal.builder.MavenBuilder$BuildMethod.lambda$1(MavenBuilder.java:114)
	at org.eclipse.m2e.core.internal.embedder.MavenExecutionContext.executeBare(MavenExecutionContext.java:182)
	at org.eclipse.m2e.core.internal.embedder.MavenExecutionContext.execute(MavenExecutionContext.java:117)
	at org.eclipse.m2e.core.internal.builder.MavenBuilder$BuildMethod.lambda$0(MavenBuilder.java:105)
	at org.eclipse.m2e.core.internal.embedder.MavenExecutionContext.executeBare(MavenExecutionContext.java:182)
	at org.eclipse.m2e.core.internal.embedder.MavenExecutionContext.execute(MavenExecutionContext.java:156)
	at org.eclipse.m2e.core.internal.embedder.MavenExecutionContext.execute(MavenExecutionContext.java:103)
	at org.eclipse.m2e.core.internal.builder.MavenBuilder$BuildMethod.execute(MavenBuilder.java:88)
	at org.eclipse.m2e.core.internal.builder.MavenBuilder.build(MavenBuilder.java:198)
	at org.eclipse.core.internal.events.BuildManager$2.run(BuildManager.java:1024)
	at org.eclipse.core.runtime.SafeRunner.run(SafeRunner.java:45)
	at org.eclipse.core.internal.events.BuildManager.basicBuild(BuildManager.java:254)
	at org.eclipse.core.internal.events.BuildManager.basicBuild(BuildManager.java:311)
	at org.eclipse.core.internal.events.BuildManager$1.run(BuildManager.java:400)
	at org.eclipse.core.runtime.SafeRunner.run(SafeRunner.java:45)
	at org.eclipse.core.internal.events.BuildManager.basicBuild(BuildManager.java:403)
	at org.eclipse.core.internal.events.BuildManager.basicBuildLoop(BuildManager.java:514)
	at org.eclipse.core.internal.events.BuildManager.basicBuildLoop(BuildManager.java:462)
	at org.eclipse.core.internal.events.BuildManager.build(BuildManager.java:544)
	at org.eclipse.core.internal.events.AutoBuildJob.doBuild(AutoBuildJob.java:161)
	at org.eclipse.core.internal.events.AutoBuildJob.run(AutoBuildJob.java:255)
	at org.eclipse.core.internal.jobs.Worker.run(Worker.java:63)
Caused by: com.google.inject.OutOfScopeException: Cannot access Key[type=org.apache.maven.project.MavenProject, annotation=[none]] outside of a scoping block
	at org.apache.maven.execution.scope.internal.MojoExecutionScope$2.get(MojoExecutionScope.java:122)
	at com.google.inject.internal.InternalFactoryToProviderAdapter.get(InternalFactoryToProviderAdapter.java:39)
	at com.google.inject.internal.SingleParameterInjector.inject(SingleParameterInjector.java:42)
	at com.google.inject.internal.SingleParameterInjector.getAll(SingleParameterInjector.java:65)
	at com.google.inject.internal.ConstructorInjector.provision(ConstructorInjector.java:113)
	at com.google.inject.internal.ConstructorInjector.access$000(ConstructorInjector.java:32)
	at com.google.inject.internal.ConstructorInjector$1.call(ConstructorInjector.java:98)
	at com.google.inject.internal.ProvisionListenerStackCallback$Provision.provision(ProvisionListenerStackCallback.java:112)
	at com.google.inject.internal.ProvisionListenerStackCallback$Provision.provision(ProvisionListenerStackCallback.java:127)
	at com.google.inject.internal.ProvisionListenerStackCallback.provision(ProvisionListenerStackCallback.java:66)
	at com.google.inject.internal.ConstructorInjector.construct(ConstructorInjector.java:93)
	at com.google.inject.internal.ConstructorBindingImpl$Factory.get(ConstructorBindingImpl.java:306)
	at com.google.inject.internal.InjectorImpl$1.get(InjectorImpl.java:1050)
	... 47 common frames omitted
2026-08-04 03:17:35,616 [Worker-16: Building] INFO  o.a.m.s.f.DefaultMavenResourcesFiltering - Copying 3 resources from src\main\resources to target\classes
2026-08-04 03:17:35,629 [Worker-16: Building] INFO  o.a.m.s.f.DefaultMavenResourcesFiltering - Copying 3 resources from src\main\resources to target\classes
2026-08-04 03:17:35,641 [Worker-16: Building] INFO  o.a.m.s.f.DefaultMavenResourcesFiltering - Copying 1 resource from src\test\resources to target\test-classes
2026-08-04 03:17:35,665 [Worker-16: Building] WARN  Sisu - Error injecting: org.apache.maven.plugins.jar.JarMojo
com.google.inject.ProvisionException: Unable to provision, see the following errors:

1) Error in custom provider, com.google.inject.OutOfScopeException: Cannot access Key[type=org.apache.maven.project.MavenProject, annotation=[none]] outside of a scoping block
  at org.apache.maven.execution.scope.internal.MojoExecutionScopeModule.configure(MojoExecutionScopeModule.java:55) (via modules: org.eclipse.sisu.wire.WireModule -> org.apache.maven.execution.scope.internal.MojoExecutionScopeModule)
  while locating org.apache.maven.project.MavenProject
    for the 1st parameter of org.apache.maven.plugins.jar.JarMojo.<init>(Unknown Source)
  while locating org.apache.maven.plugins.jar.JarMojo

1 error
	at com.google.inject.internal.InternalProvisionException.toProvisionException(InternalProvisionException.java:226)
	at com.google.inject.internal.InjectorImpl$1.get(InjectorImpl.java:1053)
	at com.google.inject.internal.InjectorImpl.getInstance(InjectorImpl.java:1086)
	at org.eclipse.sisu.space.AbstractDeferredClass.get(AbstractDeferredClass.java:48)
	at com.google.inject.internal.ProviderInternalFactory.provision(ProviderInternalFactory.java:85)
	at com.google.inject.internal.InternalFactoryToInitializableAdapter.provision(InternalFactoryToInitializableAdapter.java:57)
	at com.google.inject.internal.ProviderInternalFactory$1.call(ProviderInternalFactory.java:66)
	at com.google.inject.internal.ProvisionListenerStackCallback$Provision.provision(ProvisionListenerStackCallback.java:112)
	at com.google.inject.internal.ProvisionListenerStackCallback$Provision.provision(ProvisionListenerStackCallback.java:127)
	at com.google.inject.internal.ProvisionListenerStackCallback.provision(ProvisionListenerStackCallback.java:66)
	at com.google.inject.internal.ProviderInternalFactory.circularGet(ProviderInternalFactory.java:61)
	at com.google.inject.internal.InternalFactoryToInitializableAdapter.get(InternalFactoryToInitializableAdapter.java:47)
	at com.google.inject.internal.InjectorImpl$1.get(InjectorImpl.java:1050)
	at org.eclipse.sisu.inject.Guice4$1.get(Guice4.java:162)
	at org.eclipse.sisu.inject.LazyBeanEntry.getValue(LazyBeanEntry.java:81)
	at org.eclipse.sisu.plexus.LazyPlexusBean.getValue(LazyPlexusBean.java:51)
	at org.codehaus.plexus.DefaultPlexusContainer.lookup(DefaultPlexusContainer.java:263)
	at org.codehaus.plexus.DefaultPlexusContainer.lookup(DefaultPlexusContainer.java:255)
	at org.apache.maven.plugin.internal.DefaultMavenPluginManager.getConfiguredMojo(DefaultMavenPluginManager.java:520)
	at org.eclipse.m2e.core.internal.embedder.MavenImpl.getConfiguredMojo(MavenImpl.java:359)
	at org.sonatype.m2e.mavenarchiver.internal.AbstractMavenArchiverConfigurator.reflectManifestGeneration(AbstractMavenArchiverConfigurator.java:469)
	at org.sonatype.m2e.mavenarchiver.internal.AbstractMavenArchiverConfigurator.generateManifest(AbstractMavenArchiverConfigurator.java:422)
	at org.sonatype.m2e.mavenarchiver.internal.AbstractMavenArchiverConfigurator.mavenProjectChanged(AbstractMavenArchiverConfigurator.java:227)
	at org.sonatype.m2e.mavenarchiver.internal.AbstractMavenArchiverConfigurator$1.build(AbstractMavenArchiverConfigurator.java:167)
	at org.eclipse.m2e.core.internal.builder.MavenBuilderImpl.build(MavenBuilderImpl.java:135)
	at org.eclipse.m2e.core.internal.builder.MavenBuilder$1.method(MavenBuilder.java:169)
	at org.eclipse.m2e.core.internal.builder.MavenBuilder$1.method(MavenBuilder.java:1)
	at org.eclipse.m2e.core.internal.builder.MavenBuilder$BuildMethod.lambda$1(MavenBuilder.java:114)
	at org.eclipse.m2e.core.internal.embedder.MavenExecutionContext.executeBare(MavenExecutionContext.java:182)
	at org.eclipse.m2e.core.internal.embedder.MavenExecutionContext.execute(MavenExecutionContext.java:117)
	at org.eclipse.m2e.core.internal.builder.MavenBuilder$BuildMethod.lambda$0(MavenBuilder.java:105)
	at org.eclipse.m2e.core.internal.embedder.MavenExecutionContext.executeBare(MavenExecutionContext.java:182)
	at org.eclipse.m2e.core.internal.embedder.MavenExecutionContext.execute(MavenExecutionContext.java:156)
	at org.eclipse.m2e.core.internal.embedder.MavenExecutionContext.execute(MavenExecutionContext.java:103)
	at org.eclipse.m2e.core.internal.builder.MavenBuilder$BuildMethod.execute(MavenBuilder.java:88)
	at org.eclipse.m2e.core.internal.builder.MavenBuilder.build(MavenBuilder.java:198)
	at org.eclipse.core.internal.events.BuildManager$2.run(BuildManager.java:1024)
	at org.eclipse.core.runtime.SafeRunner.run(SafeRunner.java:45)
	at org.eclipse.core.internal.events.BuildManager.basicBuild(BuildManager.java:254)
	at org.eclipse.core.internal.events.BuildManager.basicBuild(BuildManager.java:311)
	at org.eclipse.core.internal.events.BuildManager$1.run(BuildManager.java:400)
	at org.eclipse.core.runtime.SafeRunner.run(SafeRunner.java:45)
	at org.eclipse.core.internal.events.BuildManager.basicBuild(BuildManager.java:403)
	at org.eclipse.core.internal.events.BuildManager.basicBuildLoop(BuildManager.java:514)
	at org.eclipse.core.internal.events.BuildManager.basicBuildLoop(BuildManager.java:462)
	at org.eclipse.core.internal.events.BuildManager.build(BuildManager.java:544)
	at org.eclipse.core.internal.events.AutoBuildJob.doBuild(AutoBuildJob.java:161)
	at org.eclipse.core.internal.events.AutoBuildJob.run(AutoBuildJob.java:255)
	at org.eclipse.core.internal.jobs.Worker.run(Worker.java:63)
Caused by: com.google.inject.OutOfScopeException: Cannot access Key[type=org.apache.maven.project.MavenProject, annotation=[none]] outside of a scoping block
	at org.apache.maven.execution.scope.internal.MojoExecutionScope$2.get(MojoExecutionScope.java:122)
	at com.google.inject.internal.InternalFactoryToProviderAdapter.get(InternalFactoryToProviderAdapter.java:39)
	at com.google.inject.internal.SingleParameterInjector.inject(SingleParameterInjector.java:42)
	at com.google.inject.internal.SingleParameterInjector.getAll(SingleParameterInjector.java:65)
	at com.google.inject.internal.ConstructorInjector.provision(ConstructorInjector.java:113)
	at com.google.inject.internal.ConstructorInjector.access$000(ConstructorInjector.java:32)
	at com.google.inject.internal.ConstructorInjector$1.call(ConstructorInjector.java:98)
	at com.google.inject.internal.ProvisionListenerStackCallback$Provision.provision(ProvisionListenerStackCallback.java:112)
	at com.google.inject.internal.ProvisionListenerStackCallback$Provision.provision(ProvisionListenerStackCallback.java:127)
	at com.google.inject.internal.ProvisionListenerStackCallback.provision(ProvisionListenerStackCallback.java:66)
	at com.google.inject.internal.ConstructorInjector.construct(ConstructorInjector.java:93)
	at com.google.inject.internal.ConstructorBindingImpl$Factory.get(ConstructorBindingImpl.java:306)
	at com.google.inject.internal.InjectorImpl$1.get(InjectorImpl.java:1050)
	... 47 common frames omitted
2026-08-04 03:24:30,006 [Worker-13: Building] INFO  o.a.m.s.f.DefaultMavenResourcesFiltering - Copying 0 resource from src\main\resources to target\classes
2026-08-04 03:24:30,013 [Worker-13: Building] INFO  o.a.m.s.f.DefaultMavenResourcesFiltering - Copying 0 resource from src\main\resources to target\classes
2026-08-04 03:24:30,019 [Worker-13: Building] INFO  o.a.m.s.f.DefaultMavenResourcesFiltering - Copying 0 resource from src\test\resources to target\test-classes
2026-08-04 03:24:30,035 [Worker-13: Building] WARN  Sisu - Error injecting: org.apache.maven.plugins.jar.JarMojo
com.google.inject.ProvisionException: Unable to provision, see the following errors:

1) Error in custom provider, com.google.inject.OutOfScopeException: Cannot access Key[type=org.apache.maven.project.MavenProject, annotation=[none]] outside of a scoping block
  at org.apache.maven.execution.scope.internal.MojoExecutionScopeModule.configure(MojoExecutionScopeModule.java:55) (via modules: org.eclipse.sisu.wire.WireModule -> org.apache.maven.execution.scope.internal.MojoExecutionScopeModule)
  while locating org.apache.maven.project.MavenProject
    for the 1st parameter of org.apache.maven.plugins.jar.JarMojo.<init>(Unknown Source)
  while locating org.apache.maven.plugins.jar.JarMojo

1 error
	at com.google.inject.internal.InternalProvisionException.toProvisionException(InternalProvisionException.java:226)
	at com.google.inject.internal.InjectorImpl$1.get(InjectorImpl.java:1053)
	at com.google.inject.internal.InjectorImpl.getInstance(InjectorImpl.java:1086)
	at org.eclipse.sisu.space.AbstractDeferredClass.get(AbstractDeferredClass.java:48)
	at com.google.inject.internal.ProviderInternalFactory.provision(ProviderInternalFactory.java:85)
	at com.google.inject.internal.InternalFactoryToInitializableAdapter.provision(InternalFactoryToInitializableAdapter.java:57)
	at com.google.inject.internal.ProviderInternalFactory$1.call(ProviderInternalFactory.java:66)
	at com.google.inject.internal.ProvisionListenerStackCallback$Provision.provision(ProvisionListenerStackCallback.java:112)
	at com.google.inject.internal.ProvisionListenerStackCallback$Provision.provision(ProvisionListenerStackCallback.java:127)
	at com.google.inject.internal.ProvisionListenerStackCallback.provision(ProvisionListenerStackCallback.java:66)
	at com.google.inject.internal.ProviderInternalFactory.circularGet(ProviderInternalFactory.java:61)
	at com.google.inject.internal.InternalFactoryToInitializableAdapter.get(InternalFactoryToInitializableAdapter.java:47)
	at com.google.inject.internal.InjectorImpl$1.get(InjectorImpl.java:1050)
	at org.eclipse.sisu.inject.Guice4$1.get(Guice4.java:162)
	at org.eclipse.sisu.inject.LazyBeanEntry.getValue(LazyBeanEntry.java:81)
	at org.eclipse.sisu.plexus.LazyPlexusBean.getValue(LazyPlexusBean.java:51)
	at org.codehaus.plexus.DefaultPlexusContainer.lookup(DefaultPlexusContainer.java:263)
	at org.codehaus.plexus.DefaultPlexusContainer.lookup(DefaultPlexusContainer.java:255)
	at org.apache.maven.plugin.internal.DefaultMavenPluginManager.getConfiguredMojo(DefaultMavenPluginManager.java:520)
	at org.eclipse.m2e.core.internal.embedder.MavenImpl.getConfiguredMojo(MavenImpl.java:359)
	at org.sonatype.m2e.mavenarchiver.internal.AbstractMavenArchiverConfigurator.reflectManifestGeneration(AbstractMavenArchiverConfigurator.java:469)
	at org.sonatype.m2e.mavenarchiver.internal.AbstractMavenArchiverConfigurator.generateManifest(AbstractMavenArchiverConfigurator.java:422)
	at org.sonatype.m2e.mavenarchiver.internal.AbstractMavenArchiverConfigurator.mavenProjectChanged(AbstractMavenArchiverConfigurator.java:227)
	at org.sonatype.m2e.mavenarchiver.internal.AbstractMavenArchiverConfigurator$1.build(AbstractMavenArchiverConfigurator.java:167)
	at org.eclipse.m2e.core.internal.builder.MavenBuilderImpl.build(MavenBuilderImpl.java:135)
	at org.eclipse.m2e.core.internal.builder.MavenBuilder$1.method(MavenBuilder.java:169)
	at org.eclipse.m2e.core.internal.builder.MavenBuilder$1.method(MavenBuilder.java:1)
	at org.eclipse.m2e.core.internal.builder.MavenBuilder$BuildMethod.lambda$1(MavenBuilder.java:114)
	at org.eclipse.m2e.core.internal.embedder.MavenExecutionContext.executeBare(MavenExecutionContext.java:182)
	at org.eclipse.m2e.core.internal.embedder.MavenExecutionContext.execute(MavenExecutionContext.java:117)
	at org.eclipse.m2e.core.internal.builder.MavenBuilder$BuildMethod.lambda$0(MavenBuilder.java:105)
	at org.eclipse.m2e.core.internal.embedder.MavenExecutionContext.executeBare(MavenExecutionContext.java:182)
	at org.eclipse.m2e.core.internal.embedder.MavenExecutionContext.execute(MavenExecutionContext.java:156)
	at org.eclipse.m2e.core.internal.embedder.MavenExecutionContext.execute(MavenExecutionContext.java:103)
	at org.eclipse.m2e.core.internal.builder.MavenBuilder$BuildMethod.execute(MavenBuilder.java:88)
	at org.eclipse.m2e.core.internal.builder.MavenBuilder.build(MavenBuilder.java:198)
	at org.eclipse.core.internal.events.BuildManager$2.run(BuildManager.java:1024)
	at org.eclipse.core.runtime.SafeRunner.run(SafeRunner.java:45)
	at org.eclipse.core.internal.events.BuildManager.basicBuild(BuildManager.java:254)
	at org.eclipse.core.internal.events.BuildManager.basicBuild(BuildManager.java:311)
	at org.eclipse.core.internal.events.BuildManager$1.run(BuildManager.java:400)
	at org.eclipse.core.runtime.SafeRunner.run(SafeRunner.java:45)
	at org.eclipse.core.internal.events.BuildManager.basicBuild(BuildManager.java:403)
	at org.eclipse.core.internal.events.BuildManager.basicBuildLoop(BuildManager.java:514)
	at org.eclipse.core.internal.events.BuildManager.basicBuildLoop(BuildManager.java:462)
	at org.eclipse.core.internal.events.BuildManager.build(BuildManager.java:544)
	at org.eclipse.core.internal.events.AutoBuildJob.doBuild(AutoBuildJob.java:161)
	at org.eclipse.core.internal.events.AutoBuildJob.run(AutoBuildJob.java:255)
	at org.eclipse.core.internal.jobs.Worker.run(Worker.java:63)
Caused by: com.google.inject.OutOfScopeException: Cannot access Key[type=org.apache.maven.project.MavenProject, annotation=[none]] outside of a scoping block
	at org.apache.maven.execution.scope.internal.MojoExecutionScope$2.get(MojoExecutionScope.java:122)
	at com.google.inject.internal.InternalFactoryToProviderAdapter.get(InternalFactoryToProviderAdapter.java:39)
	at com.google.inject.internal.SingleParameterInjector.inject(SingleParameterInjector.java:42)
	at com.google.inject.internal.SingleParameterInjector.getAll(SingleParameterInjector.java:65)
	at com.google.inject.internal.ConstructorInjector.provision(ConstructorInjector.java:113)
	at com.google.inject.internal.ConstructorInjector.access$000(ConstructorInjector.java:32)
	at com.google.inject.internal.ConstructorInjector$1.call(ConstructorInjector.java:98)
	at com.google.inject.internal.ProvisionListenerStackCallback$Provision.provision(ProvisionListenerStackCallback.java:112)
	at com.google.inject.internal.ProvisionListenerStackCallback$Provision.provision(ProvisionListenerStackCallback.java:127)
	at com.google.inject.internal.ProvisionListenerStackCallback.provision(ProvisionListenerStackCallback.java:66)
	at com.google.inject.internal.ConstructorInjector.construct(ConstructorInjector.java:93)
	at com.google.inject.internal.ConstructorBindingImpl$Factory.get(ConstructorBindingImpl.java:306)
	at com.google.inject.internal.InjectorImpl$1.get(InjectorImpl.java:1050)
	... 47 common frames omitted
2026-08-04 03:24:40,393 [Worker-16: Updating Maven Project] INFO  o.e.m.c.i.p.ProjectConfigurationManager - Update started
2026-08-04 03:24:41,156 [Worker-16: Updating Maven Project] INFO  o.e.m.c.i.l.LifecycleMappingFactory - Using org.eclipse.m2e.jdt.JarLifecycleMapping lifecycle mapping for MavenProject: com.emart:EmartCategoryMaster:0.0.1-SNAPSHOT @ C:\Users\ADMIN\OneDrive\Documents\Final\backend\pom.xml.
2026-08-04 03:24:42,147 [Worker-16: Updating Maven Project] WARN  Sisu - Error injecting: org.apache.maven.plugins.jar.JarMojo
com.google.inject.ProvisionException: Unable to provision, see the following errors:

1) Error in custom provider, com.google.inject.OutOfScopeException: Cannot access Key[type=org.apache.maven.project.MavenProject, annotation=[none]] outside of a scoping block
  at org.apache.maven.execution.scope.internal.MojoExecutionScopeModule.configure(MojoExecutionScopeModule.java:55) (via modules: org.eclipse.sisu.wire.WireModule -> org.apache.maven.execution.scope.internal.MojoExecutionScopeModule)
  while locating org.apache.maven.project.MavenProject
    for the 1st parameter of org.apache.maven.plugins.jar.JarMojo.<init>(Unknown Source)
  while locating org.apache.maven.plugins.jar.JarMojo

1 error
	at com.google.inject.internal.InternalProvisionException.toProvisionException(InternalProvisionException.java:226)
	at com.google.inject.internal.InjectorImpl$1.get(InjectorImpl.java:1053)
	at com.google.inject.internal.InjectorImpl.getInstance(InjectorImpl.java:1086)
	at org.eclipse.sisu.space.AbstractDeferredClass.get(AbstractDeferredClass.java:48)
	at com.google.inject.internal.ProviderInternalFactory.provision(ProviderInternalFactory.java:85)
	at com.google.inject.internal.InternalFactoryToInitializableAdapter.provision(InternalFactoryToInitializableAdapter.java:57)
	at com.google.inject.internal.ProviderInternalFactory$1.call(ProviderInternalFactory.java:66)
	at com.google.inject.internal.ProvisionListenerStackCallback$Provision.provision(ProvisionListenerStackCallback.java:112)
	at com.google.inject.internal.ProvisionListenerStackCallback$Provision.provision(ProvisionListenerStackCallback.java:127)
	at com.google.inject.internal.ProvisionListenerStackCallback.provision(ProvisionListenerStackCallback.java:66)
	at com.google.inject.internal.ProviderInternalFactory.circularGet(ProviderInternalFactory.java:61)
	at com.google.inject.internal.InternalFactoryToInitializableAdapter.get(InternalFactoryToInitializableAdapter.java:47)
	at com.google.inject.internal.InjectorImpl$1.get(InjectorImpl.java:1050)
	at org.eclipse.sisu.inject.Guice4$1.get(Guice4.java:162)
	at org.eclipse.sisu.inject.LazyBeanEntry.getValue(LazyBeanEntry.java:81)
	at org.eclipse.sisu.plexus.LazyPlexusBean.getValue(LazyPlexusBean.java:51)
	at org.codehaus.plexus.DefaultPlexusContainer.lookup(DefaultPlexusContainer.java:263)
	at org.codehaus.plexus.DefaultPlexusContainer.lookup(DefaultPlexusContainer.java:255)
	at org.apache.maven.plugin.internal.DefaultMavenPluginManager.getConfiguredMojo(DefaultMavenPluginManager.java:520)
	at org.eclipse.m2e.core.internal.embedder.MavenImpl.getConfiguredMojo(MavenImpl.java:359)
	at org.sonatype.m2e.mavenarchiver.internal.AbstractMavenArchiverConfigurator.reflectManifestGeneration(AbstractMavenArchiverConfigurator.java:469)
	at org.sonatype.m2e.mavenarchiver.internal.AbstractMavenArchiverConfigurator.generateManifest(AbstractMavenArchiverConfigurator.java:422)
	at org.sonatype.m2e.mavenarchiver.internal.AbstractMavenArchiverConfigurator.mavenProjectChanged(AbstractMavenArchiverConfigurator.java:227)
	at org.sonatype.m2e.mavenarchiver.internal.AbstractMavenArchiverConfigurator.mavenProjectChanged(AbstractMavenArchiverConfigurator.java:215)
	at org.eclipse.m2e.core.internal.project.ProjectConfigurationManager.mavenProjectChanged(ProjectConfigurationManager.java:1056)
	at org.eclipse.m2e.core.internal.project.registry.ProjectRegistryManager.notifyProjectChangeListeners(ProjectRegistryManager.java:806)
	at org.eclipse.m2e.core.internal.project.registry.ProjectRegistryManager.applyMutableProjectRegistry(ProjectRegistryManager.java:972)
	at org.eclipse.m2e.core.internal.project.registry.ProjectRegistryManager.refresh(ProjectRegistryManager.java:305)
	at org.eclipse.m2e.core.internal.project.ProjectConfigurationManager.updateProjectConfiguration0(ProjectConfigurationManager.java:413)
	at org.eclipse.m2e.core.internal.project.ProjectConfigurationManager.lambda$1(ProjectConfigurationManager.java:362)
	at org.eclipse.m2e.core.internal.embedder.MavenExecutionContext.executeBare(MavenExecutionContext.java:182)
	at org.eclipse.m2e.core.internal.embedder.MavenExecutionContext.execute(MavenExecutionContext.java:156)
	at org.eclipse.m2e.core.internal.embedder.MavenExecutionContext.execute(MavenExecutionContext.java:103)
	at org.eclipse.m2e.core.internal.embedder.MavenImpl.execute(MavenImpl.java:1411)
	at org.eclipse.m2e.core.internal.project.ProjectConfigurationManager.updateProjectConfiguration(ProjectConfigurationManager.java:361)
	at org.eclipse.m2e.core.ui.internal.UpdateMavenProjectJob.runInWorkspace(UpdateMavenProjectJob.java:80)
	at org.eclipse.core.internal.resources.InternalWorkspaceJob.run(InternalWorkspaceJob.java:43)
	at org.eclipse.core.internal.jobs.Worker.run(Worker.java:63)
Caused by: com.google.inject.OutOfScopeException: Cannot access Key[type=org.apache.maven.project.MavenProject, annotation=[none]] outside of a scoping block
	at org.apache.maven.execution.scope.internal.MojoExecutionScope$2.get(MojoExecutionScope.java:122)
	at com.google.inject.internal.InternalFactoryToProviderAdapter.get(InternalFactoryToProviderAdapter.java:39)
	at com.google.inject.internal.SingleParameterInjector.inject(SingleParameterInjector.java:42)
	at com.google.inject.internal.SingleParameterInjector.getAll(SingleParameterInjector.java:65)
	at com.google.inject.internal.ConstructorInjector.provision(ConstructorInjector.java:113)
	at com.google.inject.internal.ConstructorInjector.access$000(ConstructorInjector.java:32)
	at com.google.inject.internal.ConstructorInjector$1.call(ConstructorInjector.java:98)
	at com.google.inject.internal.ProvisionListenerStackCallback$Provision.provision(ProvisionListenerStackCallback.java:112)
	at com.google.inject.internal.ProvisionListenerStackCallback$Provision.provision(ProvisionListenerStackCallback.java:127)
	at com.google.inject.internal.ProvisionListenerStackCallback.provision(ProvisionListenerStackCallback.java:66)
	at com.google.inject.internal.ConstructorInjector.construct(ConstructorInjector.java:93)
	at com.google.inject.internal.ConstructorBindingImpl$Factory.get(ConstructorBindingImpl.java:306)
	at com.google.inject.internal.InjectorImpl$1.get(InjectorImpl.java:1050)
	... 36 common frames omitted
2026-08-04 03:24:42,865 [Worker-16: Updating Maven Project] INFO  o.e.m.j.i.AbstractJavaProjectConfigurator - Adding source folder /backend/src/main/java
2026-08-04 03:24:42,866 [Worker-16: Updating Maven Project] INFO  o.e.m.j.i.AbstractJavaProjectConfigurator - Adding resource folder /backend/src/main/resources
2026-08-04 03:24:42,867 [Worker-16: Updating Maven Project] INFO  o.e.m.j.i.AbstractJavaProjectConfigurator - Adding resource folder /backend/src/main/resources
2026-08-04 03:24:42,867 [Worker-16: Updating Maven Project] INFO  o.e.m.j.i.AbstractJavaProjectConfigurator - Adding source folder /backend/src/test/java
2026-08-04 03:24:42,868 [Worker-16: Updating Maven Project] INFO  o.e.m.j.i.AbstractJavaProjectConfigurator - Adding resource folder /backend/src/test/resources
2026-08-04 03:24:43,861 [Worker-16: Updating Maven Project] INFO  o.e.m.c.i.p.ProjectConfigurationManager - Update completed: 3 sec
2026-08-04 03:24:46,738 [Worker-16: Building] INFO  o.a.m.s.f.DefaultMavenResourcesFiltering - Copying 3 resources from src\main\resources to target\classes
2026-08-04 03:24:46,786 [Worker-16: Building] INFO  o.a.m.s.f.DefaultMavenResourcesFiltering - Copying 3 resources from src\main\resources to target\classes
2026-08-04 03:24:46,800 [Worker-16: Building] INFO  o.a.m.s.f.DefaultMavenResourcesFiltering - Copying 1 resource from src\test\resources to target\test-classes
2026-08-04 03:24:46,821 [Worker-16: Building] WARN  Sisu - Error injecting: org.apache.maven.plugins.jar.JarMojo
com.google.inject.ProvisionException: Unable to provision, see the following errors:

1) Error in custom provider, com.google.inject.OutOfScopeException: Cannot access Key[type=org.apache.maven.project.MavenProject, annotation=[none]] outside of a scoping block
  at org.apache.maven.execution.scope.internal.MojoExecutionScopeModule.configure(MojoExecutionScopeModule.java:55) (via modules: org.eclipse.sisu.wire.WireModule -> org.apache.maven.execution.scope.internal.MojoExecutionScopeModule)
  while locating org.apache.maven.project.MavenProject
    for the 1st parameter of org.apache.maven.plugins.jar.JarMojo.<init>(Unknown Source)
  while locating org.apache.maven.plugins.jar.JarMojo

1 error
	at com.google.inject.internal.InternalProvisionException.toProvisionException(InternalProvisionException.java:226)
	at com.google.inject.internal.InjectorImpl$1.get(InjectorImpl.java:1053)
	at com.google.inject.internal.InjectorImpl.getInstance(InjectorImpl.java:1086)
	at org.eclipse.sisu.space.AbstractDeferredClass.get(AbstractDeferredClass.java:48)
	at com.google.inject.internal.ProviderInternalFactory.provision(ProviderInternalFactory.java:85)
	at com.google.inject.internal.InternalFactoryToInitializableAdapter.provision(InternalFactoryToInitializableAdapter.java:57)
	at com.google.inject.internal.ProviderInternalFactory$1.call(ProviderInternalFactory.java:66)
	at com.google.inject.internal.ProvisionListenerStackCallback$Provision.provision(ProvisionListenerStackCallback.java:112)
	at com.google.inject.internal.ProvisionListenerStackCallback$Provision.provision(ProvisionListenerStackCallback.java:127)
	at com.google.inject.internal.ProvisionListenerStackCallback.provision(ProvisionListenerStackCallback.java:66)
	at com.google.inject.internal.ProviderInternalFactory.circularGet(ProviderInternalFactory.java:61)
	at com.google.inject.internal.InternalFactoryToInitializableAdapter.get(InternalFactoryToInitializableAdapter.java:47)
	at com.google.inject.internal.InjectorImpl$1.get(InjectorImpl.java:1050)
	at org.eclipse.sisu.inject.Guice4$1.get(Guice4.java:162)
	at org.eclipse.sisu.inject.LazyBeanEntry.getValue(LazyBeanEntry.java:81)
	at org.eclipse.sisu.plexus.LazyPlexusBean.getValue(LazyPlexusBean.java:51)
	at org.codehaus.plexus.DefaultPlexusContainer.lookup(DefaultPlexusContainer.java:263)
	at org.codehaus.plexus.DefaultPlexusContainer.lookup(DefaultPlexusContainer.java:255)
	at org.apache.maven.plugin.internal.DefaultMavenPluginManager.getConfiguredMojo(DefaultMavenPluginManager.java:520)
	at org.eclipse.m2e.core.internal.embedder.MavenImpl.getConfiguredMojo(MavenImpl.java:359)
	at org.sonatype.m2e.mavenarchiver.internal.AbstractMavenArchiverConfigurator.reflectManifestGeneration(AbstractMavenArchiverConfigurator.java:469)
	at org.sonatype.m2e.mavenarchiver.internal.AbstractMavenArchiverConfigurator.generateManifest(AbstractMavenArchiverConfigurator.java:422)
	at org.sonatype.m2e.mavenarchiver.internal.AbstractMavenArchiverConfigurator.mavenProjectChanged(AbstractMavenArchiverConfigurator.java:227)
	at org.sonatype.m2e.mavenarchiver.internal.AbstractMavenArchiverConfigurator$1.build(AbstractMavenArchiverConfigurator.java:167)
	at org.eclipse.m2e.core.internal.builder.MavenBuilderImpl.build(MavenBuilderImpl.java:135)
	at org.eclipse.m2e.core.internal.builder.MavenBuilder$1.method(MavenBuilder.java:169)
	at org.eclipse.m2e.core.internal.builder.MavenBuilder$1.method(MavenBuilder.java:1)
	at org.eclipse.m2e.core.internal.builder.MavenBuilder$BuildMethod.lambda$1(MavenBuilder.java:114)
	at org.eclipse.m2e.core.internal.embedder.MavenExecutionContext.executeBare(MavenExecutionContext.java:182)
	at org.eclipse.m2e.core.internal.embedder.MavenExecutionContext.execute(MavenExecutionContext.java:117)
	at org.eclipse.m2e.core.internal.builder.MavenBuilder$BuildMethod.lambda$0(MavenBuilder.java:105)
	at org.eclipse.m2e.core.internal.embedder.MavenExecutionContext.executeBare(MavenExecutionContext.java:182)
	at org.eclipse.m2e.core.internal.embedder.MavenExecutionContext.execute(MavenExecutionContext.java:156)
	at org.eclipse.m2e.core.internal.embedder.MavenExecutionContext.execute(MavenExecutionContext.java:103)
	at org.eclipse.m2e.core.internal.builder.MavenBuilder$BuildMethod.execute(MavenBuilder.java:88)
	at org.eclipse.m2e.core.internal.builder.MavenBuilder.build(MavenBuilder.java:198)
	at org.eclipse.core.internal.events.BuildManager$2.run(BuildManager.java:1024)
	at org.eclipse.core.runtime.SafeRunner.run(SafeRunner.java:45)
	at org.eclipse.core.internal.events.BuildManager.basicBuild(BuildManager.java:254)
	at org.eclipse.core.internal.events.BuildManager.basicBuild(BuildManager.java:311)
	at org.eclipse.core.internal.events.BuildManager$1.run(BuildManager.java:400)
	at org.eclipse.core.runtime.SafeRunner.run(SafeRunner.java:45)
	at org.eclipse.core.internal.events.BuildManager.basicBuild(BuildManager.java:403)
	at org.eclipse.core.internal.events.BuildManager.basicBuildLoop(BuildManager.java:514)
	at org.eclipse.core.internal.events.BuildManager.basicBuildLoop(BuildManager.java:462)
	at org.eclipse.core.internal.events.BuildManager.build(BuildManager.java:544)
	at org.eclipse.core.internal.events.AutoBuildJob.doBuild(AutoBuildJob.java:161)
	at org.eclipse.core.internal.events.AutoBuildJob.run(AutoBuildJob.java:255)
	at org.eclipse.core.internal.jobs.Worker.run(Worker.java:63)
Caused by: com.google.inject.OutOfScopeException: Cannot access Key[type=org.apache.maven.project.MavenProject, annotation=[none]] outside of a scoping block
	at org.apache.maven.execution.scope.internal.MojoExecutionScope$2.get(MojoExecutionScope.java:122)
	at com.google.inject.internal.InternalFactoryToProviderAdapter.get(InternalFactoryToProviderAdapter.java:39)
	at com.google.inject.internal.SingleParameterInjector.inject(SingleParameterInjector.java:42)
	at com.google.inject.internal.SingleParameterInjector.getAll(SingleParameterInjector.java:65)
	at com.google.inject.internal.ConstructorInjector.provision(ConstructorInjector.java:113)
	at com.google.inject.internal.ConstructorInjector.access$000(ConstructorInjector.java:32)
	at com.google.inject.internal.ConstructorInjector$1.call(ConstructorInjector.java:98)
	at com.google.inject.internal.ProvisionListenerStackCallback$Provision.provision(ProvisionListenerStackCallback.java:112)
	at com.google.inject.internal.ProvisionListenerStackCallback$Provision.provision(ProvisionListenerStackCallback.java:127)
	at com.google.inject.internal.ProvisionListenerStackCallback.provision(ProvisionListenerStackCallback.java:66)
	at com.google.inject.internal.ConstructorInjector.construct(ConstructorInjector.java:93)
	at com.google.inject.internal.ConstructorBindingImpl$Factory.get(ConstructorBindingImpl.java:306)
	at com.google.inject.internal.InjectorImpl$1.get(InjectorImpl.java:1050)
	... 47 common frames omitted
2026-08-04 03:24:53,163 [Worker-16: Building] INFO  o.a.m.s.f.DefaultMavenResourcesFiltering - Copying 3 resources from src\main\resources to target\classes
2026-08-04 03:24:53,179 [Worker-16: Building] INFO  o.a.m.s.f.DefaultMavenResourcesFiltering - Copying 3 resources from src\main\resources to target\classes
2026-08-04 03:24:53,190 [Worker-16: Building] INFO  o.a.m.s.f.DefaultMavenResourcesFiltering - Copying 1 resource from src\test\resources to target\test-classes
2026-08-04 03:24:53,211 [Worker-16: Building] WARN  Sisu - Error injecting: org.apache.maven.plugins.jar.JarMojo
com.google.inject.ProvisionException: Unable to provision, see the following errors:

1) Error in custom provider, com.google.inject.OutOfScopeException: Cannot access Key[type=org.apache.maven.project.MavenProject, annotation=[none]] outside of a scoping block
  at org.apache.maven.execution.scope.internal.MojoExecutionScopeModule.configure(MojoExecutionScopeModule.java:55) (via modules: org.eclipse.sisu.wire.WireModule -> org.apache.maven.execution.scope.internal.MojoExecutionScopeModule)
  while locating org.apache.maven.project.MavenProject
    for the 1st parameter of org.apache.maven.plugins.jar.JarMojo.<init>(Unknown Source)
  while locating org.apache.maven.plugins.jar.JarMojo

1 error
	at com.google.inject.internal.InternalProvisionException.toProvisionException(InternalProvisionException.java:226)
	at com.google.inject.internal.InjectorImpl$1.get(InjectorImpl.java:1053)
	at com.google.inject.internal.InjectorImpl.getInstance(InjectorImpl.java:1086)
	at org.eclipse.sisu.space.AbstractDeferredClass.get(AbstractDeferredClass.java:48)
	at com.google.inject.internal.ProviderInternalFactory.provision(ProviderInternalFactory.java:85)
	at com.google.inject.internal.InternalFactoryToInitializableAdapter.provision(InternalFactoryToInitializableAdapter.java:57)
	at com.google.inject.internal.ProviderInternalFactory$1.call(ProviderInternalFactory.java:66)
	at com.google.inject.internal.ProvisionListenerStackCallback$Provision.provision(ProvisionListenerStackCallback.java:112)
	at com.google.inject.internal.ProvisionListenerStackCallback$Provision.provision(ProvisionListenerStackCallback.java:127)
	at com.google.inject.internal.ProvisionListenerStackCallback.provision(ProvisionListenerStackCallback.java:66)
	at com.google.inject.internal.ProviderInternalFactory.circularGet(ProviderInternalFactory.java:61)
	at com.google.inject.internal.InternalFactoryToInitializableAdapter.get(InternalFactoryToInitializableAdapter.java:47)
	at com.google.inject.internal.InjectorImpl$1.get(InjectorImpl.java:1050)
	at org.eclipse.sisu.inject.Guice4$1.get(Guice4.java:162)
	at org.eclipse.sisu.inject.LazyBeanEntry.getValue(LazyBeanEntry.java:81)
	at org.eclipse.sisu.plexus.LazyPlexusBean.getValue(LazyPlexusBean.java:51)
	at org.codehaus.plexus.DefaultPlexusContainer.lookup(DefaultPlexusContainer.java:263)
	at org.codehaus.plexus.DefaultPlexusContainer.lookup(DefaultPlexusContainer.java:255)
	at org.apache.maven.plugin.internal.DefaultMavenPluginManager.getConfiguredMojo(DefaultMavenPluginManager.java:520)
	at org.eclipse.m2e.core.internal.embedder.MavenImpl.getConfiguredMojo(MavenImpl.java:359)
	at org.sonatype.m2e.mavenarchiver.internal.AbstractMavenArchiverConfigurator.reflectManifestGeneration(AbstractMavenArchiverConfigurator.java:469)
	at org.sonatype.m2e.mavenarchiver.internal.AbstractMavenArchiverConfigurator.generateManifest(AbstractMavenArchiverConfigurator.java:422)
	at org.sonatype.m2e.mavenarchiver.internal.AbstractMavenArchiverConfigurator.mavenProjectChanged(AbstractMavenArchiverConfigurator.java:227)
	at org.sonatype.m2e.mavenarchiver.internal.AbstractMavenArchiverConfigurator$1.build(AbstractMavenArchiverConfigurator.java:167)
	at org.eclipse.m2e.core.internal.builder.MavenBuilderImpl.build(MavenBuilderImpl.java:135)
	at org.eclipse.m2e.core.internal.builder.MavenBuilder$1.method(MavenBuilder.java:169)
	at org.eclipse.m2e.core.internal.builder.MavenBuilder$1.method(MavenBuilder.java:1)
	at org.eclipse.m2e.core.internal.builder.MavenBuilder$BuildMethod.lambda$1(MavenBuilder.java:114)
	at org.eclipse.m2e.core.internal.embedder.MavenExecutionContext.executeBare(MavenExecutionContext.java:182)
	at org.eclipse.m2e.core.internal.embedder.MavenExecutionContext.execute(MavenExecutionContext.java:117)
	at org.eclipse.m2e.core.internal.builder.MavenBuilder$BuildMethod.lambda$0(MavenBuilder.java:105)
	at org.eclipse.m2e.core.internal.embedder.MavenExecutionContext.executeBare(MavenExecutionContext.java:182)
	at org.eclipse.m2e.core.internal.embedder.MavenExecutionContext.execute(MavenExecutionContext.java:156)
	at org.eclipse.m2e.core.internal.embedder.MavenExecutionContext.execute(MavenExecutionContext.java:103)
	at org.eclipse.m2e.core.internal.builder.MavenBuilder$BuildMethod.execute(MavenBuilder.java:88)
	at org.eclipse.m2e.core.internal.builder.MavenBuilder.build(MavenBuilder.java:198)
	at org.eclipse.core.internal.events.BuildManager$2.run(BuildManager.java:1024)
	at org.eclipse.core.runtime.SafeRunner.run(SafeRunner.java:45)
	at org.eclipse.core.internal.events.BuildManager.basicBuild(BuildManager.java:254)
	at org.eclipse.core.internal.events.BuildManager.basicBuild(BuildManager.java:311)
	at org.eclipse.core.internal.events.BuildManager$1.run(BuildManager.java:400)
	at org.eclipse.core.runtime.SafeRunner.run(SafeRunner.java:45)
	at org.eclipse.core.internal.events.BuildManager.basicBuild(BuildManager.java:403)
	at org.eclipse.core.internal.events.BuildManager.basicBuildLoop(BuildManager.java:514)
	at org.eclipse.core.internal.events.BuildManager.basicBuildLoop(BuildManager.java:462)
	at org.eclipse.core.internal.events.BuildManager.build(BuildManager.java:544)
	at org.eclipse.core.internal.events.AutoBuildJob.doBuild(AutoBuildJob.java:161)
	at org.eclipse.core.internal.events.AutoBuildJob.run(AutoBuildJob.java:255)
	at org.eclipse.core.internal.jobs.Worker.run(Worker.java:63)
Caused by: com.google.inject.OutOfScopeException: Cannot access Key[type=org.apache.maven.project.MavenProject, annotation=[none]] outside of a scoping block
	at org.apache.maven.execution.scope.internal.MojoExecutionScope$2.get(MojoExecutionScope.java:122)
	at com.google.inject.internal.InternalFactoryToProviderAdapter.get(InternalFactoryToProviderAdapter.java:39)
	at com.google.inject.internal.SingleParameterInjector.inject(SingleParameterInjector.java:42)
	at com.google.inject.internal.SingleParameterInjector.getAll(SingleParameterInjector.java:65)
	at com.google.inject.internal.ConstructorInjector.provision(ConstructorInjector.java:113)
	at com.google.inject.internal.ConstructorInjector.access$000(ConstructorInjector.java:32)
	at com.google.inject.internal.ConstructorInjector$1.call(ConstructorInjector.java:98)
	at com.google.inject.internal.ProvisionListenerStackCallback$Provision.provision(ProvisionListenerStackCallback.java:112)
	at com.google.inject.internal.ProvisionListenerStackCallback$Provision.provision(ProvisionListenerStackCallback.java:127)
	at com.google.inject.internal.ProvisionListenerStackCallback.provision(ProvisionListenerStackCallback.java:66)
	at com.google.inject.internal.ConstructorInjector.construct(ConstructorInjector.java:93)
	at com.google.inject.internal.ConstructorBindingImpl$Factory.get(ConstructorBindingImpl.java:306)
	at com.google.inject.internal.InjectorImpl$1.get(InjectorImpl.java:1050)
	... 47 common frames omitted
2026-08-04 03:32:04,346 [Worker-16: Building] INFO  o.a.m.s.f.DefaultMavenResourcesFiltering - Copying 0 resource from src\main\resources to target\classes
2026-08-04 03:32:04,355 [Worker-16: Building] INFO  o.a.m.s.f.DefaultMavenResourcesFiltering - Copying 0 resource from src\main\resources to target\classes
2026-08-04 03:32:04,360 [Worker-16: Building] INFO  o.a.m.s.f.DefaultMavenResourcesFiltering - Copying 0 resource from src\test\resources to target\test-classes
2026-08-04 03:32:04,381 [Worker-16: Building] WARN  Sisu - Error injecting: org.apache.maven.plugins.jar.JarMojo
com.google.inject.ProvisionException: Unable to provision, see the following errors:

1) Error in custom provider, com.google.inject.OutOfScopeException: Cannot access Key[type=org.apache.maven.project.MavenProject, annotation=[none]] outside of a scoping block
  at org.apache.maven.execution.scope.internal.MojoExecutionScopeModule.configure(MojoExecutionScopeModule.java:55) (via modules: org.eclipse.sisu.wire.WireModule -> org.apache.maven.execution.scope.internal.MojoExecutionScopeModule)
  while locating org.apache.maven.project.MavenProject
    for the 1st parameter of org.apache.maven.plugins.jar.JarMojo.<init>(Unknown Source)
  while locating org.apache.maven.plugins.jar.JarMojo

1 error
	at com.google.inject.internal.InternalProvisionException.toProvisionException(InternalProvisionException.java:226)
	at com.google.inject.internal.InjectorImpl$1.get(InjectorImpl.java:1053)
	at com.google.inject.internal.InjectorImpl.getInstance(InjectorImpl.java:1086)
	at org.eclipse.sisu.space.AbstractDeferredClass.get(AbstractDeferredClass.java:48)
	at com.google.inject.internal.ProviderInternalFactory.provision(ProviderInternalFactory.java:85)
	at com.google.inject.internal.InternalFactoryToInitializableAdapter.provision(InternalFactoryToInitializableAdapter.java:57)
	at com.google.inject.internal.ProviderInternalFactory$1.call(ProviderInternalFactory.java:66)
	at com.google.inject.internal.ProvisionListenerStackCallback$Provision.provision(ProvisionListenerStackCallback.java:112)
	at com.google.inject.internal.ProvisionListenerStackCallback$Provision.provision(ProvisionListenerStackCallback.java:127)
	at com.google.inject.internal.ProvisionListenerStackCallback.provision(ProvisionListenerStackCallback.java:66)
	at com.google.inject.internal.ProviderInternalFactory.circularGet(ProviderInternalFactory.java:61)
	at com.google.inject.internal.InternalFactoryToInitializableAdapter.get(InternalFactoryToInitializableAdapter.java:47)
	at com.google.inject.internal.InjectorImpl$1.get(InjectorImpl.java:1050)
	at org.eclipse.sisu.inject.Guice4$1.get(Guice4.java:162)
	at org.eclipse.sisu.inject.LazyBeanEntry.getValue(LazyBeanEntry.java:81)
	at org.eclipse.sisu.plexus.LazyPlexusBean.getValue(LazyPlexusBean.java:51)
	at org.codehaus.plexus.DefaultPlexusContainer.lookup(DefaultPlexusContainer.java:263)
	at org.codehaus.plexus.DefaultPlexusContainer.lookup(DefaultPlexusContainer.java:255)
	at org.apache.maven.plugin.internal.DefaultMavenPluginManager.getConfiguredMojo(DefaultMavenPluginManager.java:520)
	at org.eclipse.m2e.core.internal.embedder.MavenImpl.getConfiguredMojo(MavenImpl.java:359)
	at org.sonatype.m2e.mavenarchiver.internal.AbstractMavenArchiverConfigurator.reflectManifestGeneration(AbstractMavenArchiverConfigurator.java:469)
	at org.sonatype.m2e.mavenarchiver.internal.AbstractMavenArchiverConfigurator.generateManifest(AbstractMavenArchiverConfigurator.java:422)
	at org.sonatype.m2e.mavenarchiver.internal.AbstractMavenArchiverConfigurator.mavenProjectChanged(AbstractMavenArchiverConfigurator.java:227)
	at org.sonatype.m2e.mavenarchiver.internal.AbstractMavenArchiverConfigurator$1.build(AbstractMavenArchiverConfigurator.java:167)
	at org.eclipse.m2e.core.internal.builder.MavenBuilderImpl.build(MavenBuilderImpl.java:135)
	at org.eclipse.m2e.core.internal.builder.MavenBuilder$1.method(MavenBuilder.java:169)
	at org.eclipse.m2e.core.internal.builder.MavenBuilder$1.method(MavenBuilder.java:1)
	at org.eclipse.m2e.core.internal.builder.MavenBuilder$BuildMethod.lambda$1(MavenBuilder.java:114)
	at org.eclipse.m2e.core.internal.embedder.MavenExecutionContext.executeBare(MavenExecutionContext.java:182)
	at org.eclipse.m2e.core.internal.embedder.MavenExecutionContext.execute(MavenExecutionContext.java:117)
	at org.eclipse.m2e.core.internal.builder.MavenBuilder$BuildMethod.lambda$0(MavenBuilder.java:105)
	at org.eclipse.m2e.core.internal.embedder.MavenExecutionContext.executeBare(MavenExecutionContext.java:182)
	at org.eclipse.m2e.core.internal.embedder.MavenExecutionContext.execute(MavenExecutionContext.java:156)
	at org.eclipse.m2e.core.internal.embedder.MavenExecutionContext.execute(MavenExecutionContext.java:103)
	at org.eclipse.m2e.core.internal.builder.MavenBuilder$BuildMethod.execute(MavenBuilder.java:88)
	at org.eclipse.m2e.core.internal.builder.MavenBuilder.build(MavenBuilder.java:198)
	at org.eclipse.core.internal.events.BuildManager$2.run(BuildManager.java:1024)
	at org.eclipse.core.runtime.SafeRunner.run(SafeRunner.java:45)
	at org.eclipse.core.internal.events.BuildManager.basicBuild(BuildManager.java:254)
	at org.eclipse.core.internal.events.BuildManager.basicBuild(BuildManager.java:311)
	at org.eclipse.core.internal.events.BuildManager$1.run(BuildManager.java:400)
	at org.eclipse.core.runtime.SafeRunner.run(SafeRunner.java:45)
	at org.eclipse.core.internal.events.BuildManager.basicBuild(BuildManager.java:403)
	at org.eclipse.core.internal.events.BuildManager.basicBuildLoop(BuildManager.java:514)
	at org.eclipse.core.internal.events.BuildManager.basicBuildLoop(BuildManager.java:462)
	at org.eclipse.core.internal.events.BuildManager.build(BuildManager.java:544)
	at org.eclipse.core.internal.events.AutoBuildJob.doBuild(AutoBuildJob.java:161)
	at org.eclipse.core.internal.events.AutoBuildJob.run(AutoBuildJob.java:255)
	at org.eclipse.core.internal.jobs.Worker.run(Worker.java:63)
Caused by: com.google.inject.OutOfScopeException: Cannot access Key[type=org.apache.maven.project.MavenProject, annotation=[none]] outside of a scoping block
	at org.apache.maven.execution.scope.internal.MojoExecutionScope$2.get(MojoExecutionScope.java:122)
	at com.google.inject.internal.InternalFactoryToProviderAdapter.get(InternalFactoryToProviderAdapter.java:39)
	at com.google.inject.internal.SingleParameterInjector.inject(SingleParameterInjector.java:42)
	at com.google.inject.internal.SingleParameterInjector.getAll(SingleParameterInjector.java:65)
	at com.google.inject.internal.ConstructorInjector.provision(ConstructorInjector.java:113)
	at com.google.inject.internal.ConstructorInjector.access$000(ConstructorInjector.java:32)
	at com.google.inject.internal.ConstructorInjector$1.call(ConstructorInjector.java:98)
	at com.google.inject.internal.ProvisionListenerStackCallback$Provision.provision(ProvisionListenerStackCallback.java:112)
	at com.google.inject.internal.ProvisionListenerStackCallback$Provision.provision(ProvisionListenerStackCallback.java:127)
	at com.google.inject.internal.ProvisionListenerStackCallback.provision(ProvisionListenerStackCallback.java:66)
	at com.google.inject.internal.ConstructorInjector.construct(ConstructorInjector.java:93)
	at com.google.inject.internal.ConstructorBindingImpl$Factory.get(ConstructorBindingImpl.java:306)
	at com.google.inject.internal.InjectorImpl$1.get(InjectorImpl.java:1050)
	... 47 common frames omitted
2026-08-04 03:32:28,009 [Worker-16: Updating Maven Project] INFO  o.e.m.c.i.p.ProjectConfigurationManager - Update started
2026-08-04 03:32:28,948 [Worker-16: Updating Maven Project] INFO  o.e.m.c.i.l.LifecycleMappingFactory - Using org.eclipse.m2e.jdt.JarLifecycleMapping lifecycle mapping for MavenProject: com.emart:EmartCategoryMaster:0.0.1-SNAPSHOT @ C:\Users\ADMIN\OneDrive\Documents\Final\backend\pom.xml.
2026-08-04 03:32:30,141 [Worker-16: Updating Maven Project] WARN  Sisu - Error injecting: org.apache.maven.plugins.jar.JarMojo
com.google.inject.ProvisionException: Unable to provision, see the following errors:

1) Error in custom provider, com.google.inject.OutOfScopeException: Cannot access Key[type=org.apache.maven.project.MavenProject, annotation=[none]] outside of a scoping block
  at org.apache.maven.execution.scope.internal.MojoExecutionScopeModule.configure(MojoExecutionScopeModule.java:55) (via modules: org.eclipse.sisu.wire.WireModule -> org.apache.maven.execution.scope.internal.MojoExecutionScopeModule)
  while locating org.apache.maven.project.MavenProject
    for the 1st parameter of org.apache.maven.plugins.jar.JarMojo.<init>(Unknown Source)
  while locating org.apache.maven.plugins.jar.JarMojo

1 error
	at com.google.inject.internal.InternalProvisionException.toProvisionException(InternalProvisionException.java:226)
	at com.google.inject.internal.InjectorImpl$1.get(InjectorImpl.java:1053)
	at com.google.inject.internal.InjectorImpl.getInstance(InjectorImpl.java:1086)
	at org.eclipse.sisu.space.AbstractDeferredClass.get(AbstractDeferredClass.java:48)
	at com.google.inject.internal.ProviderInternalFactory.provision(ProviderInternalFactory.java:85)
	at com.google.inject.internal.InternalFactoryToInitializableAdapter.provision(InternalFactoryToInitializableAdapter.java:57)
	at com.google.inject.internal.ProviderInternalFactory$1.call(ProviderInternalFactory.java:66)
	at com.google.inject.internal.ProvisionListenerStackCallback$Provision.provision(ProvisionListenerStackCallback.java:112)
	at com.google.inject.internal.ProvisionListenerStackCallback$Provision.provision(ProvisionListenerStackCallback.java:127)
	at com.google.inject.internal.ProvisionListenerStackCallback.provision(ProvisionListenerStackCallback.java:66)
	at com.google.inject.internal.ProviderInternalFactory.circularGet(ProviderInternalFactory.java:61)
	at com.google.inject.internal.InternalFactoryToInitializableAdapter.get(InternalFactoryToInitializableAdapter.java:47)
	at com.google.inject.internal.InjectorImpl$1.get(InjectorImpl.java:1050)
	at org.eclipse.sisu.inject.Guice4$1.get(Guice4.java:162)
	at org.eclipse.sisu.inject.LazyBeanEntry.getValue(LazyBeanEntry.java:81)
	at org.eclipse.sisu.plexus.LazyPlexusBean.getValue(LazyPlexusBean.java:51)
	at org.codehaus.plexus.DefaultPlexusContainer.lookup(DefaultPlexusContainer.java:263)
	at org.codehaus.plexus.DefaultPlexusContainer.lookup(DefaultPlexusContainer.java:255)
	at org.apache.maven.plugin.internal.DefaultMavenPluginManager.getConfiguredMojo(DefaultMavenPluginManager.java:520)
	at org.eclipse.m2e.core.internal.embedder.MavenImpl.getConfiguredMojo(MavenImpl.java:359)
	at org.sonatype.m2e.mavenarchiver.internal.AbstractMavenArchiverConfigurator.reflectManifestGeneration(AbstractMavenArchiverConfigurator.java:469)
	at org.sonatype.m2e.mavenarchiver.internal.AbstractMavenArchiverConfigurator.generateManifest(AbstractMavenArchiverConfigurator.java:422)
	at org.sonatype.m2e.mavenarchiver.internal.AbstractMavenArchiverConfigurator.mavenProjectChanged(AbstractMavenArchiverConfigurator.java:227)
	at org.sonatype.m2e.mavenarchiver.internal.AbstractMavenArchiverConfigurator.mavenProjectChanged(AbstractMavenArchiverConfigurator.java:215)
	at org.eclipse.m2e.core.internal.project.ProjectConfigurationManager.mavenProjectChanged(ProjectConfigurationManager.java:1056)
	at org.eclipse.m2e.core.internal.project.registry.ProjectRegistryManager.notifyProjectChangeListeners(ProjectRegistryManager.java:806)
	at org.eclipse.m2e.core.internal.project.registry.ProjectRegistryManager.applyMutableProjectRegistry(ProjectRegistryManager.java:972)
	at org.eclipse.m2e.core.internal.project.registry.ProjectRegistryManager.refresh(ProjectRegistryManager.java:305)
	at org.eclipse.m2e.core.internal.project.ProjectConfigurationManager.updateProjectConfiguration0(ProjectConfigurationManager.java:413)
	at org.eclipse.m2e.core.internal.project.ProjectConfigurationManager.lambda$1(ProjectConfigurationManager.java:362)
	at org.eclipse.m2e.core.internal.embedder.MavenExecutionContext.executeBare(MavenExecutionContext.java:182)
	at org.eclipse.m2e.core.internal.embedder.MavenExecutionContext.execute(MavenExecutionContext.java:156)
	at org.eclipse.m2e.core.internal.embedder.MavenExecutionContext.execute(MavenExecutionContext.java:103)
	at org.eclipse.m2e.core.internal.embedder.MavenImpl.execute(MavenImpl.java:1411)
	at org.eclipse.m2e.core.internal.project.ProjectConfigurationManager.updateProjectConfiguration(ProjectConfigurationManager.java:361)
	at org.eclipse.m2e.core.ui.internal.UpdateMavenProjectJob.runInWorkspace(UpdateMavenProjectJob.java:80)
	at org.eclipse.core.internal.resources.InternalWorkspaceJob.run(InternalWorkspaceJob.java:43)
	at org.eclipse.core.internal.jobs.Worker.run(Worker.java:63)
Caused by: com.google.inject.OutOfScopeException: Cannot access Key[type=org.apache.maven.project.MavenProject, annotation=[none]] outside of a scoping block
	at org.apache.maven.execution.scope.internal.MojoExecutionScope$2.get(MojoExecutionScope.java:122)
	at com.google.inject.internal.InternalFactoryToProviderAdapter.get(InternalFactoryToProviderAdapter.java:39)
	at com.google.inject.internal.SingleParameterInjector.inject(SingleParameterInjector.java:42)
	at com.google.inject.internal.SingleParameterInjector.getAll(SingleParameterInjector.java:65)
	at com.google.inject.internal.ConstructorInjector.provision(ConstructorInjector.java:113)
	at com.google.inject.internal.ConstructorInjector.access$000(ConstructorInjector.java:32)
	at com.google.inject.internal.ConstructorInjector$1.call(ConstructorInjector.java:98)
	at com.google.inject.internal.ProvisionListenerStackCallback$Provision.provision(ProvisionListenerStackCallback.java:112)
	at com.google.inject.internal.ProvisionListenerStackCallback$Provision.provision(ProvisionListenerStackCallback.java:127)
	at com.google.inject.internal.ProvisionListenerStackCallback.provision(ProvisionListenerStackCallback.java:66)
	at com.google.inject.internal.ConstructorInjector.construct(ConstructorInjector.java:93)
	at com.google.inject.internal.ConstructorBindingImpl$Factory.get(ConstructorBindingImpl.java:306)
	at com.google.inject.internal.InjectorImpl$1.get(InjectorImpl.java:1050)
	... 36 common frames omitted
2026-08-04 03:32:30,859 [Worker-16: Updating Maven Project] INFO  o.e.m.j.i.AbstractJavaProjectConfigurator - Adding source folder /backend/src/main/java
2026-08-04 03:32:30,859 [Worker-16: Updating Maven Project] INFO  o.e.m.j.i.AbstractJavaProjectConfigurator - Adding resource folder /backend/src/main/resources
2026-08-04 03:32:30,860 [Worker-16: Updating Maven Project] INFO  o.e.m.j.i.AbstractJavaProjectConfigurator - Adding resource folder /backend/src/main/resources
2026-08-04 03:32:30,860 [Worker-16: Updating Maven Project] INFO  o.e.m.j.i.AbstractJavaProjectConfigurator - Adding source folder /backend/src/test/java
2026-08-04 03:32:30,861 [Worker-16: Updating Maven Project] INFO  o.e.m.j.i.AbstractJavaProjectConfigurator - Adding resource folder /backend/src/test/resources
2026-08-04 03:32:32,199 [Worker-16: Updating Maven Project] INFO  o.e.m.c.i.p.ProjectConfigurationManager - Update completed: 4 sec
2026-08-04 03:32:34,804 [Worker-20: Building] INFO  o.a.m.s.f.DefaultMavenResourcesFiltering - Copying 3 resources from src\main\resources to target\classes
2026-08-04 03:32:34,852 [Worker-20: Building] INFO  o.a.m.s.f.DefaultMavenResourcesFiltering - Copying 3 resources from src\main\resources to target\classes
2026-08-04 03:32:34,896 [Worker-20: Building] INFO  o.a.m.s.f.DefaultMavenResourcesFiltering - Copying 1 resource from src\test\resources to target\test-classes
2026-08-04 03:32:34,919 [Worker-20: Building] WARN  Sisu - Error injecting: org.apache.maven.plugins.jar.JarMojo
com.google.inject.ProvisionException: Unable to provision, see the following errors:

1) Error in custom provider, com.google.inject.OutOfScopeException: Cannot access Key[type=org.apache.maven.project.MavenProject, annotation=[none]] outside of a scoping block
  at org.apache.maven.execution.scope.internal.MojoExecutionScopeModule.configure(MojoExecutionScopeModule.java:55) (via modules: org.eclipse.sisu.wire.WireModule -> org.apache.maven.execution.scope.internal.MojoExecutionScopeModule)
  while locating org.apache.maven.project.MavenProject
    for the 1st parameter of org.apache.maven.plugins.jar.JarMojo.<init>(Unknown Source)
  while locating org.apache.maven.plugins.jar.JarMojo

1 error
	at com.google.inject.internal.InternalProvisionException.toProvisionException(InternalProvisionException.java:226)
	at com.google.inject.internal.InjectorImpl$1.get(InjectorImpl.java:1053)
	at com.google.inject.internal.InjectorImpl.getInstance(InjectorImpl.java:1086)
	at org.eclipse.sisu.space.AbstractDeferredClass.get(AbstractDeferredClass.java:48)
	at com.google.inject.internal.ProviderInternalFactory.provision(ProviderInternalFactory.java:85)
	at com.google.inject.internal.InternalFactoryToInitializableAdapter.provision(InternalFactoryToInitializableAdapter.java:57)
	at com.google.inject.internal.ProviderInternalFactory$1.call(ProviderInternalFactory.java:66)
	at com.google.inject.internal.ProvisionListenerStackCallback$Provision.provision(ProvisionListenerStackCallback.java:112)
	at com.google.inject.internal.ProvisionListenerStackCallback$Provision.provision(ProvisionListenerStackCallback.java:127)
	at com.google.inject.internal.ProvisionListenerStackCallback.provision(ProvisionListenerStackCallback.java:66)
	at com.google.inject.internal.ProviderInternalFactory.circularGet(ProviderInternalFactory.java:61)
	at com.google.inject.internal.InternalFactoryToInitializableAdapter.get(InternalFactoryToInitializableAdapter.java:47)
	at com.google.inject.internal.InjectorImpl$1.get(InjectorImpl.java:1050)
	at org.eclipse.sisu.inject.Guice4$1.get(Guice4.java:162)
	at org.eclipse.sisu.inject.LazyBeanEntry.getValue(LazyBeanEntry.java:81)
	at org.eclipse.sisu.plexus.LazyPlexusBean.getValue(LazyPlexusBean.java:51)
	at org.codehaus.plexus.DefaultPlexusContainer.lookup(DefaultPlexusContainer.java:263)
	at org.codehaus.plexus.DefaultPlexusContainer.lookup(DefaultPlexusContainer.java:255)
	at org.apache.maven.plugin.internal.DefaultMavenPluginManager.getConfiguredMojo(DefaultMavenPluginManager.java:520)
	at org.eclipse.m2e.core.internal.embedder.MavenImpl.getConfiguredMojo(MavenImpl.java:359)
	at org.sonatype.m2e.mavenarchiver.internal.AbstractMavenArchiverConfigurator.reflectManifestGeneration(AbstractMavenArchiverConfigurator.java:469)
	at org.sonatype.m2e.mavenarchiver.internal.AbstractMavenArchiverConfigurator.generateManifest(AbstractMavenArchiverConfigurator.java:422)
	at org.sonatype.m2e.mavenarchiver.internal.AbstractMavenArchiverConfigurator.mavenProjectChanged(AbstractMavenArchiverConfigurator.java:227)
	at org.sonatype.m2e.mavenarchiver.internal.AbstractMavenArchiverConfigurator$1.build(AbstractMavenArchiverConfigurator.java:167)
	at org.eclipse.m2e.core.internal.builder.MavenBuilderImpl.build(MavenBuilderImpl.java:135)
	at org.eclipse.m2e.core.internal.builder.MavenBuilder$1.method(MavenBuilder.java:169)
	at org.eclipse.m2e.core.internal.builder.MavenBuilder$1.method(MavenBuilder.java:1)
	at org.eclipse.m2e.core.internal.builder.MavenBuilder$BuildMethod.lambda$1(MavenBuilder.java:114)
	at org.eclipse.m2e.core.internal.embedder.MavenExecutionContext.executeBare(MavenExecutionContext.java:182)
	at org.eclipse.m2e.core.internal.embedder.MavenExecutionContext.execute(MavenExecutionContext.java:117)
	at org.eclipse.m2e.core.internal.builder.MavenBuilder$BuildMethod.lambda$0(MavenBuilder.java:105)
	at org.eclipse.m2e.core.internal.embedder.MavenExecutionContext.executeBare(MavenExecutionContext.java:182)
	at org.eclipse.m2e.core.internal.embedder.MavenExecutionContext.execute(MavenExecutionContext.java:156)
	at org.eclipse.m2e.core.internal.embedder.MavenExecutionContext.execute(MavenExecutionContext.java:103)
	at org.eclipse.m2e.core.internal.builder.MavenBuilder$BuildMethod.execute(MavenBuilder.java:88)
	at org.eclipse.m2e.core.internal.builder.MavenBuilder.build(MavenBuilder.java:198)
	at org.eclipse.core.internal.events.BuildManager$2.run(BuildManager.java:1024)
	at org.eclipse.core.runtime.SafeRunner.run(SafeRunner.java:45)
	at org.eclipse.core.internal.events.BuildManager.basicBuild(BuildManager.java:254)
	at org.eclipse.core.internal.events.BuildManager.basicBuild(BuildManager.java:311)
	at org.eclipse.core.internal.events.BuildManager$1.run(BuildManager.java:400)
	at org.eclipse.core.runtime.SafeRunner.run(SafeRunner.java:45)
	at org.eclipse.core.internal.events.BuildManager.basicBuild(BuildManager.java:403)
	at org.eclipse.core.internal.events.BuildManager.basicBuildLoop(BuildManager.java:514)
	at org.eclipse.core.internal.events.BuildManager.basicBuildLoop(BuildManager.java:462)
	at org.eclipse.core.internal.events.BuildManager.build(BuildManager.java:544)
	at org.eclipse.core.internal.events.AutoBuildJob.doBuild(AutoBuildJob.java:161)
	at org.eclipse.core.internal.events.AutoBuildJob.run(AutoBuildJob.java:255)
	at org.eclipse.core.internal.jobs.Worker.run(Worker.java:63)
Caused by: com.google.inject.OutOfScopeException: Cannot access Key[type=org.apache.maven.project.MavenProject, annotation=[none]] outside of a scoping block
	at org.apache.maven.execution.scope.internal.MojoExecutionScope$2.get(MojoExecutionScope.java:122)
	at com.google.inject.internal.InternalFactoryToProviderAdapter.get(InternalFactoryToProviderAdapter.java:39)
	at com.google.inject.internal.SingleParameterInjector.inject(SingleParameterInjector.java:42)
	at com.google.inject.internal.SingleParameterInjector.getAll(SingleParameterInjector.java:65)
	at com.google.inject.internal.ConstructorInjector.provision(ConstructorInjector.java:113)
	at com.google.inject.internal.ConstructorInjector.access$000(ConstructorInjector.java:32)
	at com.google.inject.internal.ConstructorInjector$1.call(ConstructorInjector.java:98)
	at com.google.inject.internal.ProvisionListenerStackCallback$Provision.provision(ProvisionListenerStackCallback.java:112)
	at com.google.inject.internal.ProvisionListenerStackCallback$Provision.provision(ProvisionListenerStackCallback.java:127)
	at com.google.inject.internal.ProvisionListenerStackCallback.provision(ProvisionListenerStackCallback.java:66)
	at com.google.inject.internal.ConstructorInjector.construct(ConstructorInjector.java:93)
	at com.google.inject.internal.ConstructorBindingImpl$Factory.get(ConstructorBindingImpl.java:306)
	at com.google.inject.internal.InjectorImpl$1.get(InjectorImpl.java:1050)
	... 47 common frames omitted
2026-08-04 03:32:42,020 [Worker-12: Building] INFO  o.a.m.s.f.DefaultMavenResourcesFiltering - Copying 3 resources from src\main\resources to target\classes
2026-08-04 03:32:42,036 [Worker-12: Building] INFO  o.a.m.s.f.DefaultMavenResourcesFiltering - Copying 3 resources from src\main\resources to target\classes
2026-08-04 03:32:42,047 [Worker-12: Building] INFO  o.a.m.s.f.DefaultMavenResourcesFiltering - Copying 1 resource from src\test\resources to target\test-classes
2026-08-04 03:32:42,069 [Worker-12: Building] WARN  Sisu - Error injecting: org.apache.maven.plugins.jar.JarMojo
com.google.inject.ProvisionException: Unable to provision, see the following errors:

1) Error in custom provider, com.google.inject.OutOfScopeException: Cannot access Key[type=org.apache.maven.project.MavenProject, annotation=[none]] outside of a scoping block
  at org.apache.maven.execution.scope.internal.MojoExecutionScopeModule.configure(MojoExecutionScopeModule.java:55) (via modules: org.eclipse.sisu.wire.WireModule -> org.apache.maven.execution.scope.internal.MojoExecutionScopeModule)
  while locating org.apache.maven.project.MavenProject
    for the 1st parameter of org.apache.maven.plugins.jar.JarMojo.<init>(Unknown Source)
  while locating org.apache.maven.plugins.jar.JarMojo

1 error
	at com.google.inject.internal.InternalProvisionException.toProvisionException(InternalProvisionException.java:226)
	at com.google.inject.internal.InjectorImpl$1.get(InjectorImpl.java:1053)
	at com.google.inject.internal.InjectorImpl.getInstance(InjectorImpl.java:1086)
	at org.eclipse.sisu.space.AbstractDeferredClass.get(AbstractDeferredClass.java:48)
	at com.google.inject.internal.ProviderInternalFactory.provision(ProviderInternalFactory.java:85)
	at com.google.inject.internal.InternalFactoryToInitializableAdapter.provision(InternalFactoryToInitializableAdapter.java:57)
	at com.google.inject.internal.ProviderInternalFactory$1.call(ProviderInternalFactory.java:66)
	at com.google.inject.internal.ProvisionListenerStackCallback$Provision.provision(ProvisionListenerStackCallback.java:112)
	at com.google.inject.internal.ProvisionListenerStackCallback$Provision.provision(ProvisionListenerStackCallback.java:127)
	at com.google.inject.internal.ProvisionListenerStackCallback.provision(ProvisionListenerStackCallback.java:66)
	at com.google.inject.internal.ProviderInternalFactory.circularGet(ProviderInternalFactory.java:61)
	at com.google.inject.internal.InternalFactoryToInitializableAdapter.get(InternalFactoryToInitializableAdapter.java:47)
	at com.google.inject.internal.InjectorImpl$1.get(InjectorImpl.java:1050)
	at org.eclipse.sisu.inject.Guice4$1.get(Guice4.java:162)
	at org.eclipse.sisu.inject.LazyBeanEntry.getValue(LazyBeanEntry.java:81)
	at org.eclipse.sisu.plexus.LazyPlexusBean.getValue(LazyPlexusBean.java:51)
	at org.codehaus.plexus.DefaultPlexusContainer.lookup(DefaultPlexusContainer.java:263)
	at org.codehaus.plexus.DefaultPlexusContainer.lookup(DefaultPlexusContainer.java:255)
	at org.apache.maven.plugin.internal.DefaultMavenPluginManager.getConfiguredMojo(DefaultMavenPluginManager.java:520)
	at org.eclipse.m2e.core.internal.embedder.MavenImpl.getConfiguredMojo(MavenImpl.java:359)
	at org.sonatype.m2e.mavenarchiver.internal.AbstractMavenArchiverConfigurator.reflectManifestGeneration(AbstractMavenArchiverConfigurator.java:469)
	at org.sonatype.m2e.mavenarchiver.internal.AbstractMavenArchiverConfigurator.generateManifest(AbstractMavenArchiverConfigurator.java:422)
	at org.sonatype.m2e.mavenarchiver.internal.AbstractMavenArchiverConfigurator.mavenProjectChanged(AbstractMavenArchiverConfigurator.java:227)
	at org.sonatype.m2e.mavenarchiver.internal.AbstractMavenArchiverConfigurator$1.build(AbstractMavenArchiverConfigurator.java:167)
	at org.eclipse.m2e.core.internal.builder.MavenBuilderImpl.build(MavenBuilderImpl.java:135)
	at org.eclipse.m2e.core.internal.builder.MavenBuilder$1.method(MavenBuilder.java:169)
	at org.eclipse.m2e.core.internal.builder.MavenBuilder$1.method(MavenBuilder.java:1)
	at org.eclipse.m2e.core.internal.builder.MavenBuilder$BuildMethod.lambda$1(MavenBuilder.java:114)
	at org.eclipse.m2e.core.internal.embedder.MavenExecutionContext.executeBare(MavenExecutionContext.java:182)
	at org.eclipse.m2e.core.internal.embedder.MavenExecutionContext.execute(MavenExecutionContext.java:117)
	at org.eclipse.m2e.core.internal.builder.MavenBuilder$BuildMethod.lambda$0(MavenBuilder.java:105)
	at org.eclipse.m2e.core.internal.embedder.MavenExecutionContext.executeBare(MavenExecutionContext.java:182)
	at org.eclipse.m2e.core.internal.embedder.MavenExecutionContext.execute(MavenExecutionContext.java:156)
	at org.eclipse.m2e.core.internal.embedder.MavenExecutionContext.execute(MavenExecutionContext.java:103)
	at org.eclipse.m2e.core.internal.builder.MavenBuilder$BuildMethod.execute(MavenBuilder.java:88)
	at org.eclipse.m2e.core.internal.builder.MavenBuilder.build(MavenBuilder.java:198)
	at org.eclipse.core.internal.events.BuildManager$2.run(BuildManager.java:1024)
	at org.eclipse.core.runtime.SafeRunner.run(SafeRunner.java:45)
	at org.eclipse.core.internal.events.BuildManager.basicBuild(BuildManager.java:254)
	at org.eclipse.core.internal.events.BuildManager.basicBuild(BuildManager.java:311)
	at org.eclipse.core.internal.events.BuildManager$1.run(BuildManager.java:400)
	at org.eclipse.core.runtime.SafeRunner.run(SafeRunner.java:45)
	at org.eclipse.core.internal.events.BuildManager.basicBuild(BuildManager.java:403)
	at org.eclipse.core.internal.events.BuildManager.basicBuildLoop(BuildManager.java:514)
	at org.eclipse.core.internal.events.BuildManager.basicBuildLoop(BuildManager.java:462)
	at org.eclipse.core.internal.events.BuildManager.build(BuildManager.java:544)
	at org.eclipse.core.internal.events.AutoBuildJob.doBuild(AutoBuildJob.java:161)
	at org.eclipse.core.internal.events.AutoBuildJob.run(AutoBuildJob.java:255)
	at org.eclipse.core.internal.jobs.Worker.run(Worker.java:63)
Caused by: com.google.inject.OutOfScopeException: Cannot access Key[type=org.apache.maven.project.MavenProject, annotation=[none]] outside of a scoping block
	at org.apache.maven.execution.scope.internal.MojoExecutionScope$2.get(MojoExecutionScope.java:122)
	at com.google.inject.internal.InternalFactoryToProviderAdapter.get(InternalFactoryToProviderAdapter.java:39)
	at com.google.inject.internal.SingleParameterInjector.inject(SingleParameterInjector.java:42)
	at com.google.inject.internal.SingleParameterInjector.getAll(SingleParameterInjector.java:65)
	at com.google.inject.internal.ConstructorInjector.provision(ConstructorInjector.java:113)
	at com.google.inject.internal.ConstructorInjector.access$000(ConstructorInjector.java:32)
	at com.google.inject.internal.ConstructorInjector$1.call(ConstructorInjector.java:98)
	at com.google.inject.internal.ProvisionListenerStackCallback$Provision.provision(ProvisionListenerStackCallback.java:112)
	at com.google.inject.internal.ProvisionListenerStackCallback$Provision.provision(ProvisionListenerStackCallback.java:127)
	at com.google.inject.internal.ProvisionListenerStackCallback.provision(ProvisionListenerStackCallback.java:66)
	at com.google.inject.internal.ConstructorInjector.construct(ConstructorInjector.java:93)
	at com.google.inject.internal.ConstructorBindingImpl$Factory.get(ConstructorBindingImpl.java:306)
	at com.google.inject.internal.InjectorImpl$1.get(InjectorImpl.java:1050)
	... 47 common frames omitted
2026-08-04 03:39:45,951 [Worker-17: Building] INFO  o.a.m.s.f.DefaultMavenResourcesFiltering - Copying 1 resource from src\main\resources to target\classes
2026-08-04 03:39:45,964 [Worker-17: Building] INFO  o.a.m.s.f.DefaultMavenResourcesFiltering - Copying 1 resource from src\main\resources to target\classes
2026-08-04 03:39:45,969 [Worker-17: Building] INFO  o.a.m.s.f.DefaultMavenResourcesFiltering - Copying 0 resource from src\test\resources to target\test-classes
2026-08-04 03:39:45,984 [Worker-17: Building] WARN  Sisu - Error injecting: org.apache.maven.plugins.jar.JarMojo
com.google.inject.ProvisionException: Unable to provision, see the following errors:

1) Error in custom provider, com.google.inject.OutOfScopeException: Cannot access Key[type=org.apache.maven.project.MavenProject, annotation=[none]] outside of a scoping block
  at org.apache.maven.execution.scope.internal.MojoExecutionScopeModule.configure(MojoExecutionScopeModule.java:55) (via modules: org.eclipse.sisu.wire.WireModule -> org.apache.maven.execution.scope.internal.MojoExecutionScopeModule)
  while locating org.apache.maven.project.MavenProject
    for the 1st parameter of org.apache.maven.plugins.jar.JarMojo.<init>(Unknown Source)
  while locating org.apache.maven.plugins.jar.JarMojo

1 error
	at com.google.inject.internal.InternalProvisionException.toProvisionException(InternalProvisionException.java:226)
	at com.google.inject.internal.InjectorImpl$1.get(InjectorImpl.java:1053)
	at com.google.inject.internal.InjectorImpl.getInstance(InjectorImpl.java:1086)
	at org.eclipse.sisu.space.AbstractDeferredClass.get(AbstractDeferredClass.java:48)
	at com.google.inject.internal.ProviderInternalFactory.provision(ProviderInternalFactory.java:85)
	at com.google.inject.internal.InternalFactoryToInitializableAdapter.provision(InternalFactoryToInitializableAdapter.java:57)
	at com.google.inject.internal.ProviderInternalFactory$1.call(ProviderInternalFactory.java:66)
	at com.google.inject.internal.ProvisionListenerStackCallback$Provision.provision(ProvisionListenerStackCallback.java:112)
	at com.google.inject.internal.ProvisionListenerStackCallback$Provision.provision(ProvisionListenerStackCallback.java:127)
	at com.google.inject.internal.ProvisionListenerStackCallback.provision(ProvisionListenerStackCallback.java:66)
	at com.google.inject.internal.ProviderInternalFactory.circularGet(ProviderInternalFactory.java:61)
	at com.google.inject.internal.InternalFactoryToInitializableAdapter.get(InternalFactoryToInitializableAdapter.java:47)
	at com.google.inject.internal.InjectorImpl$1.get(InjectorImpl.java:1050)
	at org.eclipse.sisu.inject.Guice4$1.get(Guice4.java:162)
	at org.eclipse.sisu.inject.LazyBeanEntry.getValue(LazyBeanEntry.java:81)
	at org.eclipse.sisu.plexus.LazyPlexusBean.getValue(LazyPlexusBean.java:51)
	at org.codehaus.plexus.DefaultPlexusContainer.lookup(DefaultPlexusContainer.java:263)
	at org.codehaus.plexus.DefaultPlexusContainer.lookup(DefaultPlexusContainer.java:255)
	at org.apache.maven.plugin.internal.DefaultMavenPluginManager.getConfiguredMojo(DefaultMavenPluginManager.java:520)
	at org.eclipse.m2e.core.internal.embedder.MavenImpl.getConfiguredMojo(MavenImpl.java:359)
	at org.sonatype.m2e.mavenarchiver.internal.AbstractMavenArchiverConfigurator.reflectManifestGeneration(AbstractMavenArchiverConfigurator.java:469)
	at org.sonatype.m2e.mavenarchiver.internal.AbstractMavenArchiverConfigurator.generateManifest(AbstractMavenArchiverConfigurator.java:422)
	at org.sonatype.m2e.mavenarchiver.internal.AbstractMavenArchiverConfigurator.mavenProjectChanged(AbstractMavenArchiverConfigurator.java:227)
	at org.sonatype.m2e.mavenarchiver.internal.AbstractMavenArchiverConfigurator$1.build(AbstractMavenArchiverConfigurator.java:167)
	at org.eclipse.m2e.core.internal.builder.MavenBuilderImpl.build(MavenBuilderImpl.java:135)
	at org.eclipse.m2e.core.internal.builder.MavenBuilder$1.method(MavenBuilder.java:169)
	at org.eclipse.m2e.core.internal.builder.MavenBuilder$1.method(MavenBuilder.java:1)
	at org.eclipse.m2e.core.internal.builder.MavenBuilder$BuildMethod.lambda$1(MavenBuilder.java:114)
	at org.eclipse.m2e.core.internal.embedder.MavenExecutionContext.executeBare(MavenExecutionContext.java:182)
	at org.eclipse.m2e.core.internal.embedder.MavenExecutionContext.execute(MavenExecutionContext.java:117)
	at org.eclipse.m2e.core.internal.builder.MavenBuilder$BuildMethod.lambda$0(MavenBuilder.java:105)
	at org.eclipse.m2e.core.internal.embedder.MavenExecutionContext.executeBare(MavenExecutionContext.java:182)
	at org.eclipse.m2e.core.internal.embedder.MavenExecutionContext.execute(MavenExecutionContext.java:156)
	at org.eclipse.m2e.core.internal.embedder.MavenExecutionContext.execute(MavenExecutionContext.java:103)
	at org.eclipse.m2e.core.internal.builder.MavenBuilder$BuildMethod.execute(MavenBuilder.java:88)
	at org.eclipse.m2e.core.internal.builder.MavenBuilder.build(MavenBuilder.java:198)
	at org.eclipse.core.internal.events.BuildManager$2.run(BuildManager.java:1024)
	at org.eclipse.core.runtime.SafeRunner.run(SafeRunner.java:45)
	at org.eclipse.core.internal.events.BuildManager.basicBuild(BuildManager.java:254)
	at org.eclipse.core.internal.events.BuildManager.basicBuild(BuildManager.java:311)
	at org.eclipse.core.internal.events.BuildManager$1.run(BuildManager.java:400)
	at org.eclipse.core.runtime.SafeRunner.run(SafeRunner.java:45)
	at org.eclipse.core.internal.events.BuildManager.basicBuild(BuildManager.java:403)
	at org.eclipse.core.internal.events.BuildManager.basicBuildLoop(BuildManager.java:514)
	at org.eclipse.core.internal.events.BuildManager.basicBuildLoop(BuildManager.java:462)
	at org.eclipse.core.internal.events.BuildManager.build(BuildManager.java:544)
	at org.eclipse.core.internal.events.AutoBuildJob.doBuild(AutoBuildJob.java:161)
	at org.eclipse.core.internal.events.AutoBuildJob.run(AutoBuildJob.java:255)
	at org.eclipse.core.internal.jobs.Worker.run(Worker.java:63)
Caused by: com.google.inject.OutOfScopeException: Cannot access Key[type=org.apache.maven.project.MavenProject, annotation=[none]] outside of a scoping block
	at org.apache.maven.execution.scope.internal.MojoExecutionScope$2.get(MojoExecutionScope.java:122)
	at com.google.inject.internal.InternalFactoryToProviderAdapter.get(InternalFactoryToProviderAdapter.java:39)
	at com.google.inject.internal.SingleParameterInjector.inject(SingleParameterInjector.java:42)
	at com.google.inject.internal.SingleParameterInjector.getAll(SingleParameterInjector.java:65)
	at com.google.inject.internal.ConstructorInjector.provision(ConstructorInjector.java:113)
	at com.google.inject.internal.ConstructorInjector.access$000(ConstructorInjector.java:32)
	at com.google.inject.internal.ConstructorInjector$1.call(ConstructorInjector.java:98)
	at com.google.inject.internal.ProvisionListenerStackCallback$Provision.provision(ProvisionListenerStackCallback.java:112)
	at com.google.inject.internal.ProvisionListenerStackCallback$Provision.provision(ProvisionListenerStackCallback.java:127)
	at com.google.inject.internal.ProvisionListenerStackCallback.provision(ProvisionListenerStackCallback.java:66)
	at com.google.inject.internal.ConstructorInjector.construct(ConstructorInjector.java:93)
	at com.google.inject.internal.ConstructorBindingImpl$Factory.get(ConstructorBindingImpl.java:306)
	at com.google.inject.internal.InjectorImpl$1.get(InjectorImpl.java:1050)
	... 47 common frames omitted
2026-08-04 03:39:55,900 [Worker-13: Updating Maven Project] INFO  o.e.m.c.i.p.ProjectConfigurationManager - Update started
2026-08-04 03:39:56,566 [Worker-13: Updating Maven Project] INFO  o.e.m.c.i.l.LifecycleMappingFactory - Using org.eclipse.m2e.jdt.JarLifecycleMapping lifecycle mapping for MavenProject: com.emart:EmartCategoryMaster:0.0.1-SNAPSHOT @ C:\Users\ADMIN\OneDrive\Documents\Final\backend\pom.xml.
2026-08-04 03:39:57,315 [Worker-13: Updating Maven Project] WARN  Sisu - Error injecting: org.apache.maven.plugins.jar.JarMojo
com.google.inject.ProvisionException: Unable to provision, see the following errors:

1) Error in custom provider, com.google.inject.OutOfScopeException: Cannot access Key[type=org.apache.maven.project.MavenProject, annotation=[none]] outside of a scoping block
  at org.apache.maven.execution.scope.internal.MojoExecutionScopeModule.configure(MojoExecutionScopeModule.java:55) (via modules: org.eclipse.sisu.wire.WireModule -> org.apache.maven.execution.scope.internal.MojoExecutionScopeModule)
  while locating org.apache.maven.project.MavenProject
    for the 1st parameter of org.apache.maven.plugins.jar.JarMojo.<init>(Unknown Source)
  while locating org.apache.maven.plugins.jar.JarMojo

1 error
	at com.google.inject.internal.InternalProvisionException.toProvisionException(InternalProvisionException.java:226)
	at com.google.inject.internal.InjectorImpl$1.get(InjectorImpl.java:1053)
	at com.google.inject.internal.InjectorImpl.getInstance(InjectorImpl.java:1086)
	at org.eclipse.sisu.space.AbstractDeferredClass.get(AbstractDeferredClass.java:48)
	at com.google.inject.internal.ProviderInternalFactory.provision(ProviderInternalFactory.java:85)
	at com.google.inject.internal.InternalFactoryToInitializableAdapter.provision(InternalFactoryToInitializableAdapter.java:57)
	at com.google.inject.internal.ProviderInternalFactory$1.call(ProviderInternalFactory.java:66)
	at com.google.inject.internal.ProvisionListenerStackCallback$Provision.provision(ProvisionListenerStackCallback.java:112)
	at com.google.inject.internal.ProvisionListenerStackCallback$Provision.provision(ProvisionListenerStackCallback.java:127)
	at com.google.inject.internal.ProvisionListenerStackCallback.provision(ProvisionListenerStackCallback.java:66)
	at com.google.inject.internal.ProviderInternalFactory.circularGet(ProviderInternalFactory.java:61)
	at com.google.inject.internal.InternalFactoryToInitializableAdapter.get(InternalFactoryToInitializableAdapter.java:47)
	at com.google.inject.internal.InjectorImpl$1.get(InjectorImpl.java:1050)
	at org.eclipse.sisu.inject.Guice4$1.get(Guice4.java:162)
	at org.eclipse.sisu.inject.LazyBeanEntry.getValue(LazyBeanEntry.java:81)
	at org.eclipse.sisu.plexus.LazyPlexusBean.getValue(LazyPlexusBean.java:51)
	at org.codehaus.plexus.DefaultPlexusContainer.lookup(DefaultPlexusContainer.java:263)
	at org.codehaus.plexus.DefaultPlexusContainer.lookup(DefaultPlexusContainer.java:255)
	at org.apache.maven.plugin.internal.DefaultMavenPluginManager.getConfiguredMojo(DefaultMavenPluginManager.java:520)
	at org.eclipse.m2e.core.internal.embedder.MavenImpl.getConfiguredMojo(MavenImpl.java:359)
	at org.sonatype.m2e.mavenarchiver.internal.AbstractMavenArchiverConfigurator.reflectManifestGeneration(AbstractMavenArchiverConfigurator.java:469)
	at org.sonatype.m2e.mavenarchiver.internal.AbstractMavenArchiverConfigurator.generateManifest(AbstractMavenArchiverConfigurator.java:422)
	at org.sonatype.m2e.mavenarchiver.internal.AbstractMavenArchiverConfigurator.mavenProjectChanged(AbstractMavenArchiverConfigurator.java:227)
	at org.sonatype.m2e.mavenarchiver.internal.AbstractMavenArchiverConfigurator.mavenProjectChanged(AbstractMavenArchiverConfigurator.java:215)
	at org.eclipse.m2e.core.internal.project.ProjectConfigurationManager.mavenProjectChanged(ProjectConfigurationManager.java:1056)
	at org.eclipse.m2e.core.internal.project.registry.ProjectRegistryManager.notifyProjectChangeListeners(ProjectRegistryManager.java:806)
	at org.eclipse.m2e.core.internal.project.registry.ProjectRegistryManager.applyMutableProjectRegistry(ProjectRegistryManager.java:972)
	at org.eclipse.m2e.core.internal.project.registry.ProjectRegistryManager.refresh(ProjectRegistryManager.java:305)
	at org.eclipse.m2e.core.internal.project.ProjectConfigurationManager.updateProjectConfiguration0(ProjectConfigurationManager.java:413)
	at org.eclipse.m2e.core.internal.project.ProjectConfigurationManager.lambda$1(ProjectConfigurationManager.java:362)
	at org.eclipse.m2e.core.internal.embedder.MavenExecutionContext.executeBare(MavenExecutionContext.java:182)
	at org.eclipse.m2e.core.internal.embedder.MavenExecutionContext.execute(MavenExecutionContext.java:156)
	at org.eclipse.m2e.core.internal.embedder.MavenExecutionContext.execute(MavenExecutionContext.java:103)
	at org.eclipse.m2e.core.internal.embedder.MavenImpl.execute(MavenImpl.java:1411)
	at org.eclipse.m2e.core.internal.project.ProjectConfigurationManager.updateProjectConfiguration(ProjectConfigurationManager.java:361)
	at org.eclipse.m2e.core.ui.internal.UpdateMavenProjectJob.runInWorkspace(UpdateMavenProjectJob.java:80)
	at org.eclipse.core.internal.resources.InternalWorkspaceJob.run(InternalWorkspaceJob.java:43)
	at org.eclipse.core.internal.jobs.Worker.run(Worker.java:63)
Caused by: com.google.inject.OutOfScopeException: Cannot access Key[type=org.apache.maven.project.MavenProject, annotation=[none]] outside of a scoping block
	at org.apache.maven.execution.scope.internal.MojoExecutionScope$2.get(MojoExecutionScope.java:122)
	at com.google.inject.internal.InternalFactoryToProviderAdapter.get(InternalFactoryToProviderAdapter.java:39)
	at com.google.inject.internal.SingleParameterInjector.inject(SingleParameterInjector.java:42)
	at com.google.inject.internal.SingleParameterInjector.getAll(SingleParameterInjector.java:65)
	at com.google.inject.internal.ConstructorInjector.provision(ConstructorInjector.java:113)
	at com.google.inject.internal.ConstructorInjector.access$000(ConstructorInjector.java:32)
	at com.google.inject.internal.ConstructorInjector$1.call(ConstructorInjector.java:98)
	at com.google.inject.internal.ProvisionListenerStackCallback$Provision.provision(ProvisionListenerStackCallback.java:112)
	at com.google.inject.internal.ProvisionListenerStackCallback$Provision.provision(ProvisionListenerStackCallback.java:127)
	at com.google.inject.internal.ProvisionListenerStackCallback.provision(ProvisionListenerStackCallback.java:66)
	at com.google.inject.internal.ConstructorInjector.construct(ConstructorInjector.java:93)
	at com.google.inject.internal.ConstructorBindingImpl$Factory.get(ConstructorBindingImpl.java:306)
	at com.google.inject.internal.InjectorImpl$1.get(InjectorImpl.java:1050)
	... 36 common frames omitted
2026-08-04 03:39:57,884 [Worker-13: Updating Maven Project] INFO  o.e.m.j.i.AbstractJavaProjectConfigurator - Adding source folder /backend/src/main/java
2026-08-04 03:39:57,885 [Worker-13: Updating Maven Project] INFO  o.e.m.j.i.AbstractJavaProjectConfigurator - Adding resource folder /backend/src/main/resources
2026-08-04 03:39:57,885 [Worker-13: Updating Maven Project] INFO  o.e.m.j.i.AbstractJavaProjectConfigurator - Adding resource folder /backend/src/main/resources
2026-08-04 03:39:57,885 [Worker-13: Updating Maven Project] INFO  o.e.m.j.i.AbstractJavaProjectConfigurator - Adding source folder /backend/src/test/java
2026-08-04 03:39:57,886 [Worker-13: Updating Maven Project] INFO  o.e.m.j.i.AbstractJavaProjectConfigurator - Adding resource folder /backend/src/test/resources
2026-08-04 03:39:58,463 [Worker-13: Updating Maven Project] INFO  o.e.m.c.i.p.ProjectConfigurationManager - Update completed: 2 sec
2026-08-04 03:40:00,479 [Worker-20: Building] INFO  o.a.m.s.f.DefaultMavenResourcesFiltering - Copying 3 resources from src\main\resources to target\classes
2026-08-04 03:40:00,523 [Worker-20: Building] INFO  o.a.m.s.f.DefaultMavenResourcesFiltering - Copying 4 resources from src\main\resources to target\classes
2026-08-04 03:40:00,537 [Worker-20: Building] INFO  o.a.m.s.f.DefaultMavenResourcesFiltering - Copying 1 resource from src\test\resources to target\test-classes
2026-08-04 03:40:00,554 [Worker-20: Building] WARN  Sisu - Error injecting: org.apache.maven.plugins.jar.JarMojo
com.google.inject.ProvisionException: Unable to provision, see the following errors:

1) Error in custom provider, com.google.inject.OutOfScopeException: Cannot access Key[type=org.apache.maven.project.MavenProject, annotation=[none]] outside of a scoping block
  at org.apache.maven.execution.scope.internal.MojoExecutionScopeModule.configure(MojoExecutionScopeModule.java:55) (via modules: org.eclipse.sisu.wire.WireModule -> org.apache.maven.execution.scope.internal.MojoExecutionScopeModule)
  while locating org.apache.maven.project.MavenProject
    for the 1st parameter of org.apache.maven.plugins.jar.JarMojo.<init>(Unknown Source)
  while locating org.apache.maven.plugins.jar.JarMojo

1 error
	at com.google.inject.internal.InternalProvisionException.toProvisionException(InternalProvisionException.java:226)
	at com.google.inject.internal.InjectorImpl$1.get(InjectorImpl.java:1053)
	at com.google.inject.internal.InjectorImpl.getInstance(InjectorImpl.java:1086)
	at org.eclipse.sisu.space.AbstractDeferredClass.get(AbstractDeferredClass.java:48)
	at com.google.inject.internal.ProviderInternalFactory.provision(ProviderInternalFactory.java:85)
	at com.google.inject.internal.InternalFactoryToInitializableAdapter.provision(InternalFactoryToInitializableAdapter.java:57)
	at com.google.inject.internal.ProviderInternalFactory$1.call(ProviderInternalFactory.java:66)
	at com.google.inject.internal.ProvisionListenerStackCallback$Provision.provision(ProvisionListenerStackCallback.java:112)
	at com.google.inject.internal.ProvisionListenerStackCallback$Provision.provision(ProvisionListenerStackCallback.java:127)
	at com.google.inject.internal.ProvisionListenerStackCallback.provision(ProvisionListenerStackCallback.java:66)
	at com.google.inject.internal.ProviderInternalFactory.circularGet(ProviderInternalFactory.java:61)
	at com.google.inject.internal.InternalFactoryToInitializableAdapter.get(InternalFactoryToInitializableAdapter.java:47)
	at com.google.inject.internal.InjectorImpl$1.get(InjectorImpl.java:1050)
	at org.eclipse.sisu.inject.Guice4$1.get(Guice4.java:162)
	at org.eclipse.sisu.inject.LazyBeanEntry.getValue(LazyBeanEntry.java:81)
	at org.eclipse.sisu.plexus.LazyPlexusBean.getValue(LazyPlexusBean.java:51)
	at org.codehaus.plexus.DefaultPlexusContainer.lookup(DefaultPlexusContainer.java:263)
	at org.codehaus.plexus.DefaultPlexusContainer.lookup(DefaultPlexusContainer.java:255)
	at org.apache.maven.plugin.internal.DefaultMavenPluginManager.getConfiguredMojo(DefaultMavenPluginManager.java:520)
	at org.eclipse.m2e.core.internal.embedder.MavenImpl.getConfiguredMojo(MavenImpl.java:359)
	at org.sonatype.m2e.mavenarchiver.internal.AbstractMavenArchiverConfigurator.reflectManifestGeneration(AbstractMavenArchiverConfigurator.java:469)
	at org.sonatype.m2e.mavenarchiver.internal.AbstractMavenArchiverConfigurator.generateManifest(AbstractMavenArchiverConfigurator.java:422)
	at org.sonatype.m2e.mavenarchiver.internal.AbstractMavenArchiverConfigurator.mavenProjectChanged(AbstractMavenArchiverConfigurator.java:227)
	at org.sonatype.m2e.mavenarchiver.internal.AbstractMavenArchiverConfigurator$1.build(AbstractMavenArchiverConfigurator.java:167)
	at org.eclipse.m2e.core.internal.builder.MavenBuilderImpl.build(MavenBuilderImpl.java:135)
	at org.eclipse.m2e.core.internal.builder.MavenBuilder$1.method(MavenBuilder.java:169)
	at org.eclipse.m2e.core.internal.builder.MavenBuilder$1.method(MavenBuilder.java:1)
	at org.eclipse.m2e.core.internal.builder.MavenBuilder$BuildMethod.lambda$1(MavenBuilder.java:114)
	at org.eclipse.m2e.core.internal.embedder.MavenExecutionContext.executeBare(MavenExecutionContext.java:182)
	at org.eclipse.m2e.core.internal.embedder.MavenExecutionContext.execute(MavenExecutionContext.java:117)
	at org.eclipse.m2e.core.internal.builder.MavenBuilder$BuildMethod.lambda$0(MavenBuilder.java:105)
	at org.eclipse.m2e.core.internal.embedder.MavenExecutionContext.executeBare(MavenExecutionContext.java:182)
	at org.eclipse.m2e.core.internal.embedder.MavenExecutionContext.execute(MavenExecutionContext.java:156)
	at org.eclipse.m2e.core.internal.embedder.MavenExecutionContext.execute(MavenExecutionContext.java:103)
	at org.eclipse.m2e.core.internal.builder.MavenBuilder$BuildMethod.execute(MavenBuilder.java:88)
	at org.eclipse.m2e.core.internal.builder.MavenBuilder.build(MavenBuilder.java:198)
	at org.eclipse.core.internal.events.BuildManager$2.run(BuildManager.java:1024)
	at org.eclipse.core.runtime.SafeRunner.run(SafeRunner.java:45)
	at org.eclipse.core.internal.events.BuildManager.basicBuild(BuildManager.java:254)
	at org.eclipse.core.internal.events.BuildManager.basicBuild(BuildManager.java:311)
	at org.eclipse.core.internal.events.BuildManager$1.run(BuildManager.java:400)
	at org.eclipse.core.runtime.SafeRunner.run(SafeRunner.java:45)
	at org.eclipse.core.internal.events.BuildManager.basicBuild(BuildManager.java:403)
	at org.eclipse.core.internal.events.BuildManager.basicBuildLoop(BuildManager.java:514)
	at org.eclipse.core.internal.events.BuildManager.basicBuildLoop(BuildManager.java:462)
	at org.eclipse.core.internal.events.BuildManager.build(BuildManager.java:544)
	at org.eclipse.core.internal.events.AutoBuildJob.doBuild(AutoBuildJob.java:161)
	at org.eclipse.core.internal.events.AutoBuildJob.run(AutoBuildJob.java:255)
	at org.eclipse.core.internal.jobs.Worker.run(Worker.java:63)
Caused by: com.google.inject.OutOfScopeException: Cannot access Key[type=org.apache.maven.project.MavenProject, annotation=[none]] outside of a scoping block
	at org.apache.maven.execution.scope.internal.MojoExecutionScope$2.get(MojoExecutionScope.java:122)
	at com.google.inject.internal.InternalFactoryToProviderAdapter.get(InternalFactoryToProviderAdapter.java:39)
	at com.google.inject.internal.SingleParameterInjector.inject(SingleParameterInjector.java:42)
	at com.google.inject.internal.SingleParameterInjector.getAll(SingleParameterInjector.java:65)
	at com.google.inject.internal.ConstructorInjector.provision(ConstructorInjector.java:113)
	at com.google.inject.internal.ConstructorInjector.access$000(ConstructorInjector.java:32)
	at com.google.inject.internal.ConstructorInjector$1.call(ConstructorInjector.java:98)
	at com.google.inject.internal.ProvisionListenerStackCallback$Provision.provision(ProvisionListenerStackCallback.java:112)
	at com.google.inject.internal.ProvisionListenerStackCallback$Provision.provision(ProvisionListenerStackCallback.java:127)
	at com.google.inject.internal.ProvisionListenerStackCallback.provision(ProvisionListenerStackCallback.java:66)
	at com.google.inject.internal.ConstructorInjector.construct(ConstructorInjector.java:93)
	at com.google.inject.internal.ConstructorBindingImpl$Factory.get(ConstructorBindingImpl.java:306)
	at com.google.inject.internal.InjectorImpl$1.get(InjectorImpl.java:1050)
	... 47 common frames omitted
2026-08-04 03:40:06,108 [Worker-18: Building] INFO  o.a.m.s.f.DefaultMavenResourcesFiltering - Copying 3 resources from src\main\resources to target\classes
2026-08-04 03:40:06,121 [Worker-18: Building] INFO  o.a.m.s.f.DefaultMavenResourcesFiltering - Copying 4 resources from src\main\resources to target\classes
2026-08-04 03:40:06,136 [Worker-18: Building] INFO  o.a.m.s.f.DefaultMavenResourcesFiltering - Copying 1 resource from src\test\resources to target\test-classes
2026-08-04 03:40:06,177 [Worker-18: Building] WARN  Sisu - Error injecting: org.apache.maven.plugins.jar.JarMojo
com.google.inject.ProvisionException: Unable to provision, see the following errors:

1) Error in custom provider, com.google.inject.OutOfScopeException: Cannot access Key[type=org.apache.maven.project.MavenProject, annotation=[none]] outside of a scoping block
  at org.apache.maven.execution.scope.internal.MojoExecutionScopeModule.configure(MojoExecutionScopeModule.java:55) (via modules: org.eclipse.sisu.wire.WireModule -> org.apache.maven.execution.scope.internal.MojoExecutionScopeModule)
  while locating org.apache.maven.project.MavenProject
    for the 1st parameter of org.apache.maven.plugins.jar.JarMojo.<init>(Unknown Source)
  while locating org.apache.maven.plugins.jar.JarMojo

1 error
	at com.google.inject.internal.InternalProvisionException.toProvisionException(InternalProvisionException.java:226)
	at com.google.inject.internal.InjectorImpl$1.get(InjectorImpl.java:1053)
	at com.google.inject.internal.InjectorImpl.getInstance(InjectorImpl.java:1086)
	at org.eclipse.sisu.space.AbstractDeferredClass.get(AbstractDeferredClass.java:48)
	at com.google.inject.internal.ProviderInternalFactory.provision(ProviderInternalFactory.java:85)
	at com.google.inject.internal.InternalFactoryToInitializableAdapter.provision(InternalFactoryToInitializableAdapter.java:57)
	at com.google.inject.internal.ProviderInternalFactory$1.call(ProviderInternalFactory.java:66)
	at com.google.inject.internal.ProvisionListenerStackCallback$Provision.provision(ProvisionListenerStackCallback.java:112)
	at com.google.inject.internal.ProvisionListenerStackCallback$Provision.provision(ProvisionListenerStackCallback.java:127)
	at com.google.inject.internal.ProvisionListenerStackCallback.provision(ProvisionListenerStackCallback.java:66)
	at com.google.inject.internal.ProviderInternalFactory.circularGet(ProviderInternalFactory.java:61)
	at com.google.inject.internal.InternalFactoryToInitializableAdapter.get(InternalFactoryToInitializableAdapter.java:47)
	at com.google.inject.internal.InjectorImpl$1.get(InjectorImpl.java:1050)
	at org.eclipse.sisu.inject.Guice4$1.get(Guice4.java:162)
	at org.eclipse.sisu.inject.LazyBeanEntry.getValue(LazyBeanEntry.java:81)
	at org.eclipse.sisu.plexus.LazyPlexusBean.getValue(LazyPlexusBean.java:51)
	at org.codehaus.plexus.DefaultPlexusContainer.lookup(DefaultPlexusContainer.java:263)
	at org.codehaus.plexus.DefaultPlexusContainer.lookup(DefaultPlexusContainer.java:255)
	at org.apache.maven.plugin.internal.DefaultMavenPluginManager.getConfiguredMojo(DefaultMavenPluginManager.java:520)
	at org.eclipse.m2e.core.internal.embedder.MavenImpl.getConfiguredMojo(MavenImpl.java:359)
	at org.sonatype.m2e.mavenarchiver.internal.AbstractMavenArchiverConfigurator.reflectManifestGeneration(AbstractMavenArchiverConfigurator.java:469)
	at org.sonatype.m2e.mavenarchiver.internal.AbstractMavenArchiverConfigurator.generateManifest(AbstractMavenArchiverConfigurator.java:422)
	at org.sonatype.m2e.mavenarchiver.internal.AbstractMavenArchiverConfigurator.mavenProjectChanged(AbstractMavenArchiverConfigurator.java:227)
	at org.sonatype.m2e.mavenarchiver.internal.AbstractMavenArchiverConfigurator$1.build(AbstractMavenArchiverConfigurator.java:167)
	at org.eclipse.m2e.core.internal.builder.MavenBuilderImpl.build(MavenBuilderImpl.java:135)
	at org.eclipse.m2e.core.internal.builder.MavenBuilder$1.method(MavenBuilder.java:169)
	at org.eclipse.m2e.core.internal.builder.MavenBuilder$1.method(MavenBuilder.java:1)
	at org.eclipse.m2e.core.internal.builder.MavenBuilder$BuildMethod.lambda$1(MavenBuilder.java:114)
	at org.eclipse.m2e.core.internal.embedder.MavenExecutionContext.executeBare(MavenExecutionContext.java:182)
	at org.eclipse.m2e.core.internal.embedder.MavenExecutionContext.execute(MavenExecutionContext.java:117)
	at org.eclipse.m2e.core.internal.builder.MavenBuilder$BuildMethod.lambda$0(MavenBuilder.java:105)
	at org.eclipse.m2e.core.internal.embedder.MavenExecutionContext.executeBare(MavenExecutionContext.java:182)
	at org.eclipse.m2e.core.internal.embedder.MavenExecutionContext.execute(MavenExecutionContext.java:156)
	at org.eclipse.m2e.core.internal.embedder.MavenExecutionContext.execute(MavenExecutionContext.java:103)
	at org.eclipse.m2e.core.internal.builder.MavenBuilder$BuildMethod.execute(MavenBuilder.java:88)
	at org.eclipse.m2e.core.internal.builder.MavenBuilder.build(MavenBuilder.java:198)
	at org.eclipse.core.internal.events.BuildManager$2.run(BuildManager.java:1024)
	at org.eclipse.core.runtime.SafeRunner.run(SafeRunner.java:45)
	at org.eclipse.core.internal.events.BuildManager.basicBuild(BuildManager.java:254)
	at org.eclipse.core.internal.events.BuildManager.basicBuild(BuildManager.java:311)
	at org.eclipse.core.internal.events.BuildManager$1.run(BuildManager.java:400)
	at org.eclipse.core.runtime.SafeRunner.run(SafeRunner.java:45)
	at org.eclipse.core.internal.events.BuildManager.basicBuild(BuildManager.java:403)
	at org.eclipse.core.internal.events.BuildManager.basicBuildLoop(BuildManager.java:514)
	at org.eclipse.core.internal.events.BuildManager.basicBuildLoop(BuildManager.java:462)
	at org.eclipse.core.internal.events.BuildManager.build(BuildManager.java:544)
	at org.eclipse.core.internal.events.AutoBuildJob.doBuild(AutoBuildJob.java:161)
	at org.eclipse.core.internal.events.AutoBuildJob.run(AutoBuildJob.java:255)
	at org.eclipse.core.internal.jobs.Worker.run(Worker.java:63)
Caused by: com.google.inject.OutOfScopeException: Cannot access Key[type=org.apache.maven.project.MavenProject, annotation=[none]] outside of a scoping block
	at org.apache.maven.execution.scope.internal.MojoExecutionScope$2.get(MojoExecutionScope.java:122)
	at com.google.inject.internal.InternalFactoryToProviderAdapter.get(InternalFactoryToProviderAdapter.java:39)
	at com.google.inject.internal.SingleParameterInjector.inject(SingleParameterInjector.java:42)
	at com.google.inject.internal.SingleParameterInjector.getAll(SingleParameterInjector.java:65)
	at com.google.inject.internal.ConstructorInjector.provision(ConstructorInjector.java:113)
	at com.google.inject.internal.ConstructorInjector.access$000(ConstructorInjector.java:32)
	at com.google.inject.internal.ConstructorInjector$1.call(ConstructorInjector.java:98)
	at com.google.inject.internal.ProvisionListenerStackCallback$Provision.provision(ProvisionListenerStackCallback.java:112)
	at com.google.inject.internal.ProvisionListenerStackCallback$Provision.provision(ProvisionListenerStackCallback.java:127)
	at com.google.inject.internal.ProvisionListenerStackCallback.provision(ProvisionListenerStackCallback.java:66)
	at com.google.inject.internal.ConstructorInjector.construct(ConstructorInjector.java:93)
	at com.google.inject.internal.ConstructorBindingImpl$Factory.get(ConstructorBindingImpl.java:306)
	at com.google.inject.internal.InjectorImpl$1.get(InjectorImpl.java:1050)
	... 47 common frames omitted
2026-08-04 03:42:30,669 [Worker-0: Building] INFO  o.a.m.s.f.DefaultMavenResourcesFiltering - Copying 0 resource from src\main\resources to target\classes
2026-08-04 03:42:30,673 [Worker-0: Building] INFO  o.a.m.s.f.DefaultMavenResourcesFiltering - Copying 0 resource from src\main\resources to target\classes
2026-08-04 03:42:30,677 [Worker-0: Building] INFO  o.a.m.s.f.DefaultMavenResourcesFiltering - Copying 0 resource from src\test\resources to target\test-classes
2026-08-04 03:42:30,701 [Worker-0: Building] WARN  Sisu - Error injecting: org.apache.maven.plugins.jar.JarMojo
com.google.inject.ProvisionException: Unable to provision, see the following errors:

1) Error in custom provider, com.google.inject.OutOfScopeException: Cannot access Key[type=org.apache.maven.project.MavenProject, annotation=[none]] outside of a scoping block
  at org.apache.maven.execution.scope.internal.MojoExecutionScopeModule.configure(MojoExecutionScopeModule.java:55) (via modules: org.eclipse.sisu.wire.WireModule -> org.apache.maven.execution.scope.internal.MojoExecutionScopeModule)
  while locating org.apache.maven.project.MavenProject
    for the 1st parameter of org.apache.maven.plugins.jar.JarMojo.<init>(Unknown Source)
  while locating org.apache.maven.plugins.jar.JarMojo

1 error
	at com.google.inject.internal.InternalProvisionException.toProvisionException(InternalProvisionException.java:226)
	at com.google.inject.internal.InjectorImpl$1.get(InjectorImpl.java:1053)
	at com.google.inject.internal.InjectorImpl.getInstance(InjectorImpl.java:1086)
	at org.eclipse.sisu.space.AbstractDeferredClass.get(AbstractDeferredClass.java:48)
	at com.google.inject.internal.ProviderInternalFactory.provision(ProviderInternalFactory.java:85)
	at com.google.inject.internal.InternalFactoryToInitializableAdapter.provision(InternalFactoryToInitializableAdapter.java:57)
	at com.google.inject.internal.ProviderInternalFactory$1.call(ProviderInternalFactory.java:66)
	at com.google.inject.internal.ProvisionListenerStackCallback$Provision.provision(ProvisionListenerStackCallback.java:112)
	at com.google.inject.internal.ProvisionListenerStackCallback$Provision.provision(ProvisionListenerStackCallback.java:127)
	at com.google.inject.internal.ProvisionListenerStackCallback.provision(ProvisionListenerStackCallback.java:66)
	at com.google.inject.internal.ProviderInternalFactory.circularGet(ProviderInternalFactory.java:61)
	at com.google.inject.internal.InternalFactoryToInitializableAdapter.get(InternalFactoryToInitializableAdapter.java:47)
	at com.google.inject.internal.InjectorImpl$1.get(InjectorImpl.java:1050)
	at org.eclipse.sisu.inject.Guice4$1.get(Guice4.java:162)
	at org.eclipse.sisu.inject.LazyBeanEntry.getValue(LazyBeanEntry.java:81)
	at org.eclipse.sisu.plexus.LazyPlexusBean.getValue(LazyPlexusBean.java:51)
	at org.codehaus.plexus.DefaultPlexusContainer.lookup(DefaultPlexusContainer.java:263)
	at org.codehaus.plexus.DefaultPlexusContainer.lookup(DefaultPlexusContainer.java:255)
	at org.apache.maven.plugin.internal.DefaultMavenPluginManager.getConfiguredMojo(DefaultMavenPluginManager.java:520)
	at org.eclipse.m2e.core.internal.embedder.MavenImpl.getConfiguredMojo(MavenImpl.java:359)
	at org.sonatype.m2e.mavenarchiver.internal.AbstractMavenArchiverConfigurator.reflectManifestGeneration(AbstractMavenArchiverConfigurator.java:469)
	at org.sonatype.m2e.mavenarchiver.internal.AbstractMavenArchiverConfigurator.generateManifest(AbstractMavenArchiverConfigurator.java:422)
	at org.sonatype.m2e.mavenarchiver.internal.AbstractMavenArchiverConfigurator.mavenProjectChanged(AbstractMavenArchiverConfigurator.java:227)
	at org.sonatype.m2e.mavenarchiver.internal.AbstractMavenArchiverConfigurator$1.build(AbstractMavenArchiverConfigurator.java:167)
	at org.eclipse.m2e.core.internal.builder.MavenBuilderImpl.build(MavenBuilderImpl.java:135)
	at org.eclipse.m2e.core.internal.builder.MavenBuilder$1.method(MavenBuilder.java:169)
	at org.eclipse.m2e.core.internal.builder.MavenBuilder$1.method(MavenBuilder.java:1)
	at org.eclipse.m2e.core.internal.builder.MavenBuilder$BuildMethod.lambda$1(MavenBuilder.java:114)
	at org.eclipse.m2e.core.internal.embedder.MavenExecutionContext.executeBare(MavenExecutionContext.java:182)
	at org.eclipse.m2e.core.internal.embedder.MavenExecutionContext.execute(MavenExecutionContext.java:117)
	at org.eclipse.m2e.core.internal.builder.MavenBuilder$BuildMethod.lambda$0(MavenBuilder.java:105)
	at org.eclipse.m2e.core.internal.embedder.MavenExecutionContext.executeBare(MavenExecutionContext.java:182)
	at org.eclipse.m2e.core.internal.embedder.MavenExecutionContext.execute(MavenExecutionContext.java:156)
	at org.eclipse.m2e.core.internal.embedder.MavenExecutionContext.execute(MavenExecutionContext.java:103)
	at org.eclipse.m2e.core.internal.builder.MavenBuilder$BuildMethod.execute(MavenBuilder.java:88)
	at org.eclipse.m2e.core.internal.builder.MavenBuilder.build(MavenBuilder.java:198)
	at org.eclipse.core.internal.events.BuildManager$2.run(BuildManager.java:1024)
	at org.eclipse.core.runtime.SafeRunner.run(SafeRunner.java:45)
	at org.eclipse.core.internal.events.BuildManager.basicBuild(BuildManager.java:254)
	at org.eclipse.core.internal.events.BuildManager.basicBuild(BuildManager.java:311)
	at org.eclipse.core.internal.events.BuildManager$1.run(BuildManager.java:400)
	at org.eclipse.core.runtime.SafeRunner.run(SafeRunner.java:45)
	at org.eclipse.core.internal.events.BuildManager.basicBuild(BuildManager.java:403)
	at org.eclipse.core.internal.events.BuildManager.basicBuildLoop(BuildManager.java:514)
	at org.eclipse.core.internal.events.BuildManager.basicBuildLoop(BuildManager.java:462)
	at org.eclipse.core.internal.events.BuildManager.build(BuildManager.java:544)
	at org.eclipse.core.internal.events.AutoBuildJob.doBuild(AutoBuildJob.java:161)
	at org.eclipse.core.internal.events.AutoBuildJob.run(AutoBuildJob.java:255)
	at org.eclipse.core.internal.jobs.Worker.run(Worker.java:63)
Caused by: com.google.inject.OutOfScopeException: Cannot access Key[type=org.apache.maven.project.MavenProject, annotation=[none]] outside of a scoping block
	at org.apache.maven.execution.scope.internal.MojoExecutionScope$2.get(MojoExecutionScope.java:122)
	at com.google.inject.internal.InternalFactoryToProviderAdapter.get(InternalFactoryToProviderAdapter.java:39)
	at com.google.inject.internal.SingleParameterInjector.inject(SingleParameterInjector.java:42)
	at com.google.inject.internal.SingleParameterInjector.getAll(SingleParameterInjector.java:65)
	at com.google.inject.internal.ConstructorInjector.provision(ConstructorInjector.java:113)
	at com.google.inject.internal.ConstructorInjector.access$000(ConstructorInjector.java:32)
	at com.google.inject.internal.ConstructorInjector$1.call(ConstructorInjector.java:98)
	at com.google.inject.internal.ProvisionListenerStackCallback$Provision.provision(ProvisionListenerStackCallback.java:112)
	at com.google.inject.internal.ProvisionListenerStackCallback$Provision.provision(ProvisionListenerStackCallback.java:127)
	at com.google.inject.internal.ProvisionListenerStackCallback.provision(ProvisionListenerStackCallback.java:66)
	at com.google.inject.internal.ConstructorInjector.construct(ConstructorInjector.java:93)
	at com.google.inject.internal.ConstructorBindingImpl$Factory.get(ConstructorBindingImpl.java:306)
	at com.google.inject.internal.InjectorImpl$1.get(InjectorImpl.java:1050)
	... 47 common frames omitted
2026-08-04 03:45:51,039 [Worker-18: Building] INFO  o.a.m.s.f.DefaultMavenResourcesFiltering - Copying 0 resource from src\main\resources to target\classes
2026-08-04 03:45:51,041 [Worker-18: Building] INFO  o.a.m.s.f.DefaultMavenResourcesFiltering - Copying 0 resource from src\main\resources to target\classes
2026-08-04 03:45:51,044 [Worker-18: Building] INFO  o.a.m.s.f.DefaultMavenResourcesFiltering - Copying 0 resource from src\test\resources to target\test-classes
2026-08-04 03:45:51,055 [Worker-18: Building] WARN  Sisu - Error injecting: org.apache.maven.plugins.jar.JarMojo
com.google.inject.ProvisionException: Unable to provision, see the following errors:

1) Error in custom provider, com.google.inject.OutOfScopeException: Cannot access Key[type=org.apache.maven.project.MavenProject, annotation=[none]] outside of a scoping block
  at org.apache.maven.execution.scope.internal.MojoExecutionScopeModule.configure(MojoExecutionScopeModule.java:55) (via modules: org.eclipse.sisu.wire.WireModule -> org.apache.maven.execution.scope.internal.MojoExecutionScopeModule)
  while locating org.apache.maven.project.MavenProject
    for the 1st parameter of org.apache.maven.plugins.jar.JarMojo.<init>(Unknown Source)
  while locating org.apache.maven.plugins.jar.JarMojo

1 error
	at com.google.inject.internal.InternalProvisionException.toProvisionException(InternalProvisionException.java:226)
	at com.google.inject.internal.InjectorImpl$1.get(InjectorImpl.java:1053)
	at com.google.inject.internal.InjectorImpl.getInstance(InjectorImpl.java:1086)
	at org.eclipse.sisu.space.AbstractDeferredClass.get(AbstractDeferredClass.java:48)
	at com.google.inject.internal.ProviderInternalFactory.provision(ProviderInternalFactory.java:85)
	at com.google.inject.internal.InternalFactoryToInitializableAdapter.provision(InternalFactoryToInitializableAdapter.java:57)
	at com.google.inject.internal.ProviderInternalFactory$1.call(ProviderInternalFactory.java:66)
	at com.google.inject.internal.ProvisionListenerStackCallback$Provision.provision(ProvisionListenerStackCallback.java:112)
	at com.google.inject.internal.ProvisionListenerStackCallback$Provision.provision(ProvisionListenerStackCallback.java:127)
	at com.google.inject.internal.ProvisionListenerStackCallback.provision(ProvisionListenerStackCallback.java:66)
	at com.google.inject.internal.ProviderInternalFactory.circularGet(ProviderInternalFactory.java:61)
	at com.google.inject.internal.InternalFactoryToInitializableAdapter.get(InternalFactoryToInitializableAdapter.java:47)
	at com.google.inject.internal.InjectorImpl$1.get(InjectorImpl.java:1050)
	at org.eclipse.sisu.inject.Guice4$1.get(Guice4.java:162)
	at org.eclipse.sisu.inject.LazyBeanEntry.getValue(LazyBeanEntry.java:81)
	at org.eclipse.sisu.plexus.LazyPlexusBean.getValue(LazyPlexusBean.java:51)
	at org.codehaus.plexus.DefaultPlexusContainer.lookup(DefaultPlexusContainer.java:263)
	at org.codehaus.plexus.DefaultPlexusContainer.lookup(DefaultPlexusContainer.java:255)
	at org.apache.maven.plugin.internal.DefaultMavenPluginManager.getConfiguredMojo(DefaultMavenPluginManager.java:520)
	at org.eclipse.m2e.core.internal.embedder.MavenImpl.getConfiguredMojo(MavenImpl.java:359)
	at org.sonatype.m2e.mavenarchiver.internal.AbstractMavenArchiverConfigurator.reflectManifestGeneration(AbstractMavenArchiverConfigurator.java:469)
	at org.sonatype.m2e.mavenarchiver.internal.AbstractMavenArchiverConfigurator.generateManifest(AbstractMavenArchiverConfigurator.java:422)
	at org.sonatype.m2e.mavenarchiver.internal.AbstractMavenArchiverConfigurator.mavenProjectChanged(AbstractMavenArchiverConfigurator.java:227)
	at org.sonatype.m2e.mavenarchiver.internal.AbstractMavenArchiverConfigurator$1.build(AbstractMavenArchiverConfigurator.java:167)
	at org.eclipse.m2e.core.internal.builder.MavenBuilderImpl.build(MavenBuilderImpl.java:135)
	at org.eclipse.m2e.core.internal.builder.MavenBuilder$1.method(MavenBuilder.java:169)
	at org.eclipse.m2e.core.internal.builder.MavenBuilder$1.method(MavenBuilder.java:1)
	at org.eclipse.m2e.core.internal.builder.MavenBuilder$BuildMethod.lambda$1(MavenBuilder.java:114)
	at org.eclipse.m2e.core.internal.embedder.MavenExecutionContext.executeBare(MavenExecutionContext.java:182)
	at org.eclipse.m2e.core.internal.embedder.MavenExecutionContext.execute(MavenExecutionContext.java:117)
	at org.eclipse.m2e.core.internal.builder.MavenBuilder$BuildMethod.lambda$0(MavenBuilder.java:105)
	at org.eclipse.m2e.core.internal.embedder.MavenExecutionContext.executeBare(MavenExecutionContext.java:182)
	at org.eclipse.m2e.core.internal.embedder.MavenExecutionContext.execute(MavenExecutionContext.java:156)
	at org.eclipse.m2e.core.internal.embedder.MavenExecutionContext.execute(MavenExecutionContext.java:103)
	at org.eclipse.m2e.core.internal.builder.MavenBuilder$BuildMethod.execute(MavenBuilder.java:88)
	at org.eclipse.m2e.core.internal.builder.MavenBuilder.build(MavenBuilder.java:198)
	at org.eclipse.core.internal.events.BuildManager$2.run(BuildManager.java:1024)
	at org.eclipse.core.runtime.SafeRunner.run(SafeRunner.java:45)
	at org.eclipse.core.internal.events.BuildManager.basicBuild(BuildManager.java:254)
	at org.eclipse.core.internal.events.BuildManager.basicBuild(BuildManager.java:311)
	at org.eclipse.core.internal.events.BuildManager$1.run(BuildManager.java:400)
	at org.eclipse.core.runtime.SafeRunner.run(SafeRunner.java:45)
	at org.eclipse.core.internal.events.BuildManager.basicBuild(BuildManager.java:403)
	at org.eclipse.core.internal.events.BuildManager.basicBuildLoop(BuildManager.java:514)
	at org.eclipse.core.internal.events.BuildManager.basicBuildLoop(BuildManager.java:462)
	at org.eclipse.core.internal.events.BuildManager.build(BuildManager.java:544)
	at org.eclipse.core.internal.events.AutoBuildJob.doBuild(AutoBuildJob.java:161)
	at org.eclipse.core.internal.events.AutoBuildJob.run(AutoBuildJob.java:255)
	at org.eclipse.core.internal.jobs.Worker.run(Worker.java:63)
Caused by: com.google.inject.OutOfScopeException: Cannot access Key[type=org.apache.maven.project.MavenProject, annotation=[none]] outside of a scoping block
	at org.apache.maven.execution.scope.internal.MojoExecutionScope$2.get(MojoExecutionScope.java:122)
	at com.google.inject.internal.InternalFactoryToProviderAdapter.get(InternalFactoryToProviderAdapter.java:39)
	at com.google.inject.internal.SingleParameterInjector.inject(SingleParameterInjector.java:42)
	at com.google.inject.internal.SingleParameterInjector.getAll(SingleParameterInjector.java:65)
	at com.google.inject.internal.ConstructorInjector.provision(ConstructorInjector.java:113)
	at com.google.inject.internal.ConstructorInjector.access$000(ConstructorInjector.java:32)
	at com.google.inject.internal.ConstructorInjector$1.call(ConstructorInjector.java:98)
	at com.google.inject.internal.ProvisionListenerStackCallback$Provision.provision(ProvisionListenerStackCallback.java:112)
	at com.google.inject.internal.ProvisionListenerStackCallback$Provision.provision(ProvisionListenerStackCallback.java:127)
	at com.google.inject.internal.ProvisionListenerStackCallback.provision(ProvisionListenerStackCallback.java:66)
	at com.google.inject.internal.ConstructorInjector.construct(ConstructorInjector.java:93)
	at com.google.inject.internal.ConstructorBindingImpl$Factory.get(ConstructorBindingImpl.java:306)
	at com.google.inject.internal.InjectorImpl$1.get(InjectorImpl.java:1050)
	... 47 common frames omitted
2026-08-04 03:57:49,553 [Worker-23: Building] INFO  o.a.m.s.f.DefaultMavenResourcesFiltering - Copying 0 resource from src\main\resources to target\classes
2026-08-04 03:57:49,557 [Worker-23: Building] INFO  o.a.m.s.f.DefaultMavenResourcesFiltering - Copying 0 resource from src\main\resources to target\classes
2026-08-04 03:57:49,562 [Worker-23: Building] INFO  o.a.m.s.f.DefaultMavenResourcesFiltering - Copying 0 resource from src\test\resources to target\test-classes
2026-08-04 03:57:49,582 [Worker-23: Building] WARN  Sisu - Error injecting: org.apache.maven.plugins.jar.JarMojo
com.google.inject.ProvisionException: Unable to provision, see the following errors:

1) Error in custom provider, com.google.inject.OutOfScopeException: Cannot access Key[type=org.apache.maven.project.MavenProject, annotation=[none]] outside of a scoping block
  at org.apache.maven.execution.scope.internal.MojoExecutionScopeModule.configure(MojoExecutionScopeModule.java:55) (via modules: org.eclipse.sisu.wire.WireModule -> org.apache.maven.execution.scope.internal.MojoExecutionScopeModule)
  while locating org.apache.maven.project.MavenProject
    for the 1st parameter of org.apache.maven.plugins.jar.JarMojo.<init>(Unknown Source)
  while locating org.apache.maven.plugins.jar.JarMojo

1 error
	at com.google.inject.internal.InternalProvisionException.toProvisionException(InternalProvisionException.java:226)
	at com.google.inject.internal.InjectorImpl$1.get(InjectorImpl.java:1053)
	at com.google.inject.internal.InjectorImpl.getInstance(InjectorImpl.java:1086)
	at org.eclipse.sisu.space.AbstractDeferredClass.get(AbstractDeferredClass.java:48)
	at com.google.inject.internal.ProviderInternalFactory.provision(ProviderInternalFactory.java:85)
	at com.google.inject.internal.InternalFactoryToInitializableAdapter.provision(InternalFactoryToInitializableAdapter.java:57)
	at com.google.inject.internal.ProviderInternalFactory$1.call(ProviderInternalFactory.java:66)
	at com.google.inject.internal.ProvisionListenerStackCallback$Provision.provision(ProvisionListenerStackCallback.java:112)
	at com.google.inject.internal.ProvisionListenerStackCallback$Provision.provision(ProvisionListenerStackCallback.java:127)
	at com.google.inject.internal.ProvisionListenerStackCallback.provision(ProvisionListenerStackCallback.java:66)
	at com.google.inject.internal.ProviderInternalFactory.circularGet(ProviderInternalFactory.java:61)
	at com.google.inject.internal.InternalFactoryToInitializableAdapter.get(InternalFactoryToInitializableAdapter.java:47)
	at com.google.inject.internal.InjectorImpl$1.get(InjectorImpl.java:1050)
	at org.eclipse.sisu.inject.Guice4$1.get(Guice4.java:162)
	at org.eclipse.sisu.inject.LazyBeanEntry.getValue(LazyBeanEntry.java:81)
	at org.eclipse.sisu.plexus.LazyPlexusBean.getValue(LazyPlexusBean.java:51)
	at org.codehaus.plexus.DefaultPlexusContainer.lookup(DefaultPlexusContainer.java:263)
	at org.codehaus.plexus.DefaultPlexusContainer.lookup(DefaultPlexusContainer.java:255)
	at org.apache.maven.plugin.internal.DefaultMavenPluginManager.getConfiguredMojo(DefaultMavenPluginManager.java:520)
	at org.eclipse.m2e.core.internal.embedder.MavenImpl.getConfiguredMojo(MavenImpl.java:359)
	at org.sonatype.m2e.mavenarchiver.internal.AbstractMavenArchiverConfigurator.reflectManifestGeneration(AbstractMavenArchiverConfigurator.java:469)
	at org.sonatype.m2e.mavenarchiver.internal.AbstractMavenArchiverConfigurator.generateManifest(AbstractMavenArchiverConfigurator.java:422)
	at org.sonatype.m2e.mavenarchiver.internal.AbstractMavenArchiverConfigurator.mavenProjectChanged(AbstractMavenArchiverConfigurator.java:227)
	at org.sonatype.m2e.mavenarchiver.internal.AbstractMavenArchiverConfigurator$1.build(AbstractMavenArchiverConfigurator.java:167)
	at org.eclipse.m2e.core.internal.builder.MavenBuilderImpl.build(MavenBuilderImpl.java:135)
	at org.eclipse.m2e.core.internal.builder.MavenBuilder$1.method(MavenBuilder.java:169)
	at org.eclipse.m2e.core.internal.builder.MavenBuilder$1.method(MavenBuilder.java:1)
	at org.eclipse.m2e.core.internal.builder.MavenBuilder$BuildMethod.lambda$1(MavenBuilder.java:114)
	at org.eclipse.m2e.core.internal.embedder.MavenExecutionContext.executeBare(MavenExecutionContext.java:182)
	at org.eclipse.m2e.core.internal.embedder.MavenExecutionContext.execute(MavenExecutionContext.java:117)
	at org.eclipse.m2e.core.internal.builder.MavenBuilder$BuildMethod.lambda$0(MavenBuilder.java:105)
	at org.eclipse.m2e.core.internal.embedder.MavenExecutionContext.executeBare(MavenExecutionContext.java:182)
	at org.eclipse.m2e.core.internal.embedder.MavenExecutionContext.execute(MavenExecutionContext.java:156)
	at org.eclipse.m2e.core.internal.embedder.MavenExecutionContext.execute(MavenExecutionContext.java:103)
	at org.eclipse.m2e.core.internal.builder.MavenBuilder$BuildMethod.execute(MavenBuilder.java:88)
	at org.eclipse.m2e.core.internal.builder.MavenBuilder.build(MavenBuilder.java:198)
	at org.eclipse.core.internal.events.BuildManager$2.run(BuildManager.java:1024)
	at org.eclipse.core.runtime.SafeRunner.run(SafeRunner.java:45)
	at org.eclipse.core.internal.events.BuildManager.basicBuild(BuildManager.java:254)
	at org.eclipse.core.internal.events.BuildManager.basicBuild(BuildManager.java:311)
	at org.eclipse.core.internal.events.BuildManager$1.run(BuildManager.java:400)
	at org.eclipse.core.runtime.SafeRunner.run(SafeRunner.java:45)
	at org.eclipse.core.internal.events.BuildManager.basicBuild(BuildManager.java:403)
	at org.eclipse.core.internal.events.BuildManager.basicBuildLoop(BuildManager.java:514)
	at org.eclipse.core.internal.events.BuildManager.basicBuildLoop(BuildManager.java:462)
	at org.eclipse.core.internal.events.BuildManager.build(BuildManager.java:544)
	at org.eclipse.core.internal.events.AutoBuildJob.doBuild(AutoBuildJob.java:161)
	at org.eclipse.core.internal.events.AutoBuildJob.run(AutoBuildJob.java:255)
	at org.eclipse.core.internal.jobs.Worker.run(Worker.java:63)
Caused by: com.google.inject.OutOfScopeException: Cannot access Key[type=org.apache.maven.project.MavenProject, annotation=[none]] outside of a scoping block
	at org.apache.maven.execution.scope.internal.MojoExecutionScope$2.get(MojoExecutionScope.java:122)
	at com.google.inject.internal.InternalFactoryToProviderAdapter.get(InternalFactoryToProviderAdapter.java:39)
	at com.google.inject.internal.SingleParameterInjector.inject(SingleParameterInjector.java:42)
	at com.google.inject.internal.SingleParameterInjector.getAll(SingleParameterInjector.java:65)
	at com.google.inject.internal.ConstructorInjector.provision(ConstructorInjector.java:113)
	at com.google.inject.internal.ConstructorInjector.access$000(ConstructorInjector.java:32)
	at com.google.inject.internal.ConstructorInjector$1.call(ConstructorInjector.java:98)
	at com.google.inject.internal.ProvisionListenerStackCallback$Provision.provision(ProvisionListenerStackCallback.java:112)
	at com.google.inject.internal.ProvisionListenerStackCallback$Provision.provision(ProvisionListenerStackCallback.java:127)
	at com.google.inject.internal.ProvisionListenerStackCallback.provision(ProvisionListenerStackCallback.java:66)
	at com.google.inject.internal.ConstructorInjector.construct(ConstructorInjector.java:93)
	at com.google.inject.internal.ConstructorBindingImpl$Factory.get(ConstructorBindingImpl.java:306)
	at com.google.inject.internal.InjectorImpl$1.get(InjectorImpl.java:1050)
	... 47 common frames omitted
2026-08-04 08:06:07,231 [Worker-3: Loading available Gradle versions] INFO  o.e.b.c.i.u.g.PublishedGradleVersions - Gradle version information cache is up-to-date. Trying to read.
2026-08-04 08:17:03,293 [Worker-12: Building] INFO  o.a.m.s.f.DefaultMavenResourcesFiltering - Copying 3 resources from src\main\resources to target\classes
2026-08-04 08:17:03,362 [Worker-12: Building] INFO  o.a.m.s.f.DefaultMavenResourcesFiltering - Copying 3 resources from src\main\resources to target\classes
2026-08-04 08:17:03,422 [Worker-12: Building] INFO  o.a.m.s.f.DefaultMavenResourcesFiltering - Copying 1 resource from src\test\resources to target\test-classes
2026-08-04 08:17:05,799 [Worker-12: Building] WARN  Sisu - Error injecting: org.apache.maven.plugins.jar.JarMojo
com.google.inject.ProvisionException: Unable to provision, see the following errors:

1) Error in custom provider, com.google.inject.OutOfScopeException: Cannot access Key[type=org.apache.maven.project.MavenProject, annotation=[none]] outside of a scoping block
  at org.apache.maven.execution.scope.internal.MojoExecutionScopeModule.configure(MojoExecutionScopeModule.java:55) (via modules: org.eclipse.sisu.wire.WireModule -> org.apache.maven.execution.scope.internal.MojoExecutionScopeModule)
  while locating org.apache.maven.project.MavenProject
    for the 1st parameter of org.apache.maven.plugins.jar.JarMojo.<init>(Unknown Source)
  while locating org.apache.maven.plugins.jar.JarMojo

1 error
	at com.google.inject.internal.InternalProvisionException.toProvisionException(InternalProvisionException.java:226)
	at com.google.inject.internal.InjectorImpl$1.get(InjectorImpl.java:1053)
	at com.google.inject.internal.InjectorImpl.getInstance(InjectorImpl.java:1086)
	at org.eclipse.sisu.space.AbstractDeferredClass.get(AbstractDeferredClass.java:48)
	at com.google.inject.internal.ProviderInternalFactory.provision(ProviderInternalFactory.java:85)
	at com.google.inject.internal.InternalFactoryToInitializableAdapter.provision(InternalFactoryToInitializableAdapter.java:57)
	at com.google.inject.internal.ProviderInternalFactory$1.call(ProviderInternalFactory.java:66)
	at com.google.inject.internal.ProvisionListenerStackCallback$Provision.provision(ProvisionListenerStackCallback.java:112)
	at com.google.inject.internal.ProvisionListenerStackCallback$Provision.provision(ProvisionListenerStackCallback.java:127)
	at com.google.inject.internal.ProvisionListenerStackCallback.provision(ProvisionListenerStackCallback.java:66)
	at com.google.inject.internal.ProviderInternalFactory.circularGet(ProviderInternalFactory.java:61)
	at com.google.inject.internal.InternalFactoryToInitializableAdapter.get(InternalFactoryToInitializableAdapter.java:47)
	at com.google.inject.internal.InjectorImpl$1.get(InjectorImpl.java:1050)
	at org.eclipse.sisu.inject.Guice4$1.get(Guice4.java:162)
	at org.eclipse.sisu.inject.LazyBeanEntry.getValue(LazyBeanEntry.java:81)
	at org.eclipse.sisu.plexus.LazyPlexusBean.getValue(LazyPlexusBean.java:51)
	at org.codehaus.plexus.DefaultPlexusContainer.lookup(DefaultPlexusContainer.java:263)
	at org.codehaus.plexus.DefaultPlexusContainer.lookup(DefaultPlexusContainer.java:255)
	at org.apache.maven.plugin.internal.DefaultMavenPluginManager.getConfiguredMojo(DefaultMavenPluginManager.java:520)
	at org.eclipse.m2e.core.internal.embedder.MavenImpl.getConfiguredMojo(MavenImpl.java:359)
	at org.sonatype.m2e.mavenarchiver.internal.AbstractMavenArchiverConfigurator.reflectManifestGeneration(AbstractMavenArchiverConfigurator.java:469)
	at org.sonatype.m2e.mavenarchiver.internal.AbstractMavenArchiverConfigurator.generateManifest(AbstractMavenArchiverConfigurator.java:422)
	at org.sonatype.m2e.mavenarchiver.internal.AbstractMavenArchiverConfigurator.mavenProjectChanged(AbstractMavenArchiverConfigurator.java:227)
	at org.sonatype.m2e.mavenarchiver.internal.AbstractMavenArchiverConfigurator$1.build(AbstractMavenArchiverConfigurator.java:167)
	at org.eclipse.m2e.core.internal.builder.MavenBuilderImpl.build(MavenBuilderImpl.java:135)
	at org.eclipse.m2e.core.internal.builder.MavenBuilder$1.method(MavenBuilder.java:169)
	at org.eclipse.m2e.core.internal.builder.MavenBuilder$1.method(MavenBuilder.java:1)
	at org.eclipse.m2e.core.internal.builder.MavenBuilder$BuildMethod.lambda$1(MavenBuilder.java:114)
	at org.eclipse.m2e.core.internal.embedder.MavenExecutionContext.executeBare(MavenExecutionContext.java:182)
	at org.eclipse.m2e.core.internal.embedder.MavenExecutionContext.execute(MavenExecutionContext.java:117)
	at org.eclipse.m2e.core.internal.builder.MavenBuilder$BuildMethod.lambda$0(MavenBuilder.java:105)
	at org.eclipse.m2e.core.internal.embedder.MavenExecutionContext.executeBare(MavenExecutionContext.java:182)
	at org.eclipse.m2e.core.internal.embedder.MavenExecutionContext.execute(MavenExecutionContext.java:156)
	at org.eclipse.m2e.core.internal.embedder.MavenExecutionContext.execute(MavenExecutionContext.java:103)
	at org.eclipse.m2e.core.internal.builder.MavenBuilder$BuildMethod.execute(MavenBuilder.java:88)
	at org.eclipse.m2e.core.internal.builder.MavenBuilder.build(MavenBuilder.java:198)
	at org.eclipse.core.internal.events.BuildManager$2.run(BuildManager.java:1024)
	at org.eclipse.core.runtime.SafeRunner.run(SafeRunner.java:45)
	at org.eclipse.core.internal.events.BuildManager.basicBuild(BuildManager.java:254)
	at org.eclipse.core.internal.events.BuildManager.basicBuild(BuildManager.java:311)
	at org.eclipse.core.internal.events.BuildManager$1.run(BuildManager.java:400)
	at org.eclipse.core.runtime.SafeRunner.run(SafeRunner.java:45)
	at org.eclipse.core.internal.events.BuildManager.basicBuild(BuildManager.java:403)
	at org.eclipse.core.internal.events.BuildManager.basicBuildLoop(BuildManager.java:514)
	at org.eclipse.core.internal.events.BuildManager.basicBuildLoop(BuildManager.java:462)
	at org.eclipse.core.internal.events.BuildManager.build(BuildManager.java:544)
	at org.eclipse.core.internal.events.AutoBuildJob.doBuild(AutoBuildJob.java:161)
	at org.eclipse.core.internal.events.AutoBuildJob.run(AutoBuildJob.java:255)
	at org.eclipse.core.internal.jobs.Worker.run(Worker.java:63)
Caused by: com.google.inject.OutOfScopeException: Cannot access Key[type=org.apache.maven.project.MavenProject, annotation=[none]] outside of a scoping block
	at org.apache.maven.execution.scope.internal.MojoExecutionScope$2.get(MojoExecutionScope.java:122)
	at com.google.inject.internal.InternalFactoryToProviderAdapter.get(InternalFactoryToProviderAdapter.java:39)
	at com.google.inject.internal.SingleParameterInjector.inject(SingleParameterInjector.java:42)
	at com.google.inject.internal.SingleParameterInjector.getAll(SingleParameterInjector.java:65)
	at com.google.inject.internal.ConstructorInjector.provision(ConstructorInjector.java:113)
	at com.google.inject.internal.ConstructorInjector.access$000(ConstructorInjector.java:32)
	at com.google.inject.internal.ConstructorInjector$1.call(ConstructorInjector.java:98)
	at com.google.inject.internal.ProvisionListenerStackCallback$Provision.provision(ProvisionListenerStackCallback.java:112)
	at com.google.inject.internal.ProvisionListenerStackCallback$Provision.provision(ProvisionListenerStackCallback.java:127)
	at com.google.inject.internal.ProvisionListenerStackCallback.provision(ProvisionListenerStackCallback.java:66)
	at com.google.inject.internal.ConstructorInjector.construct(ConstructorInjector.java:93)
	at com.google.inject.internal.ConstructorBindingImpl$Factory.get(ConstructorBindingImpl.java:306)
	at com.google.inject.internal.InjectorImpl$1.get(InjectorImpl.java:1050)
	... 47 common frames omitted
2026-08-04 08:23:19,227 [main] INFO  o.e.m2e.actions.ExecutePomAction - Creating new launch configuration
2026-08-04 08:23:51,484 [Worker-7: Launching backend] INFO  o.e.m.i.launch.MavenLaunchDelegate - C:\Users\ADMIN\OneDrive\Documents\Final\backend
2026-08-04 08:23:51,513 [Worker-7: Launching backend] INFO  o.e.m.i.launch.MavenLaunchDelegate -  mvn -B -Dmaven.test.skip=true -DskipTests package -Dstyle.color=always -Dstyle.color=always
2026-08-04 08:23:51,515 [Worker-7: Launching backend] WARN  o.e.m.i.l.MavenLaunchExtensionsSupport - Unknown or unsupported source locator org.eclipse.jdt.internal.launching.sourcelookup.advanced.AdvancedSourceLookupDirector
2026-08-04 08:36:21,003 [Worker-13: Launching Executing clean in C__Users_ADMIN_OneDrive_Documents_Final_backend] INFO  o.e.m.i.launch.MavenLaunchDelegate - C:\Users\ADMIN\OneDrive\Documents\Final\backend
2026-08-04 08:36:21,014 [Worker-13: Launching Executing clean in C__Users_ADMIN_OneDrive_Documents_Final_backend] INFO  o.e.m.i.launch.MavenLaunchDelegate -  mvn -B clean -Dstyle.color=always -Dstyle.color=always
2026-08-04 08:36:31,149 [Worker-17: Building] INFO  o.a.m.s.f.DefaultMavenResourcesFiltering - Copying 3 resources from src\main\resources to target\classes
2026-08-04 08:36:31,230 [Worker-17: Building] INFO  o.a.m.s.f.DefaultMavenResourcesFiltering - Copying 48 resources from src\main\resources to target\classes
2026-08-04 08:36:33,519 [Worker-17: Building] INFO  o.a.m.s.f.DefaultMavenResourcesFiltering - Copying 1 resource from src\test\resources to target\test-classes
2026-08-04 08:36:33,550 [Worker-17: Building] WARN  Sisu - Error injecting: org.apache.maven.plugins.jar.JarMojo
com.google.inject.ProvisionException: Unable to provision, see the following errors:

1) Error in custom provider, com.google.inject.OutOfScopeException: Cannot access Key[type=org.apache.maven.project.MavenProject, annotation=[none]] outside of a scoping block
  at org.apache.maven.execution.scope.internal.MojoExecutionScopeModule.configure(MojoExecutionScopeModule.java:55) (via modules: org.eclipse.sisu.wire.WireModule -> org.apache.maven.execution.scope.internal.MojoExecutionScopeModule)
  while locating org.apache.maven.project.MavenProject
    for the 1st parameter of org.apache.maven.plugins.jar.JarMojo.<init>(Unknown Source)
  while locating org.apache.maven.plugins.jar.JarMojo

1 error
	at com.google.inject.internal.InternalProvisionException.toProvisionException(InternalProvisionException.java:226)
	at com.google.inject.internal.InjectorImpl$1.get(InjectorImpl.java:1053)
	at com.google.inject.internal.InjectorImpl.getInstance(InjectorImpl.java:1086)
	at org.eclipse.sisu.space.AbstractDeferredClass.get(AbstractDeferredClass.java:48)
	at com.google.inject.internal.ProviderInternalFactory.provision(ProviderInternalFactory.java:85)
	at com.google.inject.internal.InternalFactoryToInitializableAdapter.provision(InternalFactoryToInitializableAdapter.java:57)
	at com.google.inject.internal.ProviderInternalFactory$1.call(ProviderInternalFactory.java:66)
	at com.google.inject.internal.ProvisionListenerStackCallback$Provision.provision(ProvisionListenerStackCallback.java:112)
	at com.google.inject.internal.ProvisionListenerStackCallback$Provision.provision(ProvisionListenerStackCallback.java:127)
	at com.google.inject.internal.ProvisionListenerStackCallback.provision(ProvisionListenerStackCallback.java:66)
	at com.google.inject.internal.ProviderInternalFactory.circularGet(ProviderInternalFactory.java:61)
	at com.google.inject.internal.InternalFactoryToInitializableAdapter.get(InternalFactoryToInitializableAdapter.java:47)
	at com.google.inject.internal.InjectorImpl$1.get(InjectorImpl.java:1050)
	at org.eclipse.sisu.inject.Guice4$1.get(Guice4.java:162)
	at org.eclipse.sisu.inject.LazyBeanEntry.getValue(LazyBeanEntry.java:81)
	at org.eclipse.sisu.plexus.LazyPlexusBean.getValue(LazyPlexusBean.java:51)
	at org.codehaus.plexus.DefaultPlexusContainer.lookup(DefaultPlexusContainer.java:263)
	at org.codehaus.plexus.DefaultPlexusContainer.lookup(DefaultPlexusContainer.java:255)
	at org.apache.maven.plugin.internal.DefaultMavenPluginManager.getConfiguredMojo(DefaultMavenPluginManager.java:520)
	at org.eclipse.m2e.core.internal.embedder.MavenImpl.getConfiguredMojo(MavenImpl.java:359)
	at org.sonatype.m2e.mavenarchiver.internal.AbstractMavenArchiverConfigurator.reflectManifestGeneration(AbstractMavenArchiverConfigurator.java:469)
	at org.sonatype.m2e.mavenarchiver.internal.AbstractMavenArchiverConfigurator.generateManifest(AbstractMavenArchiverConfigurator.java:422)
	at org.sonatype.m2e.mavenarchiver.internal.AbstractMavenArchiverConfigurator.mavenProjectChanged(AbstractMavenArchiverConfigurator.java:227)
	at org.sonatype.m2e.mavenarchiver.internal.AbstractMavenArchiverConfigurator$1.build(AbstractMavenArchiverConfigurator.java:167)
	at org.eclipse.m2e.core.internal.builder.MavenBuilderImpl.build(MavenBuilderImpl.java:135)
	at org.eclipse.m2e.core.internal.builder.MavenBuilder$1.method(MavenBuilder.java:169)
	at org.eclipse.m2e.core.internal.builder.MavenBuilder$1.method(MavenBuilder.java:1)
	at org.eclipse.m2e.core.internal.builder.MavenBuilder$BuildMethod.lambda$1(MavenBuilder.java:114)
	at org.eclipse.m2e.core.internal.embedder.MavenExecutionContext.executeBare(MavenExecutionContext.java:182)
	at org.eclipse.m2e.core.internal.embedder.MavenExecutionContext.execute(MavenExecutionContext.java:117)
	at org.eclipse.m2e.core.internal.builder.MavenBuilder$BuildMethod.lambda$0(MavenBuilder.java:105)
	at org.eclipse.m2e.core.internal.embedder.MavenExecutionContext.executeBare(MavenExecutionContext.java:182)
	at org.eclipse.m2e.core.internal.embedder.MavenExecutionContext.execute(MavenExecutionContext.java:156)
	at org.eclipse.m2e.core.internal.embedder.MavenExecutionContext.execute(MavenExecutionContext.java:103)
	at org.eclipse.m2e.core.internal.builder.MavenBuilder$BuildMethod.execute(MavenBuilder.java:88)
	at org.eclipse.m2e.core.internal.builder.MavenBuilder.build(MavenBuilder.java:198)
	at org.eclipse.core.internal.events.BuildManager$2.run(BuildManager.java:1024)
	at org.eclipse.core.runtime.SafeRunner.run(SafeRunner.java:45)
	at org.eclipse.core.internal.events.BuildManager.basicBuild(BuildManager.java:254)
	at org.eclipse.core.internal.events.BuildManager.basicBuild(BuildManager.java:311)
	at org.eclipse.core.internal.events.BuildManager$1.run(BuildManager.java:400)
	at org.eclipse.core.runtime.SafeRunner.run(SafeRunner.java:45)
	at org.eclipse.core.internal.events.BuildManager.basicBuild(BuildManager.java:403)
	at org.eclipse.core.internal.events.BuildManager.basicBuildLoop(BuildManager.java:514)
	at org.eclipse.core.internal.events.BuildManager.basicBuildLoop(BuildManager.java:462)
	at org.eclipse.core.internal.events.BuildManager.build(BuildManager.java:544)
	at org.eclipse.core.internal.events.AutoBuildJob.doBuild(AutoBuildJob.java:161)
	at org.eclipse.core.internal.events.AutoBuildJob.run(AutoBuildJob.java:255)
	at org.eclipse.core.internal.jobs.Worker.run(Worker.java:63)
Caused by: com.google.inject.OutOfScopeException: Cannot access Key[type=org.apache.maven.project.MavenProject, annotation=[none]] outside of a scoping block
	at org.apache.maven.execution.scope.internal.MojoExecutionScope$2.get(MojoExecutionScope.java:122)
	at com.google.inject.internal.InternalFactoryToProviderAdapter.get(InternalFactoryToProviderAdapter.java:39)
	at com.google.inject.internal.SingleParameterInjector.inject(SingleParameterInjector.java:42)
	at com.google.inject.internal.SingleParameterInjector.getAll(SingleParameterInjector.java:65)
	at com.google.inject.internal.ConstructorInjector.provision(ConstructorInjector.java:113)
	at com.google.inject.internal.ConstructorInjector.access$000(ConstructorInjector.java:32)
	at com.google.inject.internal.ConstructorInjector$1.call(ConstructorInjector.java:98)
	at com.google.inject.internal.ProvisionListenerStackCallback$Provision.provision(ProvisionListenerStackCallback.java:112)
	at com.google.inject.internal.ProvisionListenerStackCallback$Provision.provision(ProvisionListenerStackCallback.java:127)
	at com.google.inject.internal.ProvisionListenerStackCallback.provision(ProvisionListenerStackCallback.java:66)
	at com.google.inject.internal.ConstructorInjector.construct(ConstructorInjector.java:93)
	at com.google.inject.internal.ConstructorBindingImpl$Factory.get(ConstructorBindingImpl.java:306)
	at com.google.inject.internal.InjectorImpl$1.get(InjectorImpl.java:1050)
	... 47 common frames omitted
2026-08-04 08:38:19,546 [Worker-13: Building] INFO  o.a.m.s.f.DefaultMavenResourcesFiltering - Copying 1 resource from src\main\resources to target\classes
2026-08-04 08:38:19,578 [Worker-13: Building] INFO  o.a.m.s.f.DefaultMavenResourcesFiltering - Copying 0 resource from src\main\resources to target\classes
2026-08-04 08:38:19,583 [Worker-13: Building] INFO  o.a.m.s.f.DefaultMavenResourcesFiltering - Copying 0 resource from src\test\resources to target\test-classes
2026-08-04 08:38:19,597 [Worker-13: Building] WARN  Sisu - Error injecting: org.apache.maven.plugins.jar.JarMojo
com.google.inject.ProvisionException: Unable to provision, see the following errors:

1) Error in custom provider, com.google.inject.OutOfScopeException: Cannot access Key[type=org.apache.maven.project.MavenProject, annotation=[none]] outside of a scoping block
  at org.apache.maven.execution.scope.internal.MojoExecutionScopeModule.configure(MojoExecutionScopeModule.java:55) (via modules: org.eclipse.sisu.wire.WireModule -> org.apache.maven.execution.scope.internal.MojoExecutionScopeModule)
  while locating org.apache.maven.project.MavenProject
    for the 1st parameter of org.apache.maven.plugins.jar.JarMojo.<init>(Unknown Source)
  while locating org.apache.maven.plugins.jar.JarMojo

1 error
	at com.google.inject.internal.InternalProvisionException.toProvisionException(InternalProvisionException.java:226)
	at com.google.inject.internal.InjectorImpl$1.get(InjectorImpl.java:1053)
	at com.google.inject.internal.InjectorImpl.getInstance(InjectorImpl.java:1086)
	at org.eclipse.sisu.space.AbstractDeferredClass.get(AbstractDeferredClass.java:48)
	at com.google.inject.internal.ProviderInternalFactory.provision(ProviderInternalFactory.java:85)
	at com.google.inject.internal.InternalFactoryToInitializableAdapter.provision(InternalFactoryToInitializableAdapter.java:57)
	at com.google.inject.internal.ProviderInternalFactory$1.call(ProviderInternalFactory.java:66)
	at com.google.inject.internal.ProvisionListenerStackCallback$Provision.provision(ProvisionListenerStackCallback.java:112)
	at com.google.inject.internal.ProvisionListenerStackCallback$Provision.provision(ProvisionListenerStackCallback.java:127)
	at com.google.inject.internal.ProvisionListenerStackCallback.provision(ProvisionListenerStackCallback.java:66)
	at com.google.inject.internal.ProviderInternalFactory.circularGet(ProviderInternalFactory.java:61)
	at com.google.inject.internal.InternalFactoryToInitializableAdapter.get(InternalFactoryToInitializableAdapter.java:47)
	at com.google.inject.internal.InjectorImpl$1.get(InjectorImpl.java:1050)
	at org.eclipse.sisu.inject.Guice4$1.get(Guice4.java:162)
	at org.eclipse.sisu.inject.LazyBeanEntry.getValue(LazyBeanEntry.java:81)
	at org.eclipse.sisu.plexus.LazyPlexusBean.getValue(LazyPlexusBean.java:51)
	at org.codehaus.plexus.DefaultPlexusContainer.lookup(DefaultPlexusContainer.java:263)
	at org.codehaus.plexus.DefaultPlexusContainer.lookup(DefaultPlexusContainer.java:255)
	at org.apache.maven.plugin.internal.DefaultMavenPluginManager.getConfiguredMojo(DefaultMavenPluginManager.java:520)
	at org.eclipse.m2e.core.internal.embedder.MavenImpl.getConfiguredMojo(MavenImpl.java:359)
	at org.sonatype.m2e.mavenarchiver.internal.AbstractMavenArchiverConfigurator.reflectManifestGeneration(AbstractMavenArchiverConfigurator.java:469)
	at org.sonatype.m2e.mavenarchiver.internal.AbstractMavenArchiverConfigurator.generateManifest(AbstractMavenArchiverConfigurator.java:422)
	at org.sonatype.m2e.mavenarchiver.internal.AbstractMavenArchiverConfigurator.mavenProjectChanged(AbstractMavenArchiverConfigurator.java:227)
	at org.sonatype.m2e.mavenarchiver.internal.AbstractMavenArchiverConfigurator$1.build(AbstractMavenArchiverConfigurator.java:167)
	at org.eclipse.m2e.core.internal.builder.MavenBuilderImpl.build(MavenBuilderImpl.java:135)
	at org.eclipse.m2e.core.internal.builder.MavenBuilder$1.method(MavenBuilder.java:169)
	at org.eclipse.m2e.core.internal.builder.MavenBuilder$1.method(MavenBuilder.java:1)
	at org.eclipse.m2e.core.internal.builder.MavenBuilder$BuildMethod.lambda$1(MavenBuilder.java:114)
	at org.eclipse.m2e.core.internal.embedder.MavenExecutionContext.executeBare(MavenExecutionContext.java:182)
	at org.eclipse.m2e.core.internal.embedder.MavenExecutionContext.execute(MavenExecutionContext.java:117)
	at org.eclipse.m2e.core.internal.builder.MavenBuilder$BuildMethod.lambda$0(MavenBuilder.java:105)
	at org.eclipse.m2e.core.internal.embedder.MavenExecutionContext.executeBare(MavenExecutionContext.java:182)
	at org.eclipse.m2e.core.internal.embedder.MavenExecutionContext.execute(MavenExecutionContext.java:156)
	at org.eclipse.m2e.core.internal.embedder.MavenExecutionContext.execute(MavenExecutionContext.java:103)
	at org.eclipse.m2e.core.internal.builder.MavenBuilder$BuildMethod.execute(MavenBuilder.java:88)
	at org.eclipse.m2e.core.internal.builder.MavenBuilder.build(MavenBuilder.java:198)
	at org.eclipse.core.internal.events.BuildManager$2.run(BuildManager.java:1024)
	at org.eclipse.core.runtime.SafeRunner.run(SafeRunner.java:45)
	at org.eclipse.core.internal.events.BuildManager.basicBuild(BuildManager.java:254)
	at org.eclipse.core.internal.events.BuildManager.basicBuild(BuildManager.java:311)
	at org.eclipse.core.internal.events.BuildManager$1.run(BuildManager.java:400)
	at org.eclipse.core.runtime.SafeRunner.run(SafeRunner.java:45)
	at org.eclipse.core.internal.events.BuildManager.basicBuild(BuildManager.java:403)
	at org.eclipse.core.internal.events.BuildManager.basicBuildLoop(BuildManager.java:514)
	at org.eclipse.core.internal.events.BuildManager.basicBuildLoop(BuildManager.java:462)
	at org.eclipse.core.internal.events.BuildManager.build(BuildManager.java:544)
	at org.eclipse.core.internal.events.AutoBuildJob.doBuild(AutoBuildJob.java:161)
	at org.eclipse.core.internal.events.AutoBuildJob.run(AutoBuildJob.java:255)
	at org.eclipse.core.internal.jobs.Worker.run(Worker.java:63)
Caused by: com.google.inject.OutOfScopeException: Cannot access Key[type=org.apache.maven.project.MavenProject, annotation=[none]] outside of a scoping block
	at org.apache.maven.execution.scope.internal.MojoExecutionScope$2.get(MojoExecutionScope.java:122)
	at com.google.inject.internal.InternalFactoryToProviderAdapter.get(InternalFactoryToProviderAdapter.java:39)
	at com.google.inject.internal.SingleParameterInjector.inject(SingleParameterInjector.java:42)
	at com.google.inject.internal.SingleParameterInjector.getAll(SingleParameterInjector.java:65)
	at com.google.inject.internal.ConstructorInjector.provision(ConstructorInjector.java:113)
	at com.google.inject.internal.ConstructorInjector.access$000(ConstructorInjector.java:32)
	at com.google.inject.internal.ConstructorInjector$1.call(ConstructorInjector.java:98)
	at com.google.inject.internal.ProvisionListenerStackCallback$Provision.provision(ProvisionListenerStackCallback.java:112)
	at com.google.inject.internal.ProvisionListenerStackCallback$Provision.provision(ProvisionListenerStackCallback.java:127)
	at com.google.inject.internal.ProvisionListenerStackCallback.provision(ProvisionListenerStackCallback.java:66)
	at com.google.inject.internal.ConstructorInjector.construct(ConstructorInjector.java:93)
	at com.google.inject.internal.ConstructorBindingImpl$Factory.get(ConstructorBindingImpl.java:306)
	at com.google.inject.internal.InjectorImpl$1.get(InjectorImpl.java:1050)
	... 47 common frames omitted
2026-08-04 08:38:20,733 [Worker-7: Building] INFO  o.a.m.s.f.DefaultMavenResourcesFiltering - Copying 1 resource from src\main\resources to target\classes
2026-08-04 08:38:20,775 [Worker-7: Building] INFO  o.a.m.s.f.DefaultMavenResourcesFiltering - Copying 0 resource from src\main\resources to target\classes
2026-08-04 08:38:20,781 [Worker-7: Building] INFO  o.a.m.s.f.DefaultMavenResourcesFiltering - Copying 0 resource from src\test\resources to target\test-classes
2026-08-04 08:38:20,797 [Worker-7: Building] WARN  Sisu - Error injecting: org.apache.maven.plugins.jar.JarMojo
com.google.inject.ProvisionException: Unable to provision, see the following errors:

1) Error in custom provider, com.google.inject.OutOfScopeException: Cannot access Key[type=org.apache.maven.project.MavenProject, annotation=[none]] outside of a scoping block
  at org.apache.maven.execution.scope.internal.MojoExecutionScopeModule.configure(MojoExecutionScopeModule.java:55) (via modules: org.eclipse.sisu.wire.WireModule -> org.apache.maven.execution.scope.internal.MojoExecutionScopeModule)
  while locating org.apache.maven.project.MavenProject
    for the 1st parameter of org.apache.maven.plugins.jar.JarMojo.<init>(Unknown Source)
  while locating org.apache.maven.plugins.jar.JarMojo

1 error
	at com.google.inject.internal.InternalProvisionException.toProvisionException(InternalProvisionException.java:226)
	at com.google.inject.internal.InjectorImpl$1.get(InjectorImpl.java:1053)
	at com.google.inject.internal.InjectorImpl.getInstance(InjectorImpl.java:1086)
	at org.eclipse.sisu.space.AbstractDeferredClass.get(AbstractDeferredClass.java:48)
	at com.google.inject.internal.ProviderInternalFactory.provision(ProviderInternalFactory.java:85)
	at com.google.inject.internal.InternalFactoryToInitializableAdapter.provision(InternalFactoryToInitializableAdapter.java:57)
	at com.google.inject.internal.ProviderInternalFactory$1.call(ProviderInternalFactory.java:66)
	at com.google.inject.internal.ProvisionListenerStackCallback$Provision.provision(ProvisionListenerStackCallback.java:112)
	at com.google.inject.internal.ProvisionListenerStackCallback$Provision.provision(ProvisionListenerStackCallback.java:127)
	at com.google.inject.internal.ProvisionListenerStackCallback.provision(ProvisionListenerStackCallback.java:66)
	at com.google.inject.internal.ProviderInternalFactory.circularGet(ProviderInternalFactory.java:61)
	at com.google.inject.internal.InternalFactoryToInitializableAdapter.get(InternalFactoryToInitializableAdapter.java:47)
	at com.google.inject.internal.InjectorImpl$1.get(InjectorImpl.java:1050)
	at org.eclipse.sisu.inject.Guice4$1.get(Guice4.java:162)
	at org.eclipse.sisu.inject.LazyBeanEntry.getValue(LazyBeanEntry.java:81)
	at org.eclipse.sisu.plexus.LazyPlexusBean.getValue(LazyPlexusBean.java:51)
	at org.codehaus.plexus.DefaultPlexusContainer.lookup(DefaultPlexusContainer.java:263)
	at org.codehaus.plexus.DefaultPlexusContainer.lookup(DefaultPlexusContainer.java:255)
	at org.apache.maven.plugin.internal.DefaultMavenPluginManager.getConfiguredMojo(DefaultMavenPluginManager.java:520)
	at org.eclipse.m2e.core.internal.embedder.MavenImpl.getConfiguredMojo(MavenImpl.java:359)
	at org.sonatype.m2e.mavenarchiver.internal.AbstractMavenArchiverConfigurator.reflectManifestGeneration(AbstractMavenArchiverConfigurator.java:469)
	at org.sonatype.m2e.mavenarchiver.internal.AbstractMavenArchiverConfigurator.generateManifest(AbstractMavenArchiverConfigurator.java:422)
	at org.sonatype.m2e.mavenarchiver.internal.AbstractMavenArchiverConfigurator.mavenProjectChanged(AbstractMavenArchiverConfigurator.java:227)
	at org.sonatype.m2e.mavenarchiver.internal.AbstractMavenArchiverConfigurator$1.build(AbstractMavenArchiverConfigurator.java:167)
	at org.eclipse.m2e.core.internal.builder.MavenBuilderImpl.build(MavenBuilderImpl.java:135)
	at org.eclipse.m2e.core.internal.builder.MavenBuilder$1.method(MavenBuilder.java:169)
	at org.eclipse.m2e.core.internal.builder.MavenBuilder$1.method(MavenBuilder.java:1)
	at org.eclipse.m2e.core.internal.builder.MavenBuilder$BuildMethod.lambda$1(MavenBuilder.java:114)
	at org.eclipse.m2e.core.internal.embedder.MavenExecutionContext.executeBare(MavenExecutionContext.java:182)
	at org.eclipse.m2e.core.internal.embedder.MavenExecutionContext.execute(MavenExecutionContext.java:117)
	at org.eclipse.m2e.core.internal.builder.MavenBuilder$BuildMethod.lambda$0(MavenBuilder.java:105)
	at org.eclipse.m2e.core.internal.embedder.MavenExecutionContext.executeBare(MavenExecutionContext.java:182)
	at org.eclipse.m2e.core.internal.embedder.MavenExecutionContext.execute(MavenExecutionContext.java:156)
	at org.eclipse.m2e.core.internal.embedder.MavenExecutionContext.execute(MavenExecutionContext.java:103)
	at org.eclipse.m2e.core.internal.builder.MavenBuilder$BuildMethod.execute(MavenBuilder.java:88)
	at org.eclipse.m2e.core.internal.builder.MavenBuilder.build(MavenBuilder.java:198)
	at org.eclipse.core.internal.events.BuildManager$2.run(BuildManager.java:1024)
	at org.eclipse.core.runtime.SafeRunner.run(SafeRunner.java:45)
	at org.eclipse.core.internal.events.BuildManager.basicBuild(BuildManager.java:254)
	at org.eclipse.core.internal.events.BuildManager.basicBuild(BuildManager.java:311)
	at org.eclipse.core.internal.events.BuildManager$1.run(BuildManager.java:400)
	at org.eclipse.core.runtime.SafeRunner.run(SafeRunner.java:45)
	at org.eclipse.core.internal.events.BuildManager.basicBuild(BuildManager.java:403)
	at org.eclipse.core.internal.events.BuildManager.basicBuildLoop(BuildManager.java:514)
	at org.eclipse.core.internal.events.BuildManager.basicBuildLoop(BuildManager.java:462)
	at org.eclipse.core.internal.events.BuildManager.build(BuildManager.java:544)
	at org.eclipse.core.internal.events.AutoBuildJob.doBuild(AutoBuildJob.java:161)
	at org.eclipse.core.internal.events.AutoBuildJob.run(AutoBuildJob.java:255)
	at org.eclipse.core.internal.jobs.Worker.run(Worker.java:63)
Caused by: com.google.inject.OutOfScopeException: Cannot access Key[type=org.apache.maven.project.MavenProject, annotation=[none]] outside of a scoping block
	at org.apache.maven.execution.scope.internal.MojoExecutionScope$2.get(MojoExecutionScope.java:122)
	at com.google.inject.internal.InternalFactoryToProviderAdapter.get(InternalFactoryToProviderAdapter.java:39)
	at com.google.inject.internal.SingleParameterInjector.inject(SingleParameterInjector.java:42)
	at com.google.inject.internal.SingleParameterInjector.getAll(SingleParameterInjector.java:65)
	at com.google.inject.internal.ConstructorInjector.provision(ConstructorInjector.java:113)
	at com.google.inject.internal.ConstructorInjector.access$000(ConstructorInjector.java:32)
	at com.google.inject.internal.ConstructorInjector$1.call(ConstructorInjector.java:98)
	at com.google.inject.internal.ProvisionListenerStackCallback$Provision.provision(ProvisionListenerStackCallback.java:112)
	at com.google.inject.internal.ProvisionListenerStackCallback$Provision.provision(ProvisionListenerStackCallback.java:127)
	at com.google.inject.internal.ProvisionListenerStackCallback.provision(ProvisionListenerStackCallback.java:66)
	at com.google.inject.internal.ConstructorInjector.construct(ConstructorInjector.java:93)
	at com.google.inject.internal.ConstructorBindingImpl$Factory.get(ConstructorBindingImpl.java:306)
	at com.google.inject.internal.InjectorImpl$1.get(InjectorImpl.java:1050)
	... 47 common frames omitted
2026-08-04 08:41:08,061 [Worker-13: Updating Maven Project] INFO  o.e.m.c.i.p.ProjectConfigurationManager - Update started
2026-08-04 08:41:09,792 [Worker-13: Updating Maven Project] INFO  o.e.m.c.i.l.LifecycleMappingFactory - Using org.eclipse.m2e.jdt.JarLifecycleMapping lifecycle mapping for MavenProject: com.emart:EmartCategoryMaster:0.0.1-SNAPSHOT @ C:\Users\ADMIN\OneDrive\Documents\Final\backend\pom.xml.
2026-08-04 08:41:10,890 [Worker-13: Updating Maven Project] WARN  Sisu - Error injecting: org.apache.maven.plugins.jar.JarMojo
com.google.inject.ProvisionException: Unable to provision, see the following errors:

1) Error in custom provider, com.google.inject.OutOfScopeException: Cannot access Key[type=org.apache.maven.project.MavenProject, annotation=[none]] outside of a scoping block
  at org.apache.maven.execution.scope.internal.MojoExecutionScopeModule.configure(MojoExecutionScopeModule.java:55) (via modules: org.eclipse.sisu.wire.WireModule -> org.apache.maven.execution.scope.internal.MojoExecutionScopeModule)
  while locating org.apache.maven.project.MavenProject
    for the 1st parameter of org.apache.maven.plugins.jar.JarMojo.<init>(Unknown Source)
  while locating org.apache.maven.plugins.jar.JarMojo

1 error
	at com.google.inject.internal.InternalProvisionException.toProvisionException(InternalProvisionException.java:226)
	at com.google.inject.internal.InjectorImpl$1.get(InjectorImpl.java:1053)
	at com.google.inject.internal.InjectorImpl.getInstance(InjectorImpl.java:1086)
	at org.eclipse.sisu.space.AbstractDeferredClass.get(AbstractDeferredClass.java:48)
	at com.google.inject.internal.ProviderInternalFactory.provision(ProviderInternalFactory.java:85)
	at com.google.inject.internal.InternalFactoryToInitializableAdapter.provision(InternalFactoryToInitializableAdapter.java:57)
	at com.google.inject.internal.ProviderInternalFactory$1.call(ProviderInternalFactory.java:66)
	at com.google.inject.internal.ProvisionListenerStackCallback$Provision.provision(ProvisionListenerStackCallback.java:112)
	at com.google.inject.internal.ProvisionListenerStackCallback$Provision.provision(ProvisionListenerStackCallback.java:127)
	at com.google.inject.internal.ProvisionListenerStackCallback.provision(ProvisionListenerStackCallback.java:66)
	at com.google.inject.internal.ProviderInternalFactory.circularGet(ProviderInternalFactory.java:61)
	at com.google.inject.internal.InternalFactoryToInitializableAdapter.get(InternalFactoryToInitializableAdapter.java:47)
	at com.google.inject.internal.InjectorImpl$1.get(InjectorImpl.java:1050)
	at org.eclipse.sisu.inject.Guice4$1.get(Guice4.java:162)
	at org.eclipse.sisu.inject.LazyBeanEntry.getValue(LazyBeanEntry.java:81)
	at org.eclipse.sisu.plexus.LazyPlexusBean.getValue(LazyPlexusBean.java:51)
	at org.codehaus.plexus.DefaultPlexusContainer.lookup(DefaultPlexusContainer.java:263)
	at org.codehaus.plexus.DefaultPlexusContainer.lookup(DefaultPlexusContainer.java:255)
	at org.apache.maven.plugin.internal.DefaultMavenPluginManager.getConfiguredMojo(DefaultMavenPluginManager.java:520)
	at org.eclipse.m2e.core.internal.embedder.MavenImpl.getConfiguredMojo(MavenImpl.java:359)
	at org.sonatype.m2e.mavenarchiver.internal.AbstractMavenArchiverConfigurator.reflectManifestGeneration(AbstractMavenArchiverConfigurator.java:469)
	at org.sonatype.m2e.mavenarchiver.internal.AbstractMavenArchiverConfigurator.generateManifest(AbstractMavenArchiverConfigurator.java:422)
	at org.sonatype.m2e.mavenarchiver.internal.AbstractMavenArchiverConfigurator.mavenProjectChanged(AbstractMavenArchiverConfigurator.java:227)
	at org.sonatype.m2e.mavenarchiver.internal.AbstractMavenArchiverConfigurator.mavenProjectChanged(AbstractMavenArchiverConfigurator.java:215)
	at org.eclipse.m2e.core.internal.project.ProjectConfigurationManager.mavenProjectChanged(ProjectConfigurationManager.java:1056)
	at org.eclipse.m2e.core.internal.project.registry.ProjectRegistryManager.notifyProjectChangeListeners(ProjectRegistryManager.java:806)
	at org.eclipse.m2e.core.internal.project.registry.ProjectRegistryManager.applyMutableProjectRegistry(ProjectRegistryManager.java:972)
	at org.eclipse.m2e.core.internal.project.registry.ProjectRegistryManager.refresh(ProjectRegistryManager.java:305)
	at org.eclipse.m2e.core.internal.project.ProjectConfigurationManager.updateProjectConfiguration0(ProjectConfigurationManager.java:413)
	at org.eclipse.m2e.core.internal.project.ProjectConfigurationManager.lambda$1(ProjectConfigurationManager.java:362)
	at org.eclipse.m2e.core.internal.embedder.MavenExecutionContext.executeBare(MavenExecutionContext.java:182)
	at org.eclipse.m2e.core.internal.embedder.MavenExecutionContext.execute(MavenExecutionContext.java:156)
	at org.eclipse.m2e.core.internal.embedder.MavenExecutionContext.execute(MavenExecutionContext.java:103)
	at org.eclipse.m2e.core.internal.embedder.MavenImpl.execute(MavenImpl.java:1411)
	at org.eclipse.m2e.core.internal.project.ProjectConfigurationManager.updateProjectConfiguration(ProjectConfigurationManager.java:361)
	at org.eclipse.m2e.core.ui.internal.UpdateMavenProjectJob.runInWorkspace(UpdateMavenProjectJob.java:80)
	at org.eclipse.core.internal.resources.InternalWorkspaceJob.run(InternalWorkspaceJob.java:43)
	at org.eclipse.core.internal.jobs.Worker.run(Worker.java:63)
Caused by: com.google.inject.OutOfScopeException: Cannot access Key[type=org.apache.maven.project.MavenProject, annotation=[none]] outside of a scoping block
	at org.apache.maven.execution.scope.internal.MojoExecutionScope$2.get(MojoExecutionScope.java:122)
	at com.google.inject.internal.InternalFactoryToProviderAdapter.get(InternalFactoryToProviderAdapter.java:39)
	at com.google.inject.internal.SingleParameterInjector.inject(SingleParameterInjector.java:42)
	at com.google.inject.internal.SingleParameterInjector.getAll(SingleParameterInjector.java:65)
	at com.google.inject.internal.ConstructorInjector.provision(ConstructorInjector.java:113)
	at com.google.inject.internal.ConstructorInjector.access$000(ConstructorInjector.java:32)
	at com.google.inject.internal.ConstructorInjector$1.call(ConstructorInjector.java:98)
	at com.google.inject.internal.ProvisionListenerStackCallback$Provision.provision(ProvisionListenerStackCallback.java:112)
	at com.google.inject.internal.ProvisionListenerStackCallback$Provision.provision(ProvisionListenerStackCallback.java:127)
	at com.google.inject.internal.ProvisionListenerStackCallback.provision(ProvisionListenerStackCallback.java:66)
	at com.google.inject.internal.ConstructorInjector.construct(ConstructorInjector.java:93)
	at com.google.inject.internal.ConstructorBindingImpl$Factory.get(ConstructorBindingImpl.java:306)
	at com.google.inject.internal.InjectorImpl$1.get(InjectorImpl.java:1050)
	... 36 common frames omitted
2026-08-04 08:41:11,784 [Worker-13: Updating Maven Project] INFO  o.e.m.j.i.AbstractJavaProjectConfigurator - Adding source folder /backend/src/main/java
2026-08-04 08:41:11,784 [Worker-13: Updating Maven Project] INFO  o.e.m.j.i.AbstractJavaProjectConfigurator - Adding resource folder /backend/src/main/resources
2026-08-04 08:41:11,786 [Worker-13: Updating Maven Project] INFO  o.e.m.j.i.AbstractJavaProjectConfigurator - Adding resource folder /backend/src/main/resources
2026-08-04 08:41:11,787 [Worker-13: Updating Maven Project] INFO  o.e.m.j.i.AbstractJavaProjectConfigurator - Adding source folder /backend/src/test/java
2026-08-04 08:41:11,788 [Worker-13: Updating Maven Project] INFO  o.e.m.j.i.AbstractJavaProjectConfigurator - Adding resource folder /backend/src/test/resources
2026-08-04 08:41:13,572 [Worker-13: Updating Maven Project] INFO  o.e.m.c.i.p.ProjectConfigurationManager - Update completed: 5 sec
2026-08-04 08:41:23,398 [Worker-13: Building] INFO  o.a.m.s.f.DefaultMavenResourcesFiltering - Copying 3 resources from src\main\resources to target\classes
2026-08-04 08:41:23,754 [Worker-13: Building] INFO  o.a.m.s.f.DefaultMavenResourcesFiltering - Copying 48 resources from src\main\resources to target\classes
2026-08-04 08:41:24,158 [Worker-13: Building] INFO  o.a.m.s.f.DefaultMavenResourcesFiltering - Copying 1 resource from src\test\resources to target\test-classes
2026-08-04 08:41:24,189 [Worker-13: Building] WARN  Sisu - Error injecting: org.apache.maven.plugins.jar.JarMojo
com.google.inject.ProvisionException: Unable to provision, see the following errors:

1) Error in custom provider, com.google.inject.OutOfScopeException: Cannot access Key[type=org.apache.maven.project.MavenProject, annotation=[none]] outside of a scoping block
  at org.apache.maven.execution.scope.internal.MojoExecutionScopeModule.configure(MojoExecutionScopeModule.java:55) (via modules: org.eclipse.sisu.wire.WireModule -> org.apache.maven.execution.scope.internal.MojoExecutionScopeModule)
  while locating org.apache.maven.project.MavenProject
    for the 1st parameter of org.apache.maven.plugins.jar.JarMojo.<init>(Unknown Source)
  while locating org.apache.maven.plugins.jar.JarMojo

1 error
	at com.google.inject.internal.InternalProvisionException.toProvisionException(InternalProvisionException.java:226)
	at com.google.inject.internal.InjectorImpl$1.get(InjectorImpl.java:1053)
	at com.google.inject.internal.InjectorImpl.getInstance(InjectorImpl.java:1086)
	at org.eclipse.sisu.space.AbstractDeferredClass.get(AbstractDeferredClass.java:48)
	at com.google.inject.internal.ProviderInternalFactory.provision(ProviderInternalFactory.java:85)
	at com.google.inject.internal.InternalFactoryToInitializableAdapter.provision(InternalFactoryToInitializableAdapter.java:57)
	at com.google.inject.internal.ProviderInternalFactory$1.call(ProviderInternalFactory.java:66)
	at com.google.inject.internal.ProvisionListenerStackCallback$Provision.provision(ProvisionListenerStackCallback.java:112)
	at com.google.inject.internal.ProvisionListenerStackCallback$Provision.provision(ProvisionListenerStackCallback.java:127)
	at com.google.inject.internal.ProvisionListenerStackCallback.provision(ProvisionListenerStackCallback.java:66)
	at com.google.inject.internal.ProviderInternalFactory.circularGet(ProviderInternalFactory.java:61)
	at com.google.inject.internal.InternalFactoryToInitializableAdapter.get(InternalFactoryToInitializableAdapter.java:47)
	at com.google.inject.internal.InjectorImpl$1.get(InjectorImpl.java:1050)
	at org.eclipse.sisu.inject.Guice4$1.get(Guice4.java:162)
	at org.eclipse.sisu.inject.LazyBeanEntry.getValue(LazyBeanEntry.java:81)
	at org.eclipse.sisu.plexus.LazyPlexusBean.getValue(LazyPlexusBean.java:51)
	at org.codehaus.plexus.DefaultPlexusContainer.lookup(DefaultPlexusContainer.java:263)
	at org.codehaus.plexus.DefaultPlexusContainer.lookup(DefaultPlexusContainer.java:255)
	at org.apache.maven.plugin.internal.DefaultMavenPluginManager.getConfiguredMojo(DefaultMavenPluginManager.java:520)
	at org.eclipse.m2e.core.internal.embedder.MavenImpl.getConfiguredMojo(MavenImpl.java:359)
	at org.sonatype.m2e.mavenarchiver.internal.AbstractMavenArchiverConfigurator.reflectManifestGeneration(AbstractMavenArchiverConfigurator.java:469)
	at org.sonatype.m2e.mavenarchiver.internal.AbstractMavenArchiverConfigurator.generateManifest(AbstractMavenArchiverConfigurator.java:422)
	at org.sonatype.m2e.mavenarchiver.internal.AbstractMavenArchiverConfigurator.mavenProjectChanged(AbstractMavenArchiverConfigurator.java:227)
	at org.sonatype.m2e.mavenarchiver.internal.AbstractMavenArchiverConfigurator$1.build(AbstractMavenArchiverConfigurator.java:167)
	at org.eclipse.m2e.core.internal.builder.MavenBuilderImpl.build(MavenBuilderImpl.java:135)
	at org.eclipse.m2e.core.internal.builder.MavenBuilder$1.method(MavenBuilder.java:169)
	at org.eclipse.m2e.core.internal.builder.MavenBuilder$1.method(MavenBuilder.java:1)
	at org.eclipse.m2e.core.internal.builder.MavenBuilder$BuildMethod.lambda$1(MavenBuilder.java:114)
	at org.eclipse.m2e.core.internal.embedder.MavenExecutionContext.executeBare(MavenExecutionContext.java:182)
	at org.eclipse.m2e.core.internal.embedder.MavenExecutionContext.execute(MavenExecutionContext.java:117)
	at org.eclipse.m2e.core.internal.builder.MavenBuilder$BuildMethod.lambda$0(MavenBuilder.java:105)
	at org.eclipse.m2e.core.internal.embedder.MavenExecutionContext.executeBare(MavenExecutionContext.java:182)
	at org.eclipse.m2e.core.internal.embedder.MavenExecutionContext.execute(MavenExecutionContext.java:156)
	at org.eclipse.m2e.core.internal.embedder.MavenExecutionContext.execute(MavenExecutionContext.java:103)
	at org.eclipse.m2e.core.internal.builder.MavenBuilder$BuildMethod.execute(MavenBuilder.java:88)
	at org.eclipse.m2e.core.internal.builder.MavenBuilder.build(MavenBuilder.java:198)
	at org.eclipse.core.internal.events.BuildManager$2.run(BuildManager.java:1024)
	at org.eclipse.core.runtime.SafeRunner.run(SafeRunner.java:45)
	at org.eclipse.core.internal.events.BuildManager.basicBuild(BuildManager.java:254)
	at org.eclipse.core.internal.events.BuildManager.basicBuild(BuildManager.java:311)
	at org.eclipse.core.internal.events.BuildManager$1.run(BuildManager.java:400)
	at org.eclipse.core.runtime.SafeRunner.run(SafeRunner.java:45)
	at org.eclipse.core.internal.events.BuildManager.basicBuild(BuildManager.java:403)
	at org.eclipse.core.internal.events.BuildManager.basicBuildLoop(BuildManager.java:514)
	at org.eclipse.core.internal.events.BuildManager.basicBuildLoop(BuildManager.java:462)
	at org.eclipse.core.internal.events.BuildManager.build(BuildManager.java:544)
	at org.eclipse.core.internal.events.AutoBuildJob.doBuild(AutoBuildJob.java:161)
	at org.eclipse.core.internal.events.AutoBuildJob.run(AutoBuildJob.java:255)
	at org.eclipse.core.internal.jobs.Worker.run(Worker.java:63)
Caused by: com.google.inject.OutOfScopeException: Cannot access Key[type=org.apache.maven.project.MavenProject, annotation=[none]] outside of a scoping block
	at org.apache.maven.execution.scope.internal.MojoExecutionScope$2.get(MojoExecutionScope.java:122)
	at com.google.inject.internal.InternalFactoryToProviderAdapter.get(InternalFactoryToProviderAdapter.java:39)
	at com.google.inject.internal.SingleParameterInjector.inject(SingleParameterInjector.java:42)
	at com.google.inject.internal.SingleParameterInjector.getAll(SingleParameterInjector.java:65)
	at com.google.inject.internal.ConstructorInjector.provision(ConstructorInjector.java:113)
	at com.google.inject.internal.ConstructorInjector.access$000(ConstructorInjector.java:32)
	at com.google.inject.internal.ConstructorInjector$1.call(ConstructorInjector.java:98)
	at com.google.inject.internal.ProvisionListenerStackCallback$Provision.provision(ProvisionListenerStackCallback.java:112)
	at com.google.inject.internal.ProvisionListenerStackCallback$Provision.provision(ProvisionListenerStackCallback.java:127)
	at com.google.inject.internal.ProvisionListenerStackCallback.provision(ProvisionListenerStackCallback.java:66)
	at com.google.inject.internal.ConstructorInjector.construct(ConstructorInjector.java:93)
	at com.google.inject.internal.ConstructorBindingImpl$Factory.get(ConstructorBindingImpl.java:306)
	at com.google.inject.internal.InjectorImpl$1.get(InjectorImpl.java:1050)
	... 47 common frames omitted
2026-08-04 08:45:59,914 [Worker-26: Building] INFO  o.a.m.s.f.DefaultMavenResourcesFiltering - Copying 0 resource from src\main\resources to target\classes
2026-08-04 08:45:59,960 [Worker-26: Building] INFO  o.a.m.s.f.DefaultMavenResourcesFiltering - Copying 0 resource from src\main\resources to target\classes
2026-08-04 08:45:59,967 [Worker-26: Building] INFO  o.a.m.s.f.DefaultMavenResourcesFiltering - Copying 0 resource from src\test\resources to target\test-classes
2026-08-04 08:46:00,002 [Worker-26: Building] WARN  Sisu - Error injecting: org.apache.maven.plugins.jar.JarMojo
com.google.inject.ProvisionException: Unable to provision, see the following errors:

1) Error in custom provider, com.google.inject.OutOfScopeException: Cannot access Key[type=org.apache.maven.project.MavenProject, annotation=[none]] outside of a scoping block
  at org.apache.maven.execution.scope.internal.MojoExecutionScopeModule.configure(MojoExecutionScopeModule.java:55) (via modules: org.eclipse.sisu.wire.WireModule -> org.apache.maven.execution.scope.internal.MojoExecutionScopeModule)
  while locating org.apache.maven.project.MavenProject
    for the 1st parameter of org.apache.maven.plugins.jar.JarMojo.<init>(Unknown Source)
  while locating org.apache.maven.plugins.jar.JarMojo

1 error
	at com.google.inject.internal.InternalProvisionException.toProvisionException(InternalProvisionException.java:226)
	at com.google.inject.internal.InjectorImpl$1.get(InjectorImpl.java:1053)
	at com.google.inject.internal.InjectorImpl.getInstance(InjectorImpl.java:1086)
	at org.eclipse.sisu.space.AbstractDeferredClass.get(AbstractDeferredClass.java:48)
	at com.google.inject.internal.ProviderInternalFactory.provision(ProviderInternalFactory.java:85)
	at com.google.inject.internal.InternalFactoryToInitializableAdapter.provision(InternalFactoryToInitializableAdapter.java:57)
	at com.google.inject.internal.ProviderInternalFactory$1.call(ProviderInternalFactory.java:66)
	at com.google.inject.internal.ProvisionListenerStackCallback$Provision.provision(ProvisionListenerStackCallback.java:112)
	at com.google.inject.internal.ProvisionListenerStackCallback$Provision.provision(ProvisionListenerStackCallback.java:127)
	at com.google.inject.internal.ProvisionListenerStackCallback.provision(ProvisionListenerStackCallback.java:66)
	at com.google.inject.internal.ProviderInternalFactory.circularGet(ProviderInternalFactory.java:61)
	at com.google.inject.internal.InternalFactoryToInitializableAdapter.get(InternalFactoryToInitializableAdapter.java:47)
	at com.google.inject.internal.InjectorImpl$1.get(InjectorImpl.java:1050)
	at org.eclipse.sisu.inject.Guice4$1.get(Guice4.java:162)
	at org.eclipse.sisu.inject.LazyBeanEntry.getValue(LazyBeanEntry.java:81)
	at org.eclipse.sisu.plexus.LazyPlexusBean.getValue(LazyPlexusBean.java:51)
	at org.codehaus.plexus.DefaultPlexusContainer.lookup(DefaultPlexusContainer.java:263)
	at org.codehaus.plexus.DefaultPlexusContainer.lookup(DefaultPlexusContainer.java:255)
	at org.apache.maven.plugin.internal.DefaultMavenPluginManager.getConfiguredMojo(DefaultMavenPluginManager.java:520)
	at org.eclipse.m2e.core.internal.embedder.MavenImpl.getConfiguredMojo(MavenImpl.java:359)
	at org.sonatype.m2e.mavenarchiver.internal.AbstractMavenArchiverConfigurator.reflectManifestGeneration(AbstractMavenArchiverConfigurator.java:469)
	at org.sonatype.m2e.mavenarchiver.internal.AbstractMavenArchiverConfigurator.generateManifest(AbstractMavenArchiverConfigurator.java:422)
	at org.sonatype.m2e.mavenarchiver.internal.AbstractMavenArchiverConfigurator.mavenProjectChanged(AbstractMavenArchiverConfigurator.java:227)
	at org.sonatype.m2e.mavenarchiver.internal.AbstractMavenArchiverConfigurator$1.build(AbstractMavenArchiverConfigurator.java:167)
	at org.eclipse.m2e.core.internal.builder.MavenBuilderImpl.build(MavenBuilderImpl.java:135)
	at org.eclipse.m2e.core.internal.builder.MavenBuilder$1.method(MavenBuilder.java:169)
	at org.eclipse.m2e.core.internal.builder.MavenBuilder$1.method(MavenBuilder.java:1)
	at org.eclipse.m2e.core.internal.builder.MavenBuilder$BuildMethod.lambda$1(MavenBuilder.java:114)
	at org.eclipse.m2e.core.internal.embedder.MavenExecutionContext.executeBare(MavenExecutionContext.java:182)
	at org.eclipse.m2e.core.internal.embedder.MavenExecutionContext.execute(MavenExecutionContext.java:117)
	at org.eclipse.m2e.core.internal.builder.MavenBuilder$BuildMethod.lambda$0(MavenBuilder.java:105)
	at org.eclipse.m2e.core.internal.embedder.MavenExecutionContext.executeBare(MavenExecutionContext.java:182)
	at org.eclipse.m2e.core.internal.embedder.MavenExecutionContext.execute(MavenExecutionContext.java:156)
	at org.eclipse.m2e.core.internal.embedder.MavenExecutionContext.execute(MavenExecutionContext.java:103)
	at org.eclipse.m2e.core.internal.builder.MavenBuilder$BuildMethod.execute(MavenBuilder.java:88)
	at org.eclipse.m2e.core.internal.builder.MavenBuilder.build(MavenBuilder.java:198)
	at org.eclipse.core.internal.events.BuildManager$2.run(BuildManager.java:1024)
	at org.eclipse.core.runtime.SafeRunner.run(SafeRunner.java:45)
	at org.eclipse.core.internal.events.BuildManager.basicBuild(BuildManager.java:254)
	at org.eclipse.core.internal.events.BuildManager.basicBuild(BuildManager.java:311)
	at org.eclipse.core.internal.events.BuildManager$1.run(BuildManager.java:400)
	at org.eclipse.core.runtime.SafeRunner.run(SafeRunner.java:45)
	at org.eclipse.core.internal.events.BuildManager.basicBuild(BuildManager.java:403)
	at org.eclipse.core.internal.events.BuildManager.basicBuildLoop(BuildManager.java:514)
	at org.eclipse.core.internal.events.BuildManager.basicBuildLoop(BuildManager.java:462)
	at org.eclipse.core.internal.events.BuildManager.build(BuildManager.java:544)
	at org.eclipse.core.internal.events.AutoBuildJob.doBuild(AutoBuildJob.java:161)
	at org.eclipse.core.internal.events.AutoBuildJob.run(AutoBuildJob.java:255)
	at org.eclipse.core.internal.jobs.Worker.run(Worker.java:63)
Caused by: com.google.inject.OutOfScopeException: Cannot access Key[type=org.apache.maven.project.MavenProject, annotation=[none]] outside of a scoping block
	at org.apache.maven.execution.scope.internal.MojoExecutionScope$2.get(MojoExecutionScope.java:122)
	at com.google.inject.internal.InternalFactoryToProviderAdapter.get(InternalFactoryToProviderAdapter.java:39)
	at com.google.inject.internal.SingleParameterInjector.inject(SingleParameterInjector.java:42)
	at com.google.inject.internal.SingleParameterInjector.getAll(SingleParameterInjector.java:65)
	at com.google.inject.internal.ConstructorInjector.provision(ConstructorInjector.java:113)
	at com.google.inject.internal.ConstructorInjector.access$000(ConstructorInjector.java:32)
	at com.google.inject.internal.ConstructorInjector$1.call(ConstructorInjector.java:98)
	at com.google.inject.internal.ProvisionListenerStackCallback$Provision.provision(ProvisionListenerStackCallback.java:112)
	at com.google.inject.internal.ProvisionListenerStackCallback$Provision.provision(ProvisionListenerStackCallback.java:127)
	at com.google.inject.internal.ProvisionListenerStackCallback.provision(ProvisionListenerStackCallback.java:66)
	at com.google.inject.internal.ConstructorInjector.construct(ConstructorInjector.java:93)
	at com.google.inject.internal.ConstructorBindingImpl$Factory.get(ConstructorBindingImpl.java:306)
	at com.google.inject.internal.InjectorImpl$1.get(InjectorImpl.java:1050)
	... 47 common frames omitted
2026-08-04 08:58:54,500 [Worker-37: Building] INFO  o.a.m.s.f.DefaultMavenResourcesFiltering - Copying 0 resource from src\main\resources to target\classes
2026-08-04 08:58:54,561 [Worker-37: Building] INFO  o.a.m.s.f.DefaultMavenResourcesFiltering - Copying 0 resource from src\main\resources to target\classes
2026-08-04 08:58:54,573 [Worker-37: Building] INFO  o.a.m.s.f.DefaultMavenResourcesFiltering - Copying 0 resource from src\test\resources to target\test-classes
2026-08-04 08:58:54,596 [Worker-37: Building] WARN  Sisu - Error injecting: org.apache.maven.plugins.jar.JarMojo
com.google.inject.ProvisionException: Unable to provision, see the following errors:

1) Error in custom provider, com.google.inject.OutOfScopeException: Cannot access Key[type=org.apache.maven.project.MavenProject, annotation=[none]] outside of a scoping block
  at org.apache.maven.execution.scope.internal.MojoExecutionScopeModule.configure(MojoExecutionScopeModule.java:55) (via modules: org.eclipse.sisu.wire.WireModule -> org.apache.maven.execution.scope.internal.MojoExecutionScopeModule)
  while locating org.apache.maven.project.MavenProject
    for the 1st parameter of org.apache.maven.plugins.jar.JarMojo.<init>(Unknown Source)
  while locating org.apache.maven.plugins.jar.JarMojo

1 error
	at com.google.inject.internal.InternalProvisionException.toProvisionException(InternalProvisionException.java:226)
	at com.google.inject.internal.InjectorImpl$1.get(InjectorImpl.java:1053)
	at com.google.inject.internal.InjectorImpl.getInstance(InjectorImpl.java:1086)
	at org.eclipse.sisu.space.AbstractDeferredClass.get(AbstractDeferredClass.java:48)
	at com.google.inject.internal.ProviderInternalFactory.provision(ProviderInternalFactory.java:85)
	at com.google.inject.internal.InternalFactoryToInitializableAdapter.provision(InternalFactoryToInitializableAdapter.java:57)
	at com.google.inject.internal.ProviderInternalFactory$1.call(ProviderInternalFactory.java:66)
	at com.google.inject.internal.ProvisionListenerStackCallback$Provision.provision(ProvisionListenerStackCallback.java:112)
	at com.google.inject.internal.ProvisionListenerStackCallback$Provision.provision(ProvisionListenerStackCallback.java:127)
	at com.google.inject.internal.ProvisionListenerStackCallback.provision(ProvisionListenerStackCallback.java:66)
	at com.google.inject.internal.ProviderInternalFactory.circularGet(ProviderInternalFactory.java:61)
	at com.google.inject.internal.InternalFactoryToInitializableAdapter.get(InternalFactoryToInitializableAdapter.java:47)
	at com.google.inject.internal.InjectorImpl$1.get(InjectorImpl.java:1050)
	at org.eclipse.sisu.inject.Guice4$1.get(Guice4.java:162)
	at org.eclipse.sisu.inject.LazyBeanEntry.getValue(LazyBeanEntry.java:81)
	at org.eclipse.sisu.plexus.LazyPlexusBean.getValue(LazyPlexusBean.java:51)
	at org.codehaus.plexus.DefaultPlexusContainer.lookup(DefaultPlexusContainer.java:263)
	at org.codehaus.plexus.DefaultPlexusContainer.lookup(DefaultPlexusContainer.java:255)
	at org.apache.maven.plugin.internal.DefaultMavenPluginManager.getConfiguredMojo(DefaultMavenPluginManager.java:520)
	at org.eclipse.m2e.core.internal.embedder.MavenImpl.getConfiguredMojo(MavenImpl.java:359)
	at org.sonatype.m2e.mavenarchiver.internal.AbstractMavenArchiverConfigurator.reflectManifestGeneration(AbstractMavenArchiverConfigurator.java:469)
	at org.sonatype.m2e.mavenarchiver.internal.AbstractMavenArchiverConfigurator.generateManifest(AbstractMavenArchiverConfigurator.java:422)
	at org.sonatype.m2e.mavenarchiver.internal.AbstractMavenArchiverConfigurator.mavenProjectChanged(AbstractMavenArchiverConfigurator.java:227)
	at org.sonatype.m2e.mavenarchiver.internal.AbstractMavenArchiverConfigurator$1.build(AbstractMavenArchiverConfigurator.java:167)
	at org.eclipse.m2e.core.internal.builder.MavenBuilderImpl.build(MavenBuilderImpl.java:135)
	at org.eclipse.m2e.core.internal.builder.MavenBuilder$1.method(MavenBuilder.java:169)
	at org.eclipse.m2e.core.internal.builder.MavenBuilder$1.method(MavenBuilder.java:1)
	at org.eclipse.m2e.core.internal.builder.MavenBuilder$BuildMethod.lambda$1(MavenBuilder.java:114)
	at org.eclipse.m2e.core.internal.embedder.MavenExecutionContext.executeBare(MavenExecutionContext.java:182)
	at org.eclipse.m2e.core.internal.embedder.MavenExecutionContext.execute(MavenExecutionContext.java:117)
	at org.eclipse.m2e.core.internal.builder.MavenBuilder$BuildMethod.lambda$0(MavenBuilder.java:105)
	at org.eclipse.m2e.core.internal.embedder.MavenExecutionContext.executeBare(MavenExecutionContext.java:182)
	at org.eclipse.m2e.core.internal.embedder.MavenExecutionContext.execute(MavenExecutionContext.java:156)
	at org.eclipse.m2e.core.internal.embedder.MavenExecutionContext.execute(MavenExecutionContext.java:103)
	at org.eclipse.m2e.core.internal.builder.MavenBuilder$BuildMethod.execute(MavenBuilder.java:88)
	at org.eclipse.m2e.core.internal.builder.MavenBuilder.build(MavenBuilder.java:198)
	at org.eclipse.core.internal.events.BuildManager$2.run(BuildManager.java:1024)
	at org.eclipse.core.runtime.SafeRunner.run(SafeRunner.java:45)
	at org.eclipse.core.internal.events.BuildManager.basicBuild(BuildManager.java:254)
	at org.eclipse.core.internal.events.BuildManager.basicBuild(BuildManager.java:311)
	at org.eclipse.core.internal.events.BuildManager$1.run(BuildManager.java:400)
	at org.eclipse.core.runtime.SafeRunner.run(SafeRunner.java:45)
	at org.eclipse.core.internal.events.BuildManager.basicBuild(BuildManager.java:403)
	at org.eclipse.core.internal.events.BuildManager.basicBuildLoop(BuildManager.java:514)
	at org.eclipse.core.internal.events.BuildManager.basicBuildLoop(BuildManager.java:462)
	at org.eclipse.core.internal.events.BuildManager.build(BuildManager.java:544)
	at org.eclipse.core.internal.events.AutoBuildJob.doBuild(AutoBuildJob.java:161)
	at org.eclipse.core.internal.events.AutoBuildJob.run(AutoBuildJob.java:255)
	at org.eclipse.core.internal.jobs.Worker.run(Worker.java:63)
Caused by: com.google.inject.OutOfScopeException: Cannot access Key[type=org.apache.maven.project.MavenProject, annotation=[none]] outside of a scoping block
	at org.apache.maven.execution.scope.internal.MojoExecutionScope$2.get(MojoExecutionScope.java:122)
	at com.google.inject.internal.InternalFactoryToProviderAdapter.get(InternalFactoryToProviderAdapter.java:39)
	at com.google.inject.internal.SingleParameterInjector.inject(SingleParameterInjector.java:42)
	at com.google.inject.internal.SingleParameterInjector.getAll(SingleParameterInjector.java:65)
	at com.google.inject.internal.ConstructorInjector.provision(ConstructorInjector.java:113)
	at com.google.inject.internal.ConstructorInjector.access$000(ConstructorInjector.java:32)
	at com.google.inject.internal.ConstructorInjector$1.call(ConstructorInjector.java:98)
	at com.google.inject.internal.ProvisionListenerStackCallback$Provision.provision(ProvisionListenerStackCallback.java:112)
	at com.google.inject.internal.ProvisionListenerStackCallback$Provision.provision(ProvisionListenerStackCallback.java:127)
	at com.google.inject.internal.ProvisionListenerStackCallback.provision(ProvisionListenerStackCallback.java:66)
	at com.google.inject.internal.ConstructorInjector.construct(ConstructorInjector.java:93)
	at com.google.inject.internal.ConstructorBindingImpl$Factory.get(ConstructorBindingImpl.java:306)
	at com.google.inject.internal.InjectorImpl$1.get(InjectorImpl.java:1050)
	... 47 common frames omitted
2026-08-04 08:59:05,642 [Worker-40: Building] INFO  o.a.m.s.f.DefaultMavenResourcesFiltering - Copying 0 resource from src\main\resources to target\classes
2026-08-04 08:59:05,678 [Worker-40: Building] INFO  o.a.m.s.f.DefaultMavenResourcesFiltering - Copying 0 resource from src\main\resources to target\classes
2026-08-04 08:59:05,685 [Worker-40: Building] INFO  o.a.m.s.f.DefaultMavenResourcesFiltering - Copying 0 resource from src\test\resources to target\test-classes
2026-08-04 08:59:05,701 [Worker-40: Building] WARN  Sisu - Error injecting: org.apache.maven.plugins.jar.JarMojo
com.google.inject.ProvisionException: Unable to provision, see the following errors:

1) Error in custom provider, com.google.inject.OutOfScopeException: Cannot access Key[type=org.apache.maven.project.MavenProject, annotation=[none]] outside of a scoping block
  at org.apache.maven.execution.scope.internal.MojoExecutionScopeModule.configure(MojoExecutionScopeModule.java:55) (via modules: org.eclipse.sisu.wire.WireModule -> org.apache.maven.execution.scope.internal.MojoExecutionScopeModule)
  while locating org.apache.maven.project.MavenProject
    for the 1st parameter of org.apache.maven.plugins.jar.JarMojo.<init>(Unknown Source)
  while locating org.apache.maven.plugins.jar.JarMojo

1 error
	at com.google.inject.internal.InternalProvisionException.toProvisionException(InternalProvisionException.java:226)
	at com.google.inject.internal.InjectorImpl$1.get(InjectorImpl.java:1053)
	at com.google.inject.internal.InjectorImpl.getInstance(InjectorImpl.java:1086)
	at org.eclipse.sisu.space.AbstractDeferredClass.get(AbstractDeferredClass.java:48)
	at com.google.inject.internal.ProviderInternalFactory.provision(ProviderInternalFactory.java:85)
	at com.google.inject.internal.InternalFactoryToInitializableAdapter.provision(InternalFactoryToInitializableAdapter.java:57)
	at com.google.inject.internal.ProviderInternalFactory$1.call(ProviderInternalFactory.java:66)
	at com.google.inject.internal.ProvisionListenerStackCallback$Provision.provision(ProvisionListenerStackCallback.java:112)
	at com.google.inject.internal.ProvisionListenerStackCallback$Provision.provision(ProvisionListenerStackCallback.java:127)
	at com.google.inject.internal.ProvisionListenerStackCallback.provision(ProvisionListenerStackCallback.java:66)
	at com.google.inject.internal.ProviderInternalFactory.circularGet(ProviderInternalFactory.java:61)
	at com.google.inject.internal.InternalFactoryToInitializableAdapter.get(InternalFactoryToInitializableAdapter.java:47)
	at com.google.inject.internal.InjectorImpl$1.get(InjectorImpl.java:1050)
	at org.eclipse.sisu.inject.Guice4$1.get(Guice4.java:162)
	at org.eclipse.sisu.inject.LazyBeanEntry.getValue(LazyBeanEntry.java:81)
	at org.eclipse.sisu.plexus.LazyPlexusBean.getValue(LazyPlexusBean.java:51)
	at org.codehaus.plexus.DefaultPlexusContainer.lookup(DefaultPlexusContainer.java:263)
	at org.codehaus.plexus.DefaultPlexusContainer.lookup(DefaultPlexusContainer.java:255)
	at org.apache.maven.plugin.internal.DefaultMavenPluginManager.getConfiguredMojo(DefaultMavenPluginManager.java:520)
	at org.eclipse.m2e.core.internal.embedder.MavenImpl.getConfiguredMojo(MavenImpl.java:359)
	at org.sonatype.m2e.mavenarchiver.internal.AbstractMavenArchiverConfigurator.reflectManifestGeneration(AbstractMavenArchiverConfigurator.java:469)
	at org.sonatype.m2e.mavenarchiver.internal.AbstractMavenArchiverConfigurator.generateManifest(AbstractMavenArchiverConfigurator.java:422)
	at org.sonatype.m2e.mavenarchiver.internal.AbstractMavenArchiverConfigurator.mavenProjectChanged(AbstractMavenArchiverConfigurator.java:227)
	at org.sonatype.m2e.mavenarchiver.internal.AbstractMavenArchiverConfigurator$1.build(AbstractMavenArchiverConfigurator.java:167)
	at org.eclipse.m2e.core.internal.builder.MavenBuilderImpl.build(MavenBuilderImpl.java:135)
	at org.eclipse.m2e.core.internal.builder.MavenBuilder$1.method(MavenBuilder.java:169)
	at org.eclipse.m2e.core.internal.builder.MavenBuilder$1.method(MavenBuilder.java:1)
	at org.eclipse.m2e.core.internal.builder.MavenBuilder$BuildMethod.lambda$1(MavenBuilder.java:114)
	at org.eclipse.m2e.core.internal.embedder.MavenExecutionContext.executeBare(MavenExecutionContext.java:182)
	at org.eclipse.m2e.core.internal.embedder.MavenExecutionContext.execute(MavenExecutionContext.java:117)
	at org.eclipse.m2e.core.internal.builder.MavenBuilder$BuildMethod.lambda$0(MavenBuilder.java:105)
	at org.eclipse.m2e.core.internal.embedder.MavenExecutionContext.executeBare(MavenExecutionContext.java:182)
	at org.eclipse.m2e.core.internal.embedder.MavenExecutionContext.execute(MavenExecutionContext.java:156)
	at org.eclipse.m2e.core.internal.embedder.MavenExecutionContext.execute(MavenExecutionContext.java:103)
	at org.eclipse.m2e.core.internal.builder.MavenBuilder$BuildMethod.execute(MavenBuilder.java:88)
	at org.eclipse.m2e.core.internal.builder.MavenBuilder.build(MavenBuilder.java:198)
	at org.eclipse.core.internal.events.BuildManager$2.run(BuildManager.java:1024)
	at org.eclipse.core.runtime.SafeRunner.run(SafeRunner.java:45)
	at org.eclipse.core.internal.events.BuildManager.basicBuild(BuildManager.java:254)
	at org.eclipse.core.internal.events.BuildManager.basicBuild(BuildManager.java:311)
	at org.eclipse.core.internal.events.BuildManager$1.run(BuildManager.java:400)
	at org.eclipse.core.runtime.SafeRunner.run(SafeRunner.java:45)
	at org.eclipse.core.internal.events.BuildManager.basicBuild(BuildManager.java:403)
	at org.eclipse.core.internal.events.BuildManager.basicBuildLoop(BuildManager.java:514)
	at org.eclipse.core.internal.events.BuildManager.basicBuildLoop(BuildManager.java:462)
	at org.eclipse.core.internal.events.BuildManager.build(BuildManager.java:544)
	at org.eclipse.core.internal.events.AutoBuildJob.doBuild(AutoBuildJob.java:161)
	at org.eclipse.core.internal.events.AutoBuildJob.run(AutoBuildJob.java:255)
	at org.eclipse.core.internal.jobs.Worker.run(Worker.java:63)
Caused by: com.google.inject.OutOfScopeException: Cannot access Key[type=org.apache.maven.project.MavenProject, annotation=[none]] outside of a scoping block
	at org.apache.maven.execution.scope.internal.MojoExecutionScope$2.get(MojoExecutionScope.java:122)
	at com.google.inject.internal.InternalFactoryToProviderAdapter.get(InternalFactoryToProviderAdapter.java:39)
	at com.google.inject.internal.SingleParameterInjector.inject(SingleParameterInjector.java:42)
	at com.google.inject.internal.SingleParameterInjector.getAll(SingleParameterInjector.java:65)
	at com.google.inject.internal.ConstructorInjector.provision(ConstructorInjector.java:113)
	at com.google.inject.internal.ConstructorInjector.access$000(ConstructorInjector.java:32)
	at com.google.inject.internal.ConstructorInjector$1.call(ConstructorInjector.java:98)
	at com.google.inject.internal.ProvisionListenerStackCallback$Provision.provision(ProvisionListenerStackCallback.java:112)
	at com.google.inject.internal.ProvisionListenerStackCallback$Provision.provision(ProvisionListenerStackCallback.java:127)
	at com.google.inject.internal.ProvisionListenerStackCallback.provision(ProvisionListenerStackCallback.java:66)
	at com.google.inject.internal.ConstructorInjector.construct(ConstructorInjector.java:93)
	at com.google.inject.internal.ConstructorBindingImpl$Factory.get(ConstructorBindingImpl.java:306)
	at com.google.inject.internal.InjectorImpl$1.get(InjectorImpl.java:1050)
	... 47 common frames omitted
2026-08-04 09:00:33,607 [Worker-40: Building] INFO  o.a.m.s.f.DefaultMavenResourcesFiltering - Copying 0 resource from src\main\resources to target\classes
2026-08-04 09:00:33,631 [Worker-40: Building] INFO  o.a.m.s.f.DefaultMavenResourcesFiltering - Copying 0 resource from src\main\resources to target\classes
2026-08-04 09:00:33,635 [Worker-40: Building] INFO  o.a.m.s.f.DefaultMavenResourcesFiltering - Copying 0 resource from src\test\resources to target\test-classes
2026-08-04 09:00:33,648 [Worker-40: Building] WARN  Sisu - Error injecting: org.apache.maven.plugins.jar.JarMojo
com.google.inject.ProvisionException: Unable to provision, see the following errors:

1) Error in custom provider, com.google.inject.OutOfScopeException: Cannot access Key[type=org.apache.maven.project.MavenProject, annotation=[none]] outside of a scoping block
  at org.apache.maven.execution.scope.internal.MojoExecutionScopeModule.configure(MojoExecutionScopeModule.java:55) (via modules: org.eclipse.sisu.wire.WireModule -> org.apache.maven.execution.scope.internal.MojoExecutionScopeModule)
  while locating org.apache.maven.project.MavenProject
    for the 1st parameter of org.apache.maven.plugins.jar.JarMojo.<init>(Unknown Source)
  while locating org.apache.maven.plugins.jar.JarMojo

1 error
	at com.google.inject.internal.InternalProvisionException.toProvisionException(InternalProvisionException.java:226)
	at com.google.inject.internal.InjectorImpl$1.get(InjectorImpl.java:1053)
	at com.google.inject.internal.InjectorImpl.getInstance(InjectorImpl.java:1086)
	at org.eclipse.sisu.space.AbstractDeferredClass.get(AbstractDeferredClass.java:48)
	at com.google.inject.internal.ProviderInternalFactory.provision(ProviderInternalFactory.java:85)
	at com.google.inject.internal.InternalFactoryToInitializableAdapter.provision(InternalFactoryToInitializableAdapter.java:57)
	at com.google.inject.internal.ProviderInternalFactory$1.call(ProviderInternalFactory.java:66)
	at com.google.inject.internal.ProvisionListenerStackCallback$Provision.provision(ProvisionListenerStackCallback.java:112)
	at com.google.inject.internal.ProvisionListenerStackCallback$Provision.provision(ProvisionListenerStackCallback.java:127)
	at com.google.inject.internal.ProvisionListenerStackCallback.provision(ProvisionListenerStackCallback.java:66)
	at com.google.inject.internal.ProviderInternalFactory.circularGet(ProviderInternalFactory.java:61)
	at com.google.inject.internal.InternalFactoryToInitializableAdapter.get(InternalFactoryToInitializableAdapter.java:47)
	at com.google.inject.internal.InjectorImpl$1.get(InjectorImpl.java:1050)
	at org.eclipse.sisu.inject.Guice4$1.get(Guice4.java:162)
	at org.eclipse.sisu.inject.LazyBeanEntry.getValue(LazyBeanEntry.java:81)
	at org.eclipse.sisu.plexus.LazyPlexusBean.getValue(LazyPlexusBean.java:51)
	at org.codehaus.plexus.DefaultPlexusContainer.lookup(DefaultPlexusContainer.java:263)
	at org.codehaus.plexus.DefaultPlexusContainer.lookup(DefaultPlexusContainer.java:255)
	at org.apache.maven.plugin.internal.DefaultMavenPluginManager.getConfiguredMojo(DefaultMavenPluginManager.java:520)
	at org.eclipse.m2e.core.internal.embedder.MavenImpl.getConfiguredMojo(MavenImpl.java:359)
	at org.sonatype.m2e.mavenarchiver.internal.AbstractMavenArchiverConfigurator.reflectManifestGeneration(AbstractMavenArchiverConfigurator.java:469)
	at org.sonatype.m2e.mavenarchiver.internal.AbstractMavenArchiverConfigurator.generateManifest(AbstractMavenArchiverConfigurator.java:422)
	at org.sonatype.m2e.mavenarchiver.internal.AbstractMavenArchiverConfigurator.mavenProjectChanged(AbstractMavenArchiverConfigurator.java:227)
	at org.sonatype.m2e.mavenarchiver.internal.AbstractMavenArchiverConfigurator$1.build(AbstractMavenArchiverConfigurator.java:167)
	at org.eclipse.m2e.core.internal.builder.MavenBuilderImpl.build(MavenBuilderImpl.java:135)
	at org.eclipse.m2e.core.internal.builder.MavenBuilder$1.method(MavenBuilder.java:169)
	at org.eclipse.m2e.core.internal.builder.MavenBuilder$1.method(MavenBuilder.java:1)
	at org.eclipse.m2e.core.internal.builder.MavenBuilder$BuildMethod.lambda$1(MavenBuilder.java:114)
	at org.eclipse.m2e.core.internal.embedder.MavenExecutionContext.executeBare(MavenExecutionContext.java:182)
	at org.eclipse.m2e.core.internal.embedder.MavenExecutionContext.execute(MavenExecutionContext.java:117)
	at org.eclipse.m2e.core.internal.builder.MavenBuilder$BuildMethod.lambda$0(MavenBuilder.java:105)
	at org.eclipse.m2e.core.internal.embedder.MavenExecutionContext.executeBare(MavenExecutionContext.java:182)
	at org.eclipse.m2e.core.internal.embedder.MavenExecutionContext.execute(MavenExecutionContext.java:156)
	at org.eclipse.m2e.core.internal.embedder.MavenExecutionContext.execute(MavenExecutionContext.java:103)
	at org.eclipse.m2e.core.internal.builder.MavenBuilder$BuildMethod.execute(MavenBuilder.java:88)
	at org.eclipse.m2e.core.internal.builder.MavenBuilder.build(MavenBuilder.java:198)
	at org.eclipse.core.internal.events.BuildManager$2.run(BuildManager.java:1024)
	at org.eclipse.core.runtime.SafeRunner.run(SafeRunner.java:45)
	at org.eclipse.core.internal.events.BuildManager.basicBuild(BuildManager.java:254)
	at org.eclipse.core.internal.events.BuildManager.basicBuild(BuildManager.java:311)
	at org.eclipse.core.internal.events.BuildManager$1.run(BuildManager.java:400)
	at org.eclipse.core.runtime.SafeRunner.run(SafeRunner.java:45)
	at org.eclipse.core.internal.events.BuildManager.basicBuild(BuildManager.java:403)
	at org.eclipse.core.internal.events.BuildManager.basicBuildLoop(BuildManager.java:514)
	at org.eclipse.core.internal.events.BuildManager.basicBuildLoop(BuildManager.java:462)
	at org.eclipse.core.internal.events.BuildManager.build(BuildManager.java:544)
	at org.eclipse.core.internal.events.AutoBuildJob.doBuild(AutoBuildJob.java:161)
	at org.eclipse.core.internal.events.AutoBuildJob.run(AutoBuildJob.java:255)
	at org.eclipse.core.internal.jobs.Worker.run(Worker.java:63)
Caused by: com.google.inject.OutOfScopeException: Cannot access Key[type=org.apache.maven.project.MavenProject, annotation=[none]] outside of a scoping block
	at org.apache.maven.execution.scope.internal.MojoExecutionScope$2.get(MojoExecutionScope.java:122)
	at com.google.inject.internal.InternalFactoryToProviderAdapter.get(InternalFactoryToProviderAdapter.java:39)
	at com.google.inject.internal.SingleParameterInjector.inject(SingleParameterInjector.java:42)
	at com.google.inject.internal.SingleParameterInjector.getAll(SingleParameterInjector.java:65)
	at com.google.inject.internal.ConstructorInjector.provision(ConstructorInjector.java:113)
	at com.google.inject.internal.ConstructorInjector.access$000(ConstructorInjector.java:32)
	at com.google.inject.internal.ConstructorInjector$1.call(ConstructorInjector.java:98)
	at com.google.inject.internal.ProvisionListenerStackCallback$Provision.provision(ProvisionListenerStackCallback.java:112)
	at com.google.inject.internal.ProvisionListenerStackCallback$Provision.provision(ProvisionListenerStackCallback.java:127)
	at com.google.inject.internal.ProvisionListenerStackCallback.provision(ProvisionListenerStackCallback.java:66)
	at com.google.inject.internal.ConstructorInjector.construct(ConstructorInjector.java:93)
	at com.google.inject.internal.ConstructorBindingImpl$Factory.get(ConstructorBindingImpl.java:306)
	at com.google.inject.internal.InjectorImpl$1.get(InjectorImpl.java:1050)
	... 47 common frames omitted
2026-08-04 09:05:29,054 [Worker-45: Building] INFO  o.a.m.s.f.DefaultMavenResourcesFiltering - Copying 0 resource from src\main\resources to target\classes
2026-08-04 09:05:29,132 [Worker-45: Building] INFO  o.a.m.s.f.DefaultMavenResourcesFiltering - Copying 0 resource from src\main\resources to target\classes
2026-08-04 09:05:29,138 [Worker-45: Building] INFO  o.a.m.s.f.DefaultMavenResourcesFiltering - Copying 0 resource from src\test\resources to target\test-classes
2026-08-04 09:05:29,161 [Worker-45: Building] WARN  Sisu - Error injecting: org.apache.maven.plugins.jar.JarMojo
com.google.inject.ProvisionException: Unable to provision, see the following errors:

1) Error in custom provider, com.google.inject.OutOfScopeException: Cannot access Key[type=org.apache.maven.project.MavenProject, annotation=[none]] outside of a scoping block
  at org.apache.maven.execution.scope.internal.MojoExecutionScopeModule.configure(MojoExecutionScopeModule.java:55) (via modules: org.eclipse.sisu.wire.WireModule -> org.apache.maven.execution.scope.internal.MojoExecutionScopeModule)
  while locating org.apache.maven.project.MavenProject
    for the 1st parameter of org.apache.maven.plugins.jar.JarMojo.<init>(Unknown Source)
  while locating org.apache.maven.plugins.jar.JarMojo

1 error
	at com.google.inject.internal.InternalProvisionException.toProvisionException(InternalProvisionException.java:226)
	at com.google.inject.internal.InjectorImpl$1.get(InjectorImpl.java:1053)
	at com.google.inject.internal.InjectorImpl.getInstance(InjectorImpl.java:1086)
	at org.eclipse.sisu.space.AbstractDeferredClass.get(AbstractDeferredClass.java:48)
	at com.google.inject.internal.ProviderInternalFactory.provision(ProviderInternalFactory.java:85)
	at com.google.inject.internal.InternalFactoryToInitializableAdapter.provision(InternalFactoryToInitializableAdapter.java:57)
	at com.google.inject.internal.ProviderInternalFactory$1.call(ProviderInternalFactory.java:66)
	at com.google.inject.internal.ProvisionListenerStackCallback$Provision.provision(ProvisionListenerStackCallback.java:112)
	at com.google.inject.internal.ProvisionListenerStackCallback$Provision.provision(ProvisionListenerStackCallback.java:127)
	at com.google.inject.internal.ProvisionListenerStackCallback.provision(ProvisionListenerStackCallback.java:66)
	at com.google.inject.internal.ProviderInternalFactory.circularGet(ProviderInternalFactory.java:61)
	at com.google.inject.internal.InternalFactoryToInitializableAdapter.get(InternalFactoryToInitializableAdapter.java:47)
	at com.google.inject.internal.InjectorImpl$1.get(InjectorImpl.java:1050)
	at org.eclipse.sisu.inject.Guice4$1.get(Guice4.java:162)
	at org.eclipse.sisu.inject.LazyBeanEntry.getValue(LazyBeanEntry.java:81)
	at org.eclipse.sisu.plexus.LazyPlexusBean.getValue(LazyPlexusBean.java:51)
	at org.codehaus.plexus.DefaultPlexusContainer.lookup(DefaultPlexusContainer.java:263)
	at org.codehaus.plexus.DefaultPlexusContainer.lookup(DefaultPlexusContainer.java:255)
	at org.apache.maven.plugin.internal.DefaultMavenPluginManager.getConfiguredMojo(DefaultMavenPluginManager.java:520)
	at org.eclipse.m2e.core.internal.embedder.MavenImpl.getConfiguredMojo(MavenImpl.java:359)
	at org.sonatype.m2e.mavenarchiver.internal.AbstractMavenArchiverConfigurator.reflectManifestGeneration(AbstractMavenArchiverConfigurator.java:469)
	at org.sonatype.m2e.mavenarchiver.internal.AbstractMavenArchiverConfigurator.generateManifest(AbstractMavenArchiverConfigurator.java:422)
	at org.sonatype.m2e.mavenarchiver.internal.AbstractMavenArchiverConfigurator.mavenProjectChanged(AbstractMavenArchiverConfigurator.java:227)
	at org.sonatype.m2e.mavenarchiver.internal.AbstractMavenArchiverConfigurator$1.build(AbstractMavenArchiverConfigurator.java:167)
	at org.eclipse.m2e.core.internal.builder.MavenBuilderImpl.build(MavenBuilderImpl.java:135)
	at org.eclipse.m2e.core.internal.builder.MavenBuilder$1.method(MavenBuilder.java:169)
	at org.eclipse.m2e.core.internal.builder.MavenBuilder$1.method(MavenBuilder.java:1)
	at org.eclipse.m2e.core.internal.builder.MavenBuilder$BuildMethod.lambda$1(MavenBuilder.java:114)
	at org.eclipse.m2e.core.internal.embedder.MavenExecutionContext.executeBare(MavenExecutionContext.java:182)
	at org.eclipse.m2e.core.internal.embedder.MavenExecutionContext.execute(MavenExecutionContext.java:117)
	at org.eclipse.m2e.core.internal.builder.MavenBuilder$BuildMethod.lambda$0(MavenBuilder.java:105)
	at org.eclipse.m2e.core.internal.embedder.MavenExecutionContext.executeBare(MavenExecutionContext.java:182)
	at org.eclipse.m2e.core.internal.embedder.MavenExecutionContext.execute(MavenExecutionContext.java:156)
	at org.eclipse.m2e.core.internal.embedder.MavenExecutionContext.execute(MavenExecutionContext.java:103)
	at org.eclipse.m2e.core.internal.builder.MavenBuilder$BuildMethod.execute(MavenBuilder.java:88)
	at org.eclipse.m2e.core.internal.builder.MavenBuilder.build(MavenBuilder.java:198)
	at org.eclipse.core.internal.events.BuildManager$2.run(BuildManager.java:1024)
	at org.eclipse.core.runtime.SafeRunner.run(SafeRunner.java:45)
	at org.eclipse.core.internal.events.BuildManager.basicBuild(BuildManager.java:254)
	at org.eclipse.core.internal.events.BuildManager.basicBuild(BuildManager.java:311)
	at org.eclipse.core.internal.events.BuildManager$1.run(BuildManager.java:400)
	at org.eclipse.core.runtime.SafeRunner.run(SafeRunner.java:45)
	at org.eclipse.core.internal.events.BuildManager.basicBuild(BuildManager.java:403)
	at org.eclipse.core.internal.events.BuildManager.basicBuildLoop(BuildManager.java:514)
	at org.eclipse.core.internal.events.BuildManager.basicBuildLoop(BuildManager.java:462)
	at org.eclipse.core.internal.events.BuildManager.build(BuildManager.java:544)
	at org.eclipse.core.internal.events.AutoBuildJob.doBuild(AutoBuildJob.java:161)
	at org.eclipse.core.internal.events.AutoBuildJob.run(AutoBuildJob.java:255)
	at org.eclipse.core.internal.jobs.Worker.run(Worker.java:63)
Caused by: com.google.inject.OutOfScopeException: Cannot access Key[type=org.apache.maven.project.MavenProject, annotation=[none]] outside of a scoping block
	at org.apache.maven.execution.scope.internal.MojoExecutionScope$2.get(MojoExecutionScope.java:122)
	at com.google.inject.internal.InternalFactoryToProviderAdapter.get(InternalFactoryToProviderAdapter.java:39)
	at com.google.inject.internal.SingleParameterInjector.inject(SingleParameterInjector.java:42)
	at com.google.inject.internal.SingleParameterInjector.getAll(SingleParameterInjector.java:65)
	at com.google.inject.internal.ConstructorInjector.provision(ConstructorInjector.java:113)
	at com.google.inject.internal.ConstructorInjector.access$000(ConstructorInjector.java:32)
	at com.google.inject.internal.ConstructorInjector$1.call(ConstructorInjector.java:98)
	at com.google.inject.internal.ProvisionListenerStackCallback$Provision.provision(ProvisionListenerStackCallback.java:112)
	at com.google.inject.internal.ProvisionListenerStackCallback$Provision.provision(ProvisionListenerStackCallback.java:127)
	at com.google.inject.internal.ProvisionListenerStackCallback.provision(ProvisionListenerStackCallback.java:66)
	at com.google.inject.internal.ConstructorInjector.construct(ConstructorInjector.java:93)
	at com.google.inject.internal.ConstructorBindingImpl$Factory.get(ConstructorBindingImpl.java:306)
	at com.google.inject.internal.InjectorImpl$1.get(InjectorImpl.java:1050)
	... 47 common frames omitted
2026-08-04 09:05:52,896 [Worker-40: Building] INFO  o.a.m.s.f.DefaultMavenResourcesFiltering - Copying 0 resource from src\main\resources to target\classes
2026-08-04 09:05:52,904 [Worker-40: Building] INFO  o.a.m.s.f.DefaultMavenResourcesFiltering - Copying 0 resource from src\main\resources to target\classes
2026-08-04 09:05:52,991 [Worker-40: Building] INFO  o.a.m.s.f.DefaultMavenResourcesFiltering - Copying 0 resource from src\test\resources to target\test-classes
2026-08-04 09:05:53,013 [Worker-40: Building] WARN  Sisu - Error injecting: org.apache.maven.plugins.jar.JarMojo
com.google.inject.ProvisionException: Unable to provision, see the following errors:

1) Error in custom provider, com.google.inject.OutOfScopeException: Cannot access Key[type=org.apache.maven.project.MavenProject, annotation=[none]] outside of a scoping block
  at org.apache.maven.execution.scope.internal.MojoExecutionScopeModule.configure(MojoExecutionScopeModule.java:55) (via modules: org.eclipse.sisu.wire.WireModule -> org.apache.maven.execution.scope.internal.MojoExecutionScopeModule)
  while locating org.apache.maven.project.MavenProject
    for the 1st parameter of org.apache.maven.plugins.jar.JarMojo.<init>(Unknown Source)
  while locating org.apache.maven.plugins.jar.JarMojo

1 error
	at com.google.inject.internal.InternalProvisionException.toProvisionException(InternalProvisionException.java:226)
	at com.google.inject.internal.InjectorImpl$1.get(InjectorImpl.java:1053)
	at com.google.inject.internal.InjectorImpl.getInstance(InjectorImpl.java:1086)
	at org.eclipse.sisu.space.AbstractDeferredClass.get(AbstractDeferredClass.java:48)
	at com.google.inject.internal.ProviderInternalFactory.provision(ProviderInternalFactory.java:85)
	at com.google.inject.internal.InternalFactoryToInitializableAdapter.provision(InternalFactoryToInitializableAdapter.java:57)
	at com.google.inject.internal.ProviderInternalFactory$1.call(ProviderInternalFactory.java:66)
	at com.google.inject.internal.ProvisionListenerStackCallback$Provision.provision(ProvisionListenerStackCallback.java:112)
	at com.google.inject.internal.ProvisionListenerStackCallback$Provision.provision(ProvisionListenerStackCallback.java:127)
	at com.google.inject.internal.ProvisionListenerStackCallback.provision(ProvisionListenerStackCallback.java:66)
	at com.google.inject.internal.ProviderInternalFactory.circularGet(ProviderInternalFactory.java:61)
	at com.google.inject.internal.InternalFactoryToInitializableAdapter.get(InternalFactoryToInitializableAdapter.java:47)
	at com.google.inject.internal.InjectorImpl$1.get(InjectorImpl.java:1050)
	at org.eclipse.sisu.inject.Guice4$1.get(Guice4.java:162)
	at org.eclipse.sisu.inject.LazyBeanEntry.getValue(LazyBeanEntry.java:81)
	at org.eclipse.sisu.plexus.LazyPlexusBean.getValue(LazyPlexusBean.java:51)
	at org.codehaus.plexus.DefaultPlexusContainer.lookup(DefaultPlexusContainer.java:263)
	at org.codehaus.plexus.DefaultPlexusContainer.lookup(DefaultPlexusContainer.java:255)
	at org.apache.maven.plugin.internal.DefaultMavenPluginManager.getConfiguredMojo(DefaultMavenPluginManager.java:520)
	at org.eclipse.m2e.core.internal.embedder.MavenImpl.getConfiguredMojo(MavenImpl.java:359)
	at org.sonatype.m2e.mavenarchiver.internal.AbstractMavenArchiverConfigurator.reflectManifestGeneration(AbstractMavenArchiverConfigurator.java:469)
	at org.sonatype.m2e.mavenarchiver.internal.AbstractMavenArchiverConfigurator.generateManifest(AbstractMavenArchiverConfigurator.java:422)
	at org.sonatype.m2e.mavenarchiver.internal.AbstractMavenArchiverConfigurator.mavenProjectChanged(AbstractMavenArchiverConfigurator.java:227)
	at org.sonatype.m2e.mavenarchiver.internal.AbstractMavenArchiverConfigurator$1.build(AbstractMavenArchiverConfigurator.java:167)
	at org.eclipse.m2e.core.internal.builder.MavenBuilderImpl.build(MavenBuilderImpl.java:135)
	at org.eclipse.m2e.core.internal.builder.MavenBuilder$1.method(MavenBuilder.java:169)
	at org.eclipse.m2e.core.internal.builder.MavenBuilder$1.method(MavenBuilder.java:1)
	at org.eclipse.m2e.core.internal.builder.MavenBuilder$BuildMethod.lambda$1(MavenBuilder.java:114)
	at org.eclipse.m2e.core.internal.embedder.MavenExecutionContext.executeBare(MavenExecutionContext.java:182)
	at org.eclipse.m2e.core.internal.embedder.MavenExecutionContext.execute(MavenExecutionContext.java:117)
	at org.eclipse.m2e.core.internal.builder.MavenBuilder$BuildMethod.lambda$0(MavenBuilder.java:105)
	at org.eclipse.m2e.core.internal.embedder.MavenExecutionContext.executeBare(MavenExecutionContext.java:182)
	at org.eclipse.m2e.core.internal.embedder.MavenExecutionContext.execute(MavenExecutionContext.java:156)
	at org.eclipse.m2e.core.internal.embedder.MavenExecutionContext.execute(MavenExecutionContext.java:103)
	at org.eclipse.m2e.core.internal.builder.MavenBuilder$BuildMethod.execute(MavenBuilder.java:88)
	at org.eclipse.m2e.core.internal.builder.MavenBuilder.build(MavenBuilder.java:198)
	at org.eclipse.core.internal.events.BuildManager$2.run(BuildManager.java:1024)
	at org.eclipse.core.runtime.SafeRunner.run(SafeRunner.java:45)
	at org.eclipse.core.internal.events.BuildManager.basicBuild(BuildManager.java:254)
	at org.eclipse.core.internal.events.BuildManager.basicBuild(BuildManager.java:311)
	at org.eclipse.core.internal.events.BuildManager$1.run(BuildManager.java:400)
	at org.eclipse.core.runtime.SafeRunner.run(SafeRunner.java:45)
	at org.eclipse.core.internal.events.BuildManager.basicBuild(BuildManager.java:403)
	at org.eclipse.core.internal.events.BuildManager.basicBuildLoop(BuildManager.java:514)
	at org.eclipse.core.internal.events.BuildManager.basicBuildLoop(BuildManager.java:462)
	at org.eclipse.core.internal.events.BuildManager.build(BuildManager.java:544)
	at org.eclipse.core.internal.events.AutoBuildJob.doBuild(AutoBuildJob.java:161)
	at org.eclipse.core.internal.events.AutoBuildJob.run(AutoBuildJob.java:255)
	at org.eclipse.core.internal.jobs.Worker.run(Worker.java:63)
Caused by: com.google.inject.OutOfScopeException: Cannot access Key[type=org.apache.maven.project.MavenProject, annotation=[none]] outside of a scoping block
	at org.apache.maven.execution.scope.internal.MojoExecutionScope$2.get(MojoExecutionScope.java:122)
	at com.google.inject.internal.InternalFactoryToProviderAdapter.get(InternalFactoryToProviderAdapter.java:39)
	at com.google.inject.internal.SingleParameterInjector.inject(SingleParameterInjector.java:42)
	at com.google.inject.internal.SingleParameterInjector.getAll(SingleParameterInjector.java:65)
	at com.google.inject.internal.ConstructorInjector.provision(ConstructorInjector.java:113)
	at com.google.inject.internal.ConstructorInjector.access$000(ConstructorInjector.java:32)
	at com.google.inject.internal.ConstructorInjector$1.call(ConstructorInjector.java:98)
	at com.google.inject.internal.ProvisionListenerStackCallback$Provision.provision(ProvisionListenerStackCallback.java:112)
	at com.google.inject.internal.ProvisionListenerStackCallback$Provision.provision(ProvisionListenerStackCallback.java:127)
	at com.google.inject.internal.ProvisionListenerStackCallback.provision(ProvisionListenerStackCallback.java:66)
	at com.google.inject.internal.ConstructorInjector.construct(ConstructorInjector.java:93)
	at com.google.inject.internal.ConstructorBindingImpl$Factory.get(ConstructorBindingImpl.java:306)
	at com.google.inject.internal.InjectorImpl$1.get(InjectorImpl.java:1050)
	... 47 common frames omitted
2026-08-04 09:06:09,375 [Worker-44: Building] INFO  o.a.m.s.f.DefaultMavenResourcesFiltering - Copying 0 resource from src\main\resources to target\classes
2026-08-04 09:06:09,383 [Worker-44: Building] INFO  o.a.m.s.f.DefaultMavenResourcesFiltering - Copying 0 resource from src\main\resources to target\classes
2026-08-04 09:06:09,392 [Worker-44: Building] INFO  o.a.m.s.f.DefaultMavenResourcesFiltering - Copying 0 resource from src\test\resources to target\test-classes
2026-08-04 09:06:09,403 [Worker-44: Building] WARN  Sisu - Error injecting: org.apache.maven.plugins.jar.JarMojo
com.google.inject.ProvisionException: Unable to provision, see the following errors:

1) Error in custom provider, com.google.inject.OutOfScopeException: Cannot access Key[type=org.apache.maven.project.MavenProject, annotation=[none]] outside of a scoping block
  at org.apache.maven.execution.scope.internal.MojoExecutionScopeModule.configure(MojoExecutionScopeModule.java:55) (via modules: org.eclipse.sisu.wire.WireModule -> org.apache.maven.execution.scope.internal.MojoExecutionScopeModule)
  while locating org.apache.maven.project.MavenProject
    for the 1st parameter of org.apache.maven.plugins.jar.JarMojo.<init>(Unknown Source)
  while locating org.apache.maven.plugins.jar.JarMojo

1 error
	at com.google.inject.internal.InternalProvisionException.toProvisionException(InternalProvisionException.java:226)
	at com.google.inject.internal.InjectorImpl$1.get(InjectorImpl.java:1053)
	at com.google.inject.internal.InjectorImpl.getInstance(InjectorImpl.java:1086)
	at org.eclipse.sisu.space.AbstractDeferredClass.get(AbstractDeferredClass.java:48)
	at com.google.inject.internal.ProviderInternalFactory.provision(ProviderInternalFactory.java:85)
	at com.google.inject.internal.InternalFactoryToInitializableAdapter.provision(InternalFactoryToInitializableAdapter.java:57)
	at com.google.inject.internal.ProviderInternalFactory$1.call(ProviderInternalFactory.java:66)
	at com.google.inject.internal.ProvisionListenerStackCallback$Provision.provision(ProvisionListenerStackCallback.java:112)
	at com.google.inject.internal.ProvisionListenerStackCallback$Provision.provision(ProvisionListenerStackCallback.java:127)
	at com.google.inject.internal.ProvisionListenerStackCallback.provision(ProvisionListenerStackCallback.java:66)
	at com.google.inject.internal.ProviderInternalFactory.circularGet(ProviderInternalFactory.java:61)
	at com.google.inject.internal.InternalFactoryToInitializableAdapter.get(InternalFactoryToInitializableAdapter.java:47)
	at com.google.inject.internal.InjectorImpl$1.get(InjectorImpl.java:1050)
	at org.eclipse.sisu.inject.Guice4$1.get(Guice4.java:162)
	at org.eclipse.sisu.inject.LazyBeanEntry.getValue(LazyBeanEntry.java:81)
	at org.eclipse.sisu.plexus.LazyPlexusBean.getValue(LazyPlexusBean.java:51)
	at org.codehaus.plexus.DefaultPlexusContainer.lookup(DefaultPlexusContainer.java:263)
	at org.codehaus.plexus.DefaultPlexusContainer.lookup(DefaultPlexusContainer.java:255)
	at org.apache.maven.plugin.internal.DefaultMavenPluginManager.getConfiguredMojo(DefaultMavenPluginManager.java:520)
	at org.eclipse.m2e.core.internal.embedder.MavenImpl.getConfiguredMojo(MavenImpl.java:359)
	at org.sonatype.m2e.mavenarchiver.internal.AbstractMavenArchiverConfigurator.reflectManifestGeneration(AbstractMavenArchiverConfigurator.java:469)
	at org.sonatype.m2e.mavenarchiver.internal.AbstractMavenArchiverConfigurator.generateManifest(AbstractMavenArchiverConfigurator.java:422)
	at org.sonatype.m2e.mavenarchiver.internal.AbstractMavenArchiverConfigurator.mavenProjectChanged(AbstractMavenArchiverConfigurator.java:227)
	at org.sonatype.m2e.mavenarchiver.internal.AbstractMavenArchiverConfigurator$1.build(AbstractMavenArchiverConfigurator.java:167)
	at org.eclipse.m2e.core.internal.builder.MavenBuilderImpl.build(MavenBuilderImpl.java:135)
	at org.eclipse.m2e.core.internal.builder.MavenBuilder$1.method(MavenBuilder.java:169)
	at org.eclipse.m2e.core.internal.builder.MavenBuilder$1.method(MavenBuilder.java:1)
	at org.eclipse.m2e.core.internal.builder.MavenBuilder$BuildMethod.lambda$1(MavenBuilder.java:114)
	at org.eclipse.m2e.core.internal.embedder.MavenExecutionContext.executeBare(MavenExecutionContext.java:182)
	at org.eclipse.m2e.core.internal.embedder.MavenExecutionContext.execute(MavenExecutionContext.java:117)
	at org.eclipse.m2e.core.internal.builder.MavenBuilder$BuildMethod.lambda$0(MavenBuilder.java:105)
	at org.eclipse.m2e.core.internal.embedder.MavenExecutionContext.executeBare(MavenExecutionContext.java:182)
	at org.eclipse.m2e.core.internal.embedder.MavenExecutionContext.execute(MavenExecutionContext.java:156)
	at org.eclipse.m2e.core.internal.embedder.MavenExecutionContext.execute(MavenExecutionContext.java:103)
	at org.eclipse.m2e.core.internal.builder.MavenBuilder$BuildMethod.execute(MavenBuilder.java:88)
	at org.eclipse.m2e.core.internal.builder.MavenBuilder.build(MavenBuilder.java:198)
	at org.eclipse.core.internal.events.BuildManager$2.run(BuildManager.java:1024)
	at org.eclipse.core.runtime.SafeRunner.run(SafeRunner.java:45)
	at org.eclipse.core.internal.events.BuildManager.basicBuild(BuildManager.java:254)
	at org.eclipse.core.internal.events.BuildManager.basicBuild(BuildManager.java:311)
	at org.eclipse.core.internal.events.BuildManager$1.run(BuildManager.java:400)
	at org.eclipse.core.runtime.SafeRunner.run(SafeRunner.java:45)
	at org.eclipse.core.internal.events.BuildManager.basicBuild(BuildManager.java:403)
	at org.eclipse.core.internal.events.BuildManager.basicBuildLoop(BuildManager.java:514)
	at org.eclipse.core.internal.events.BuildManager.basicBuildLoop(BuildManager.java:462)
	at org.eclipse.core.internal.events.BuildManager.build(BuildManager.java:544)
	at org.eclipse.core.internal.events.AutoBuildJob.doBuild(AutoBuildJob.java:161)
	at org.eclipse.core.internal.events.AutoBuildJob.run(AutoBuildJob.java:255)
	at org.eclipse.core.internal.jobs.Worker.run(Worker.java:63)
Caused by: com.google.inject.OutOfScopeException: Cannot access Key[type=org.apache.maven.project.MavenProject, annotation=[none]] outside of a scoping block
	at org.apache.maven.execution.scope.internal.MojoExecutionScope$2.get(MojoExecutionScope.java:122)
	at com.google.inject.internal.InternalFactoryToProviderAdapter.get(InternalFactoryToProviderAdapter.java:39)
	at com.google.inject.internal.SingleParameterInjector.inject(SingleParameterInjector.java:42)
	at com.google.inject.internal.SingleParameterInjector.getAll(SingleParameterInjector.java:65)
	at com.google.inject.internal.ConstructorInjector.provision(ConstructorInjector.java:113)
	at com.google.inject.internal.ConstructorInjector.access$000(ConstructorInjector.java:32)
	at com.google.inject.internal.ConstructorInjector$1.call(ConstructorInjector.java:98)
	at com.google.inject.internal.ProvisionListenerStackCallback$Provision.provision(ProvisionListenerStackCallback.java:112)
	at com.google.inject.internal.ProvisionListenerStackCallback$Provision.provision(ProvisionListenerStackCallback.java:127)
	at com.google.inject.internal.ProvisionListenerStackCallback.provision(ProvisionListenerStackCallback.java:66)
	at com.google.inject.internal.ConstructorInjector.construct(ConstructorInjector.java:93)
	at com.google.inject.internal.ConstructorBindingImpl$Factory.get(ConstructorBindingImpl.java:306)
	at com.google.inject.internal.InjectorImpl$1.get(InjectorImpl.java:1050)
	... 47 common frames omitted
2026-08-04 09:06:31,862 [Worker-18: Building] INFO  o.a.m.s.f.DefaultMavenResourcesFiltering - Copying 0 resource from src\main\resources to target\classes
2026-08-04 09:06:31,865 [Worker-18: Building] INFO  o.a.m.s.f.DefaultMavenResourcesFiltering - Copying 0 resource from src\main\resources to target\classes
2026-08-04 09:06:31,875 [Worker-18: Building] INFO  o.a.m.s.f.DefaultMavenResourcesFiltering - Copying 0 resource from src\test\resources to target\test-classes
2026-08-04 09:06:31,884 [Worker-18: Building] WARN  Sisu - Error injecting: org.apache.maven.plugins.jar.JarMojo
com.google.inject.ProvisionException: Unable to provision, see the following errors:

1) Error in custom provider, com.google.inject.OutOfScopeException: Cannot access Key[type=org.apache.maven.project.MavenProject, annotation=[none]] outside of a scoping block
  at org.apache.maven.execution.scope.internal.MojoExecutionScopeModule.configure(MojoExecutionScopeModule.java:55) (via modules: org.eclipse.sisu.wire.WireModule -> org.apache.maven.execution.scope.internal.MojoExecutionScopeModule)
  while locating org.apache.maven.project.MavenProject
    for the 1st parameter of org.apache.maven.plugins.jar.JarMojo.<init>(Unknown Source)
  while locating org.apache.maven.plugins.jar.JarMojo

1 error
	at com.google.inject.internal.InternalProvisionException.toProvisionException(InternalProvisionException.java:226)
	at com.google.inject.internal.InjectorImpl$1.get(InjectorImpl.java:1053)
	at com.google.inject.internal.InjectorImpl.getInstance(InjectorImpl.java:1086)
	at org.eclipse.sisu.space.AbstractDeferredClass.get(AbstractDeferredClass.java:48)
	at com.google.inject.internal.ProviderInternalFactory.provision(ProviderInternalFactory.java:85)
	at com.google.inject.internal.InternalFactoryToInitializableAdapter.provision(InternalFactoryToInitializableAdapter.java:57)
	at com.google.inject.internal.ProviderInternalFactory$1.call(ProviderInternalFactory.java:66)
	at com.google.inject.internal.ProvisionListenerStackCallback$Provision.provision(ProvisionListenerStackCallback.java:112)
	at com.google.inject.internal.ProvisionListenerStackCallback$Provision.provision(ProvisionListenerStackCallback.java:127)
	at com.google.inject.internal.ProvisionListenerStackCallback.provision(ProvisionListenerStackCallback.java:66)
	at com.google.inject.internal.ProviderInternalFactory.circularGet(ProviderInternalFactory.java:61)
	at com.google.inject.internal.InternalFactoryToInitializableAdapter.get(InternalFactoryToInitializableAdapter.java:47)
	at com.google.inject.internal.InjectorImpl$1.get(InjectorImpl.java:1050)
	at org.eclipse.sisu.inject.Guice4$1.get(Guice4.java:162)
	at org.eclipse.sisu.inject.LazyBeanEntry.getValue(LazyBeanEntry.java:81)
	at org.eclipse.sisu.plexus.LazyPlexusBean.getValue(LazyPlexusBean.java:51)
	at org.codehaus.plexus.DefaultPlexusContainer.lookup(DefaultPlexusContainer.java:263)
	at org.codehaus.plexus.DefaultPlexusContainer.lookup(DefaultPlexusContainer.java:255)
	at org.apache.maven.plugin.internal.DefaultMavenPluginManager.getConfiguredMojo(DefaultMavenPluginManager.java:520)
	at org.eclipse.m2e.core.internal.embedder.MavenImpl.getConfiguredMojo(MavenImpl.java:359)
	at org.sonatype.m2e.mavenarchiver.internal.AbstractMavenArchiverConfigurator.reflectManifestGeneration(AbstractMavenArchiverConfigurator.java:469)
	at org.sonatype.m2e.mavenarchiver.internal.AbstractMavenArchiverConfigurator.generateManifest(AbstractMavenArchiverConfigurator.java:422)
	at org.sonatype.m2e.mavenarchiver.internal.AbstractMavenArchiverConfigurator.mavenProjectChanged(AbstractMavenArchiverConfigurator.java:227)
	at org.sonatype.m2e.mavenarchiver.internal.AbstractMavenArchiverConfigurator$1.build(AbstractMavenArchiverConfigurator.java:167)
	at org.eclipse.m2e.core.internal.builder.MavenBuilderImpl.build(MavenBuilderImpl.java:135)
	at org.eclipse.m2e.core.internal.builder.MavenBuilder$1.method(MavenBuilder.java:169)
	at org.eclipse.m2e.core.internal.builder.MavenBuilder$1.method(MavenBuilder.java:1)
	at org.eclipse.m2e.core.internal.builder.MavenBuilder$BuildMethod.lambda$1(MavenBuilder.java:114)
	at org.eclipse.m2e.core.internal.embedder.MavenExecutionContext.executeBare(MavenExecutionContext.java:182)
	at org.eclipse.m2e.core.internal.embedder.MavenExecutionContext.execute(MavenExecutionContext.java:117)
	at org.eclipse.m2e.core.internal.builder.MavenBuilder$BuildMethod.lambda$0(MavenBuilder.java:105)
	at org.eclipse.m2e.core.internal.embedder.MavenExecutionContext.executeBare(MavenExecutionContext.java:182)
	at org.eclipse.m2e.core.internal.embedder.MavenExecutionContext.execute(MavenExecutionContext.java:156)
	at org.eclipse.m2e.core.internal.embedder.MavenExecutionContext.execute(MavenExecutionContext.java:103)
	at org.eclipse.m2e.core.internal.builder.MavenBuilder$BuildMethod.execute(MavenBuilder.java:88)
	at org.eclipse.m2e.core.internal.builder.MavenBuilder.build(MavenBuilder.java:198)
	at org.eclipse.core.internal.events.BuildManager$2.run(BuildManager.java:1024)
	at org.eclipse.core.runtime.SafeRunner.run(SafeRunner.java:45)
	at org.eclipse.core.internal.events.BuildManager.basicBuild(BuildManager.java:254)
	at org.eclipse.core.internal.events.BuildManager.basicBuild(BuildManager.java:311)
	at org.eclipse.core.internal.events.BuildManager$1.run(BuildManager.java:400)
	at org.eclipse.core.runtime.SafeRunner.run(SafeRunner.java:45)
	at org.eclipse.core.internal.events.BuildManager.basicBuild(BuildManager.java:403)
	at org.eclipse.core.internal.events.BuildManager.basicBuildLoop(BuildManager.java:514)
	at org.eclipse.core.internal.events.BuildManager.basicBuildLoop(BuildManager.java:462)
	at org.eclipse.core.internal.events.BuildManager.build(BuildManager.java:544)
	at org.eclipse.core.internal.events.AutoBuildJob.doBuild(AutoBuildJob.java:161)
	at org.eclipse.core.internal.events.AutoBuildJob.run(AutoBuildJob.java:255)
	at org.eclipse.core.internal.jobs.Worker.run(Worker.java:63)
Caused by: com.google.inject.OutOfScopeException: Cannot access Key[type=org.apache.maven.project.MavenProject, annotation=[none]] outside of a scoping block
	at org.apache.maven.execution.scope.internal.MojoExecutionScope$2.get(MojoExecutionScope.java:122)
	at com.google.inject.internal.InternalFactoryToProviderAdapter.get(InternalFactoryToProviderAdapter.java:39)
	at com.google.inject.internal.SingleParameterInjector.inject(SingleParameterInjector.java:42)
	at com.google.inject.internal.SingleParameterInjector.getAll(SingleParameterInjector.java:65)
	at com.google.inject.internal.ConstructorInjector.provision(ConstructorInjector.java:113)
	at com.google.inject.internal.ConstructorInjector.access$000(ConstructorInjector.java:32)
	at com.google.inject.internal.ConstructorInjector$1.call(ConstructorInjector.java:98)
	at com.google.inject.internal.ProvisionListenerStackCallback$Provision.provision(ProvisionListenerStackCallback.java:112)
	at com.google.inject.internal.ProvisionListenerStackCallback$Provision.provision(ProvisionListenerStackCallback.java:127)
	at com.google.inject.internal.ProvisionListenerStackCallback.provision(ProvisionListenerStackCallback.java:66)
	at com.google.inject.internal.ConstructorInjector.construct(ConstructorInjector.java:93)
	at com.google.inject.internal.ConstructorBindingImpl$Factory.get(ConstructorBindingImpl.java:306)
	at com.google.inject.internal.InjectorImpl$1.get(InjectorImpl.java:1050)
	... 47 common frames omitted
2026-08-04 09:11:18,342 [main] INFO  o.e.m2e.actions.ExecutePomAction - Using existing launch configuration
2026-08-04 09:11:18,496 [Worker-42: Launching backend] INFO  o.e.m.i.launch.MavenLaunchDelegate - C:\Users\ADMIN\OneDrive\Documents\Final\backend
2026-08-04 09:11:18,497 [Worker-42: Launching backend] INFO  o.e.m.i.launch.MavenLaunchDelegate -  mvn -B -Dmaven.test.skip=true -DskipTests package -Dstyle.color=always -Dstyle.color=always
2026-08-04 10:27:15,353 [Worker-52: Building] INFO  o.a.m.s.f.DefaultMavenResourcesFiltering - Copying 0 resource from src\main\resources to target\classes
2026-08-04 10:27:15,360 [Worker-52: Building] INFO  o.a.m.s.f.DefaultMavenResourcesFiltering - Copying 1 resource from src\main\resources to target\classes
2026-08-04 10:27:15,373 [Worker-52: Building] INFO  o.a.m.s.f.DefaultMavenResourcesFiltering - Copying 0 resource from src\test\resources to target\test-classes
2026-08-04 10:27:15,397 [Worker-52: Building] WARN  Sisu - Error injecting: org.apache.maven.plugins.jar.JarMojo
com.google.inject.ProvisionException: Unable to provision, see the following errors:

1) Error in custom provider, com.google.inject.OutOfScopeException: Cannot access Key[type=org.apache.maven.project.MavenProject, annotation=[none]] outside of a scoping block
  at org.apache.maven.execution.scope.internal.MojoExecutionScopeModule.configure(MojoExecutionScopeModule.java:55) (via modules: org.eclipse.sisu.wire.WireModule -> org.apache.maven.execution.scope.internal.MojoExecutionScopeModule)
  while locating org.apache.maven.project.MavenProject
    for the 1st parameter of org.apache.maven.plugins.jar.JarMojo.<init>(Unknown Source)
  while locating org.apache.maven.plugins.jar.JarMojo

1 error
	at com.google.inject.internal.InternalProvisionException.toProvisionException(InternalProvisionException.java:226)
	at com.google.inject.internal.InjectorImpl$1.get(InjectorImpl.java:1053)
	at com.google.inject.internal.InjectorImpl.getInstance(InjectorImpl.java:1086)
	at org.eclipse.sisu.space.AbstractDeferredClass.get(AbstractDeferredClass.java:48)
	at com.google.inject.internal.ProviderInternalFactory.provision(ProviderInternalFactory.java:85)
	at com.google.inject.internal.InternalFactoryToInitializableAdapter.provision(InternalFactoryToInitializableAdapter.java:57)
	at com.google.inject.internal.ProviderInternalFactory$1.call(ProviderInternalFactory.java:66)
	at com.google.inject.internal.ProvisionListenerStackCallback$Provision.provision(ProvisionListenerStackCallback.java:112)
	at com.google.inject.internal.ProvisionListenerStackCallback$Provision.provision(ProvisionListenerStackCallback.java:127)
	at com.google.inject.internal.ProvisionListenerStackCallback.provision(ProvisionListenerStackCallback.java:66)
	at com.google.inject.internal.ProviderInternalFactory.circularGet(ProviderInternalFactory.java:61)
	at com.google.inject.internal.InternalFactoryToInitializableAdapter.get(InternalFactoryToInitializableAdapter.java:47)
	at com.google.inject.internal.InjectorImpl$1.get(InjectorImpl.java:1050)
	at org.eclipse.sisu.inject.Guice4$1.get(Guice4.java:162)
	at org.eclipse.sisu.inject.LazyBeanEntry.getValue(LazyBeanEntry.java:81)
	at org.eclipse.sisu.plexus.LazyPlexusBean.getValue(LazyPlexusBean.java:51)
	at org.codehaus.plexus.DefaultPlexusContainer.lookup(DefaultPlexusContainer.java:263)
	at org.codehaus.plexus.DefaultPlexusContainer.lookup(DefaultPlexusContainer.java:255)
	at org.apache.maven.plugin.internal.DefaultMavenPluginManager.getConfiguredMojo(DefaultMavenPluginManager.java:520)
	at org.eclipse.m2e.core.internal.embedder.MavenImpl.getConfiguredMojo(MavenImpl.java:359)
	at org.sonatype.m2e.mavenarchiver.internal.AbstractMavenArchiverConfigurator.reflectManifestGeneration(AbstractMavenArchiverConfigurator.java:469)
	at org.sonatype.m2e.mavenarchiver.internal.AbstractMavenArchiverConfigurator.generateManifest(AbstractMavenArchiverConfigurator.java:422)
	at org.sonatype.m2e.mavenarchiver.internal.AbstractMavenArchiverConfigurator.mavenProjectChanged(AbstractMavenArchiverConfigurator.java:227)
	at org.sonatype.m2e.mavenarchiver.internal.AbstractMavenArchiverConfigurator$1.build(AbstractMavenArchiverConfigurator.java:167)
	at org.eclipse.m2e.core.internal.builder.MavenBuilderImpl.build(MavenBuilderImpl.java:135)
	at org.eclipse.m2e.core.internal.builder.MavenBuilder$1.method(MavenBuilder.java:169)
	at org.eclipse.m2e.core.internal.builder.MavenBuilder$1.method(MavenBuilder.java:1)
	at org.eclipse.m2e.core.internal.builder.MavenBuilder$BuildMethod.lambda$1(MavenBuilder.java:114)
	at org.eclipse.m2e.core.internal.embedder.MavenExecutionContext.executeBare(MavenExecutionContext.java:182)
	at org.eclipse.m2e.core.internal.embedder.MavenExecutionContext.execute(MavenExecutionContext.java:117)
	at org.eclipse.m2e.core.internal.builder.MavenBuilder$BuildMethod.lambda$0(MavenBuilder.java:105)
	at org.eclipse.m2e.core.internal.embedder.MavenExecutionContext.executeBare(MavenExecutionContext.java:182)
	at org.eclipse.m2e.core.internal.embedder.MavenExecutionContext.execute(MavenExecutionContext.java:156)
	at org.eclipse.m2e.core.internal.embedder.MavenExecutionContext.execute(MavenExecutionContext.java:103)
	at org.eclipse.m2e.core.internal.builder.MavenBuilder$BuildMethod.execute(MavenBuilder.java:88)
	at org.eclipse.m2e.core.internal.builder.MavenBuilder.build(MavenBuilder.java:198)
	at org.eclipse.core.internal.events.BuildManager$2.run(BuildManager.java:1024)
	at org.eclipse.core.runtime.SafeRunner.run(SafeRunner.java:45)
	at org.eclipse.core.internal.events.BuildManager.basicBuild(BuildManager.java:254)
	at org.eclipse.core.internal.events.BuildManager.basicBuild(BuildManager.java:311)
	at org.eclipse.core.internal.events.BuildManager$1.run(BuildManager.java:400)
	at org.eclipse.core.runtime.SafeRunner.run(SafeRunner.java:45)
	at org.eclipse.core.internal.events.BuildManager.basicBuild(BuildManager.java:403)
	at org.eclipse.core.internal.events.BuildManager.basicBuildLoop(BuildManager.java:514)
	at org.eclipse.core.internal.events.BuildManager.basicBuildLoop(BuildManager.java:462)
	at org.eclipse.core.internal.events.BuildManager.build(BuildManager.java:544)
	at org.eclipse.core.internal.events.AutoBuildJob.doBuild(AutoBuildJob.java:161)
	at org.eclipse.core.internal.events.AutoBuildJob.run(AutoBuildJob.java:255)
	at org.eclipse.core.internal.jobs.Worker.run(Worker.java:63)
Caused by: com.google.inject.OutOfScopeException: Cannot access Key[type=org.apache.maven.project.MavenProject, annotation=[none]] outside of a scoping block
	at org.apache.maven.execution.scope.internal.MojoExecutionScope$2.get(MojoExecutionScope.java:122)
	at com.google.inject.internal.InternalFactoryToProviderAdapter.get(InternalFactoryToProviderAdapter.java:39)
	at com.google.inject.internal.SingleParameterInjector.inject(SingleParameterInjector.java:42)
	at com.google.inject.internal.SingleParameterInjector.getAll(SingleParameterInjector.java:65)
	at com.google.inject.internal.ConstructorInjector.provision(ConstructorInjector.java:113)
	at com.google.inject.internal.ConstructorInjector.access$000(ConstructorInjector.java:32)
	at com.google.inject.internal.ConstructorInjector$1.call(ConstructorInjector.java:98)
	at com.google.inject.internal.ProvisionListenerStackCallback$Provision.provision(ProvisionListenerStackCallback.java:112)
	at com.google.inject.internal.ProvisionListenerStackCallback$Provision.provision(ProvisionListenerStackCallback.java:127)
	at com.google.inject.internal.ProvisionListenerStackCallback.provision(ProvisionListenerStackCallback.java:66)
	at com.google.inject.internal.ConstructorInjector.construct(ConstructorInjector.java:93)
	at com.google.inject.internal.ConstructorBindingImpl$Factory.get(ConstructorBindingImpl.java:306)
	at com.google.inject.internal.InjectorImpl$1.get(InjectorImpl.java:1050)
	... 47 common frames omitted
2026-08-04 10:27:35,760 [Worker-51: Launching Executing clean in C__Users_ADMIN_OneDrive_Documents_Final_backend] INFO  o.e.m.i.launch.MavenLaunchDelegate - C:\Users\ADMIN\OneDrive\Documents\Final\backend
2026-08-04 10:27:35,760 [Worker-51: Launching Executing clean in C__Users_ADMIN_OneDrive_Documents_Final_backend] INFO  o.e.m.i.launch.MavenLaunchDelegate -  mvn -B clean -Dstyle.color=always -Dstyle.color=always
2026-08-04 10:27:42,187 [Worker-52: Building] INFO  o.a.m.s.f.DefaultMavenResourcesFiltering - Copying 3 resources from src\main\resources to target\classes
2026-08-04 10:27:42,213 [Worker-52: Building] INFO  o.a.m.s.f.DefaultMavenResourcesFiltering - Copying 4 resources from src\main\resources to target\classes
2026-08-04 10:27:42,240 [Worker-52: Building] INFO  o.a.m.s.f.DefaultMavenResourcesFiltering - Copying 0 resource from src\test\resources to target\test-classes
2026-08-04 10:27:42,282 [Worker-52: Building] WARN  Sisu - Error injecting: org.apache.maven.plugins.jar.JarMojo
com.google.inject.ProvisionException: Unable to provision, see the following errors:

1) Error in custom provider, com.google.inject.OutOfScopeException: Cannot access Key[type=org.apache.maven.project.MavenProject, annotation=[none]] outside of a scoping block
  at org.apache.maven.execution.scope.internal.MojoExecutionScopeModule.configure(MojoExecutionScopeModule.java:55) (via modules: org.eclipse.sisu.wire.WireModule -> org.apache.maven.execution.scope.internal.MojoExecutionScopeModule)
  while locating org.apache.maven.project.MavenProject
    for the 1st parameter of org.apache.maven.plugins.jar.JarMojo.<init>(Unknown Source)
  while locating org.apache.maven.plugins.jar.JarMojo

1 error
	at com.google.inject.internal.InternalProvisionException.toProvisionException(InternalProvisionException.java:226)
	at com.google.inject.internal.InjectorImpl$1.get(InjectorImpl.java:1053)
	at com.google.inject.internal.InjectorImpl.getInstance(InjectorImpl.java:1086)
	at org.eclipse.sisu.space.AbstractDeferredClass.get(AbstractDeferredClass.java:48)
	at com.google.inject.internal.ProviderInternalFactory.provision(ProviderInternalFactory.java:85)
	at com.google.inject.internal.InternalFactoryToInitializableAdapter.provision(InternalFactoryToInitializableAdapter.java:57)
	at com.google.inject.internal.ProviderInternalFactory$1.call(ProviderInternalFactory.java:66)
	at com.google.inject.internal.ProvisionListenerStackCallback$Provision.provision(ProvisionListenerStackCallback.java:112)
	at com.google.inject.internal.ProvisionListenerStackCallback$Provision.provision(ProvisionListenerStackCallback.java:127)
	at com.google.inject.internal.ProvisionListenerStackCallback.provision(ProvisionListenerStackCallback.java:66)
	at com.google.inject.internal.ProviderInternalFactory.circularGet(ProviderInternalFactory.java:61)
	at com.google.inject.internal.InternalFactoryToInitializableAdapter.get(InternalFactoryToInitializableAdapter.java:47)
	at com.google.inject.internal.InjectorImpl$1.get(InjectorImpl.java:1050)
	at org.eclipse.sisu.inject.Guice4$1.get(Guice4.java:162)
	at org.eclipse.sisu.inject.LazyBeanEntry.getValue(LazyBeanEntry.java:81)
	at org.eclipse.sisu.plexus.LazyPlexusBean.getValue(LazyPlexusBean.java:51)
	at org.codehaus.plexus.DefaultPlexusContainer.lookup(DefaultPlexusContainer.java:263)
	at org.codehaus.plexus.DefaultPlexusContainer.lookup(DefaultPlexusContainer.java:255)
	at org.apache.maven.plugin.internal.DefaultMavenPluginManager.getConfiguredMojo(DefaultMavenPluginManager.java:520)
	at org.eclipse.m2e.core.internal.embedder.MavenImpl.getConfiguredMojo(MavenImpl.java:359)
	at org.sonatype.m2e.mavenarchiver.internal.AbstractMavenArchiverConfigurator.reflectManifestGeneration(AbstractMavenArchiverConfigurator.java:469)
	at org.sonatype.m2e.mavenarchiver.internal.AbstractMavenArchiverConfigurator.generateManifest(AbstractMavenArchiverConfigurator.java:422)
	at org.sonatype.m2e.mavenarchiver.internal.AbstractMavenArchiverConfigurator.mavenProjectChanged(AbstractMavenArchiverConfigurator.java:227)
	at org.sonatype.m2e.mavenarchiver.internal.AbstractMavenArchiverConfigurator$1.build(AbstractMavenArchiverConfigurator.java:167)
	at org.eclipse.m2e.core.internal.builder.MavenBuilderImpl.build(MavenBuilderImpl.java:135)
	at org.eclipse.m2e.core.internal.builder.MavenBuilder$1.method(MavenBuilder.java:169)
	at org.eclipse.m2e.core.internal.builder.MavenBuilder$1.method(MavenBuilder.java:1)
	at org.eclipse.m2e.core.internal.builder.MavenBuilder$BuildMethod.lambda$1(MavenBuilder.java:114)
	at org.eclipse.m2e.core.internal.embedder.MavenExecutionContext.executeBare(MavenExecutionContext.java:182)
	at org.eclipse.m2e.core.internal.embedder.MavenExecutionContext.execute(MavenExecutionContext.java:117)
	at org.eclipse.m2e.core.internal.builder.MavenBuilder$BuildMethod.lambda$0(MavenBuilder.java:105)
	at org.eclipse.m2e.core.internal.embedder.MavenExecutionContext.executeBare(MavenExecutionContext.java:182)
	at org.eclipse.m2e.core.internal.embedder.MavenExecutionContext.execute(MavenExecutionContext.java:156)
	at org.eclipse.m2e.core.internal.embedder.MavenExecutionContext.execute(MavenExecutionContext.java:103)
	at org.eclipse.m2e.core.internal.builder.MavenBuilder$BuildMethod.execute(MavenBuilder.java:88)
	at org.eclipse.m2e.core.internal.builder.MavenBuilder.build(MavenBuilder.java:198)
	at org.eclipse.core.internal.events.BuildManager$2.run(BuildManager.java:1024)
	at org.eclipse.core.runtime.SafeRunner.run(SafeRunner.java:45)
	at org.eclipse.core.internal.events.BuildManager.basicBuild(BuildManager.java:254)
	at org.eclipse.core.internal.events.BuildManager.basicBuild(BuildManager.java:311)
	at org.eclipse.core.internal.events.BuildManager$1.run(BuildManager.java:400)
	at org.eclipse.core.runtime.SafeRunner.run(SafeRunner.java:45)
	at org.eclipse.core.internal.events.BuildManager.basicBuild(BuildManager.java:403)
	at org.eclipse.core.internal.events.BuildManager.basicBuildLoop(BuildManager.java:514)
	at org.eclipse.core.internal.events.BuildManager.basicBuildLoop(BuildManager.java:462)
	at org.eclipse.core.internal.events.BuildManager.build(BuildManager.java:544)
	at org.eclipse.core.internal.events.AutoBuildJob.doBuild(AutoBuildJob.java:161)
	at org.eclipse.core.internal.events.AutoBuildJob.run(AutoBuildJob.java:255)
	at org.eclipse.core.internal.jobs.Worker.run(Worker.java:63)
Caused by: com.google.inject.OutOfScopeException: Cannot access Key[type=org.apache.maven.project.MavenProject, annotation=[none]] outside of a scoping block
	at org.apache.maven.execution.scope.internal.MojoExecutionScope$2.get(MojoExecutionScope.java:122)
	at com.google.inject.internal.InternalFactoryToProviderAdapter.get(InternalFactoryToProviderAdapter.java:39)
	at com.google.inject.internal.SingleParameterInjector.inject(SingleParameterInjector.java:42)
	at com.google.inject.internal.SingleParameterInjector.getAll(SingleParameterInjector.java:65)
	at com.google.inject.internal.ConstructorInjector.provision(ConstructorInjector.java:113)
	at com.google.inject.internal.ConstructorInjector.access$000(ConstructorInjector.java:32)
	at com.google.inject.internal.ConstructorInjector$1.call(ConstructorInjector.java:98)
	at com.google.inject.internal.ProvisionListenerStackCallback$Provision.provision(ProvisionListenerStackCallback.java:112)
	at com.google.inject.internal.ProvisionListenerStackCallback$Provision.provision(ProvisionListenerStackCallback.java:127)
	at com.google.inject.internal.ProvisionListenerStackCallback.provision(ProvisionListenerStackCallback.java:66)
	at com.google.inject.internal.ConstructorInjector.construct(ConstructorInjector.java:93)
	at com.google.inject.internal.ConstructorBindingImpl$Factory.get(ConstructorBindingImpl.java:306)
	at com.google.inject.internal.InjectorImpl$1.get(InjectorImpl.java:1050)
	... 47 common frames omitted
2026-08-04 10:28:40,170 [main] INFO  o.e.m2e.actions.ExecutePomAction - Using existing launch configuration
2026-08-04 10:28:40,238 [Worker-52: Launching backend] INFO  o.e.m.i.launch.MavenLaunchDelegate - C:\Users\ADMIN\OneDrive\Documents\Final\backend
2026-08-04 10:28:40,239 [Worker-52: Launching backend] INFO  o.e.m.i.launch.MavenLaunchDelegate -  mvn -B -Dmaven.test.skip=true -DskipTests package -Dstyle.color=always -Dstyle.color=always
2026-08-04 11:14:02,025 [Worker-61: Building] INFO  o.a.m.s.f.DefaultMavenResourcesFiltering - Copying 1 resource from src\main\resources to target\classes
2026-08-04 11:14:02,038 [Worker-61: Building] INFO  o.a.m.s.f.DefaultMavenResourcesFiltering - Copying 0 resource from src\main\resources to target\classes
2026-08-04 11:14:02,047 [Worker-61: Building] INFO  o.a.m.s.f.DefaultMavenResourcesFiltering - Copying 0 resource from src\test\resources to target\test-classes
2026-08-04 11:14:02,067 [Worker-61: Building] WARN  Sisu - Error injecting: org.apache.maven.plugins.jar.JarMojo
com.google.inject.ProvisionException: Unable to provision, see the following errors:

1) Error in custom provider, com.google.inject.OutOfScopeException: Cannot access Key[type=org.apache.maven.project.MavenProject, annotation=[none]] outside of a scoping block
  at org.apache.maven.execution.scope.internal.MojoExecutionScopeModule.configure(MojoExecutionScopeModule.java:55) (via modules: org.eclipse.sisu.wire.WireModule -> org.apache.maven.execution.scope.internal.MojoExecutionScopeModule)
  while locating org.apache.maven.project.MavenProject
    for the 1st parameter of org.apache.maven.plugins.jar.JarMojo.<init>(Unknown Source)
  while locating org.apache.maven.plugins.jar.JarMojo

1 error
	at com.google.inject.internal.InternalProvisionException.toProvisionException(InternalProvisionException.java:226)
	at com.google.inject.internal.InjectorImpl$1.get(InjectorImpl.java:1053)
	at com.google.inject.internal.InjectorImpl.getInstance(InjectorImpl.java:1086)
	at org.eclipse.sisu.space.AbstractDeferredClass.get(AbstractDeferredClass.java:48)
	at com.google.inject.internal.ProviderInternalFactory.provision(ProviderInternalFactory.java:85)
	at com.google.inject.internal.InternalFactoryToInitializableAdapter.provision(InternalFactoryToInitializableAdapter.java:57)
	at com.google.inject.internal.ProviderInternalFactory$1.call(ProviderInternalFactory.java:66)
	at com.google.inject.internal.ProvisionListenerStackCallback$Provision.provision(ProvisionListenerStackCallback.java:112)
	at com.google.inject.internal.ProvisionListenerStackCallback$Provision.provision(ProvisionListenerStackCallback.java:127)
	at com.google.inject.internal.ProvisionListenerStackCallback.provision(ProvisionListenerStackCallback.java:66)
	at com.google.inject.internal.ProviderInternalFactory.circularGet(ProviderInternalFactory.java:61)
	at com.google.inject.internal.InternalFactoryToInitializableAdapter.get(InternalFactoryToInitializableAdapter.java:47)
	at com.google.inject.internal.InjectorImpl$1.get(InjectorImpl.java:1050)
	at org.eclipse.sisu.inject.Guice4$1.get(Guice4.java:162)
	at org.eclipse.sisu.inject.LazyBeanEntry.getValue(LazyBeanEntry.java:81)
	at org.eclipse.sisu.plexus.LazyPlexusBean.getValue(LazyPlexusBean.java:51)
	at org.codehaus.plexus.DefaultPlexusContainer.lookup(DefaultPlexusContainer.java:263)
	at org.codehaus.plexus.DefaultPlexusContainer.lookup(DefaultPlexusContainer.java:255)
	at org.apache.maven.plugin.internal.DefaultMavenPluginManager.getConfiguredMojo(DefaultMavenPluginManager.java:520)
	at org.eclipse.m2e.core.internal.embedder.MavenImpl.getConfiguredMojo(MavenImpl.java:359)
	at org.sonatype.m2e.mavenarchiver.internal.AbstractMavenArchiverConfigurator.reflectManifestGeneration(AbstractMavenArchiverConfigurator.java:469)
	at org.sonatype.m2e.mavenarchiver.internal.AbstractMavenArchiverConfigurator.generateManifest(AbstractMavenArchiverConfigurator.java:422)
	at org.sonatype.m2e.mavenarchiver.internal.AbstractMavenArchiverConfigurator.mavenProjectChanged(AbstractMavenArchiverConfigurator.java:227)
	at org.sonatype.m2e.mavenarchiver.internal.AbstractMavenArchiverConfigurator$1.build(AbstractMavenArchiverConfigurator.java:167)
	at org.eclipse.m2e.core.internal.builder.MavenBuilderImpl.build(MavenBuilderImpl.java:135)
	at org.eclipse.m2e.core.internal.builder.MavenBuilder$1.method(MavenBuilder.java:169)
	at org.eclipse.m2e.core.internal.builder.MavenBuilder$1.method(MavenBuilder.java:1)
	at org.eclipse.m2e.core.internal.builder.MavenBuilder$BuildMethod.lambda$1(MavenBuilder.java:114)
	at org.eclipse.m2e.core.internal.embedder.MavenExecutionContext.executeBare(MavenExecutionContext.java:182)
	at org.eclipse.m2e.core.internal.embedder.MavenExecutionContext.execute(MavenExecutionContext.java:117)
	at org.eclipse.m2e.core.internal.builder.MavenBuilder$BuildMethod.lambda$0(MavenBuilder.java:105)
	at org.eclipse.m2e.core.internal.embedder.MavenExecutionContext.executeBare(MavenExecutionContext.java:182)
	at org.eclipse.m2e.core.internal.embedder.MavenExecutionContext.execute(MavenExecutionContext.java:156)
	at org.eclipse.m2e.core.internal.embedder.MavenExecutionContext.execute(MavenExecutionContext.java:103)
	at org.eclipse.m2e.core.internal.builder.MavenBuilder$BuildMethod.execute(MavenBuilder.java:88)
	at org.eclipse.m2e.core.internal.builder.MavenBuilder.build(MavenBuilder.java:198)
	at org.eclipse.core.internal.events.BuildManager$2.run(BuildManager.java:1024)
	at org.eclipse.core.runtime.SafeRunner.run(SafeRunner.java:45)
	at org.eclipse.core.internal.events.BuildManager.basicBuild(BuildManager.java:254)
	at org.eclipse.core.internal.events.BuildManager.basicBuild(BuildManager.java:311)
	at org.eclipse.core.internal.events.BuildManager$1.run(BuildManager.java:400)
	at org.eclipse.core.runtime.SafeRunner.run(SafeRunner.java:45)
	at org.eclipse.core.internal.events.BuildManager.basicBuild(BuildManager.java:403)
	at org.eclipse.core.internal.events.BuildManager.basicBuildLoop(BuildManager.java:514)
	at org.eclipse.core.internal.events.BuildManager.basicBuildLoop(BuildManager.java:462)
	at org.eclipse.core.internal.events.BuildManager.build(BuildManager.java:544)
	at org.eclipse.core.internal.events.AutoBuildJob.doBuild(AutoBuildJob.java:161)
	at org.eclipse.core.internal.events.AutoBuildJob.run(AutoBuildJob.java:255)
	at org.eclipse.core.internal.jobs.Worker.run(Worker.java:63)
Caused by: com.google.inject.OutOfScopeException: Cannot access Key[type=org.apache.maven.project.MavenProject, annotation=[none]] outside of a scoping block
	at org.apache.maven.execution.scope.internal.MojoExecutionScope$2.get(MojoExecutionScope.java:122)
	at com.google.inject.internal.InternalFactoryToProviderAdapter.get(InternalFactoryToProviderAdapter.java:39)
	at com.google.inject.internal.SingleParameterInjector.inject(SingleParameterInjector.java:42)
	at com.google.inject.internal.SingleParameterInjector.getAll(SingleParameterInjector.java:65)
	at com.google.inject.internal.ConstructorInjector.provision(ConstructorInjector.java:113)
	at com.google.inject.internal.ConstructorInjector.access$000(ConstructorInjector.java:32)
	at com.google.inject.internal.ConstructorInjector$1.call(ConstructorInjector.java:98)
	at com.google.inject.internal.ProvisionListenerStackCallback$Provision.provision(ProvisionListenerStackCallback.java:112)
	at com.google.inject.internal.ProvisionListenerStackCallback$Provision.provision(ProvisionListenerStackCallback.java:127)
	at com.google.inject.internal.ProvisionListenerStackCallback.provision(ProvisionListenerStackCallback.java:66)
	at com.google.inject.internal.ConstructorInjector.construct(ConstructorInjector.java:93)
	at com.google.inject.internal.ConstructorBindingImpl$Factory.get(ConstructorBindingImpl.java:306)
	at com.google.inject.internal.InjectorImpl$1.get(InjectorImpl.java:1050)
	... 47 common frames omitted
2026-08-04 11:15:03,185 [Worker-57: Building] INFO  o.a.m.s.f.DefaultMavenResourcesFiltering - Copying 1 resource from src\main\resources to target\classes
2026-08-04 11:15:03,205 [Worker-57: Building] INFO  o.a.m.s.f.DefaultMavenResourcesFiltering - Copying 0 resource from src\main\resources to target\classes
2026-08-04 11:15:03,213 [Worker-57: Building] INFO  o.a.m.s.f.DefaultMavenResourcesFiltering - Copying 0 resource from src\test\resources to target\test-classes
2026-08-04 11:15:03,229 [Worker-57: Building] WARN  Sisu - Error injecting: org.apache.maven.plugins.jar.JarMojo
com.google.inject.ProvisionException: Unable to provision, see the following errors:

1) Error in custom provider, com.google.inject.OutOfScopeException: Cannot access Key[type=org.apache.maven.project.MavenProject, annotation=[none]] outside of a scoping block
  at org.apache.maven.execution.scope.internal.MojoExecutionScopeModule.configure(MojoExecutionScopeModule.java:55) (via modules: org.eclipse.sisu.wire.WireModule -> org.apache.maven.execution.scope.internal.MojoExecutionScopeModule)
  while locating org.apache.maven.project.MavenProject
    for the 1st parameter of org.apache.maven.plugins.jar.JarMojo.<init>(Unknown Source)
  while locating org.apache.maven.plugins.jar.JarMojo

1 error
	at com.google.inject.internal.InternalProvisionException.toProvisionException(InternalProvisionException.java:226)
	at com.google.inject.internal.InjectorImpl$1.get(InjectorImpl.java:1053)
	at com.google.inject.internal.InjectorImpl.getInstance(InjectorImpl.java:1086)
	at org.eclipse.sisu.space.AbstractDeferredClass.get(AbstractDeferredClass.java:48)
	at com.google.inject.internal.ProviderInternalFactory.provision(ProviderInternalFactory.java:85)
	at com.google.inject.internal.InternalFactoryToInitializableAdapter.provision(InternalFactoryToInitializableAdapter.java:57)
	at com.google.inject.internal.ProviderInternalFactory$1.call(ProviderInternalFactory.java:66)
	at com.google.inject.internal.ProvisionListenerStackCallback$Provision.provision(ProvisionListenerStackCallback.java:112)
	at com.google.inject.internal.ProvisionListenerStackCallback$Provision.provision(ProvisionListenerStackCallback.java:127)
	at com.google.inject.internal.ProvisionListenerStackCallback.provision(ProvisionListenerStackCallback.java:66)
	at com.google.inject.internal.ProviderInternalFactory.circularGet(ProviderInternalFactory.java:61)
	at com.google.inject.internal.InternalFactoryToInitializableAdapter.get(InternalFactoryToInitializableAdapter.java:47)
	at com.google.inject.internal.InjectorImpl$1.get(InjectorImpl.java:1050)
	at org.eclipse.sisu.inject.Guice4$1.get(Guice4.java:162)
	at org.eclipse.sisu.inject.LazyBeanEntry.getValue(LazyBeanEntry.java:81)
	at org.eclipse.sisu.plexus.LazyPlexusBean.getValue(LazyPlexusBean.java:51)
	at org.codehaus.plexus.DefaultPlexusContainer.lookup(DefaultPlexusContainer.java:263)
	at org.codehaus.plexus.DefaultPlexusContainer.lookup(DefaultPlexusContainer.java:255)
	at org.apache.maven.plugin.internal.DefaultMavenPluginManager.getConfiguredMojo(DefaultMavenPluginManager.java:520)
	at org.eclipse.m2e.core.internal.embedder.MavenImpl.getConfiguredMojo(MavenImpl.java:359)
	at org.sonatype.m2e.mavenarchiver.internal.AbstractMavenArchiverConfigurator.reflectManifestGeneration(AbstractMavenArchiverConfigurator.java:469)
	at org.sonatype.m2e.mavenarchiver.internal.AbstractMavenArchiverConfigurator.generateManifest(AbstractMavenArchiverConfigurator.java:422)
	at org.sonatype.m2e.mavenarchiver.internal.AbstractMavenArchiverConfigurator.mavenProjectChanged(AbstractMavenArchiverConfigurator.java:227)
	at org.sonatype.m2e.mavenarchiver.internal.AbstractMavenArchiverConfigurator$1.build(AbstractMavenArchiverConfigurator.java:167)
	at org.eclipse.m2e.core.internal.builder.MavenBuilderImpl.build(MavenBuilderImpl.java:135)
	at org.eclipse.m2e.core.internal.builder.MavenBuilder$1.method(MavenBuilder.java:169)
	at org.eclipse.m2e.core.internal.builder.MavenBuilder$1.method(MavenBuilder.java:1)
	at org.eclipse.m2e.core.internal.builder.MavenBuilder$BuildMethod.lambda$1(MavenBuilder.java:114)
	at org.eclipse.m2e.core.internal.embedder.MavenExecutionContext.executeBare(MavenExecutionContext.java:182)
	at org.eclipse.m2e.core.internal.embedder.MavenExecutionContext.execute(MavenExecutionContext.java:117)
	at org.eclipse.m2e.core.internal.builder.MavenBuilder$BuildMethod.lambda$0(MavenBuilder.java:105)
	at org.eclipse.m2e.core.internal.embedder.MavenExecutionContext.executeBare(MavenExecutionContext.java:182)
	at org.eclipse.m2e.core.internal.embedder.MavenExecutionContext.execute(MavenExecutionContext.java:156)
	at org.eclipse.m2e.core.internal.embedder.MavenExecutionContext.execute(MavenExecutionContext.java:103)
	at org.eclipse.m2e.core.internal.builder.MavenBuilder$BuildMethod.execute(MavenBuilder.java:88)
	at org.eclipse.m2e.core.internal.builder.MavenBuilder.build(MavenBuilder.java:198)
	at org.eclipse.core.internal.events.BuildManager$2.run(BuildManager.java:1024)
	at org.eclipse.core.runtime.SafeRunner.run(SafeRunner.java:45)
	at org.eclipse.core.internal.events.BuildManager.basicBuild(BuildManager.java:254)
	at org.eclipse.core.internal.events.BuildManager.basicBuild(BuildManager.java:311)
	at org.eclipse.core.internal.events.BuildManager$1.run(BuildManager.java:400)
	at org.eclipse.core.runtime.SafeRunner.run(SafeRunner.java:45)
	at org.eclipse.core.internal.events.BuildManager.basicBuild(BuildManager.java:403)
	at org.eclipse.core.internal.events.BuildManager.basicBuildLoop(BuildManager.java:514)
	at org.eclipse.core.internal.events.BuildManager.basicBuildLoop(BuildManager.java:462)
	at org.eclipse.core.internal.events.BuildManager.build(BuildManager.java:544)
	at org.eclipse.core.internal.events.AutoBuildJob.doBuild(AutoBuildJob.java:161)
	at org.eclipse.core.internal.events.AutoBuildJob.run(AutoBuildJob.java:255)
	at org.eclipse.core.internal.jobs.Worker.run(Worker.java:63)
Caused by: com.google.inject.OutOfScopeException: Cannot access Key[type=org.apache.maven.project.MavenProject, annotation=[none]] outside of a scoping block
	at org.apache.maven.execution.scope.internal.MojoExecutionScope$2.get(MojoExecutionScope.java:122)
	at com.google.inject.internal.InternalFactoryToProviderAdapter.get(InternalFactoryToProviderAdapter.java:39)
	at com.google.inject.internal.SingleParameterInjector.inject(SingleParameterInjector.java:42)
	at com.google.inject.internal.SingleParameterInjector.getAll(SingleParameterInjector.java:65)
	at com.google.inject.internal.ConstructorInjector.provision(ConstructorInjector.java:113)
	at com.google.inject.internal.ConstructorInjector.access$000(ConstructorInjector.java:32)
	at com.google.inject.internal.ConstructorInjector$1.call(ConstructorInjector.java:98)
	at com.google.inject.internal.ProvisionListenerStackCallback$Provision.provision(ProvisionListenerStackCallback.java:112)
	at com.google.inject.internal.ProvisionListenerStackCallback$Provision.provision(ProvisionListenerStackCallback.java:127)
	at com.google.inject.internal.ProvisionListenerStackCallback.provision(ProvisionListenerStackCallback.java:66)
	at com.google.inject.internal.ConstructorInjector.construct(ConstructorInjector.java:93)
	at com.google.inject.internal.ConstructorBindingImpl$Factory.get(ConstructorBindingImpl.java:306)
	at com.google.inject.internal.InjectorImpl$1.get(InjectorImpl.java:1050)
	... 47 common frames omitted
2026-08-04 11:15:38,263 [Worker-62: Building] INFO  o.a.m.s.f.DefaultMavenResourcesFiltering - Copying 1 resource from src\main\resources to target\classes
2026-08-04 11:15:38,271 [Worker-62: Building] INFO  o.a.m.s.f.DefaultMavenResourcesFiltering - Copying 0 resource from src\main\resources to target\classes
2026-08-04 11:15:38,275 [Worker-62: Building] INFO  o.a.m.s.f.DefaultMavenResourcesFiltering - Copying 0 resource from src\test\resources to target\test-classes
2026-08-04 11:15:38,286 [Worker-62: Building] WARN  Sisu - Error injecting: org.apache.maven.plugins.jar.JarMojo
com.google.inject.ProvisionException: Unable to provision, see the following errors:

1) Error in custom provider, com.google.inject.OutOfScopeException: Cannot access Key[type=org.apache.maven.project.MavenProject, annotation=[none]] outside of a scoping block
  at org.apache.maven.execution.scope.internal.MojoExecutionScopeModule.configure(MojoExecutionScopeModule.java:55) (via modules: org.eclipse.sisu.wire.WireModule -> org.apache.maven.execution.scope.internal.MojoExecutionScopeModule)
  while locating org.apache.maven.project.MavenProject
    for the 1st parameter of org.apache.maven.plugins.jar.JarMojo.<init>(Unknown Source)
  while locating org.apache.maven.plugins.jar.JarMojo

1 error
	at com.google.inject.internal.InternalProvisionException.toProvisionException(InternalProvisionException.java:226)
	at com.google.inject.internal.InjectorImpl$1.get(InjectorImpl.java:1053)
	at com.google.inject.internal.InjectorImpl.getInstance(InjectorImpl.java:1086)
	at org.eclipse.sisu.space.AbstractDeferredClass.get(AbstractDeferredClass.java:48)
	at com.google.inject.internal.ProviderInternalFactory.provision(ProviderInternalFactory.java:85)
	at com.google.inject.internal.InternalFactoryToInitializableAdapter.provision(InternalFactoryToInitializableAdapter.java:57)
	at com.google.inject.internal.ProviderInternalFactory$1.call(ProviderInternalFactory.java:66)
	at com.google.inject.internal.ProvisionListenerStackCallback$Provision.provision(ProvisionListenerStackCallback.java:112)
	at com.google.inject.internal.ProvisionListenerStackCallback$Provision.provision(ProvisionListenerStackCallback.java:127)
	at com.google.inject.internal.ProvisionListenerStackCallback.provision(ProvisionListenerStackCallback.java:66)
	at com.google.inject.internal.ProviderInternalFactory.circularGet(ProviderInternalFactory.java:61)
	at com.google.inject.internal.InternalFactoryToInitializableAdapter.get(InternalFactoryToInitializableAdapter.java:47)
	at com.google.inject.internal.InjectorImpl$1.get(InjectorImpl.java:1050)
	at org.eclipse.sisu.inject.Guice4$1.get(Guice4.java:162)
	at org.eclipse.sisu.inject.LazyBeanEntry.getValue(LazyBeanEntry.java:81)
	at org.eclipse.sisu.plexus.LazyPlexusBean.getValue(LazyPlexusBean.java:51)
	at org.codehaus.plexus.DefaultPlexusContainer.lookup(DefaultPlexusContainer.java:263)
	at org.codehaus.plexus.DefaultPlexusContainer.lookup(DefaultPlexusContainer.java:255)
	at org.apache.maven.plugin.internal.DefaultMavenPluginManager.getConfiguredMojo(DefaultMavenPluginManager.java:520)
	at org.eclipse.m2e.core.internal.embedder.MavenImpl.getConfiguredMojo(MavenImpl.java:359)
	at org.sonatype.m2e.mavenarchiver.internal.AbstractMavenArchiverConfigurator.reflectManifestGeneration(AbstractMavenArchiverConfigurator.java:469)
	at org.sonatype.m2e.mavenarchiver.internal.AbstractMavenArchiverConfigurator.generateManifest(AbstractMavenArchiverConfigurator.java:422)
	at org.sonatype.m2e.mavenarchiver.internal.AbstractMavenArchiverConfigurator.mavenProjectChanged(AbstractMavenArchiverConfigurator.java:227)
	at org.sonatype.m2e.mavenarchiver.internal.AbstractMavenArchiverConfigurator$1.build(AbstractMavenArchiverConfigurator.java:167)
	at org.eclipse.m2e.core.internal.builder.MavenBuilderImpl.build(MavenBuilderImpl.java:135)
	at org.eclipse.m2e.core.internal.builder.MavenBuilder$1.method(MavenBuilder.java:169)
	at org.eclipse.m2e.core.internal.builder.MavenBuilder$1.method(MavenBuilder.java:1)
	at org.eclipse.m2e.core.internal.builder.MavenBuilder$BuildMethod.lambda$1(MavenBuilder.java:114)
	at org.eclipse.m2e.core.internal.embedder.MavenExecutionContext.executeBare(MavenExecutionContext.java:182)
	at org.eclipse.m2e.core.internal.embedder.MavenExecutionContext.execute(MavenExecutionContext.java:117)
	at org.eclipse.m2e.core.internal.builder.MavenBuilder$BuildMethod.lambda$0(MavenBuilder.java:105)
	at org.eclipse.m2e.core.internal.embedder.MavenExecutionContext.executeBare(MavenExecutionContext.java:182)
	at org.eclipse.m2e.core.internal.embedder.MavenExecutionContext.execute(MavenExecutionContext.java:156)
	at org.eclipse.m2e.core.internal.embedder.MavenExecutionContext.execute(MavenExecutionContext.java:103)
	at org.eclipse.m2e.core.internal.builder.MavenBuilder$BuildMethod.execute(MavenBuilder.java:88)
	at org.eclipse.m2e.core.internal.builder.MavenBuilder.build(MavenBuilder.java:198)
	at org.eclipse.core.internal.events.BuildManager$2.run(BuildManager.java:1024)
	at org.eclipse.core.runtime.SafeRunner.run(SafeRunner.java:45)
	at org.eclipse.core.internal.events.BuildManager.basicBuild(BuildManager.java:254)
	at org.eclipse.core.internal.events.BuildManager.basicBuild(BuildManager.java:311)
	at org.eclipse.core.internal.events.BuildManager$1.run(BuildManager.java:400)
	at org.eclipse.core.runtime.SafeRunner.run(SafeRunner.java:45)
	at org.eclipse.core.internal.events.BuildManager.basicBuild(BuildManager.java:403)
	at org.eclipse.core.internal.events.BuildManager.basicBuildLoop(BuildManager.java:514)
	at org.eclipse.core.internal.events.BuildManager.basicBuildLoop(BuildManager.java:462)
	at org.eclipse.core.internal.events.BuildManager.build(BuildManager.java:544)
	at org.eclipse.core.internal.events.AutoBuildJob.doBuild(AutoBuildJob.java:161)
	at org.eclipse.core.internal.events.AutoBuildJob.run(AutoBuildJob.java:255)
	at org.eclipse.core.internal.jobs.Worker.run(Worker.java:63)
Caused by: com.google.inject.OutOfScopeException: Cannot access Key[type=org.apache.maven.project.MavenProject, annotation=[none]] outside of a scoping block
	at org.apache.maven.execution.scope.internal.MojoExecutionScope$2.get(MojoExecutionScope.java:122)
	at com.google.inject.internal.InternalFactoryToProviderAdapter.get(InternalFactoryToProviderAdapter.java:39)
	at com.google.inject.internal.SingleParameterInjector.inject(SingleParameterInjector.java:42)
	at com.google.inject.internal.SingleParameterInjector.getAll(SingleParameterInjector.java:65)
	at com.google.inject.internal.ConstructorInjector.provision(ConstructorInjector.java:113)
	at com.google.inject.internal.ConstructorInjector.access$000(ConstructorInjector.java:32)
	at com.google.inject.internal.ConstructorInjector$1.call(ConstructorInjector.java:98)
	at com.google.inject.internal.ProvisionListenerStackCallback$Provision.provision(ProvisionListenerStackCallback.java:112)
	at com.google.inject.internal.ProvisionListenerStackCallback$Provision.provision(ProvisionListenerStackCallback.java:127)
	at com.google.inject.internal.ProvisionListenerStackCallback.provision(ProvisionListenerStackCallback.java:66)
	at com.google.inject.internal.ConstructorInjector.construct(ConstructorInjector.java:93)
	at com.google.inject.internal.ConstructorBindingImpl$Factory.get(ConstructorBindingImpl.java:306)
	at com.google.inject.internal.InjectorImpl$1.get(InjectorImpl.java:1050)
	... 47 common frames omitted
2026-08-04 11:27:25,265 [Worker-61: Building] INFO  o.a.m.s.f.DefaultMavenResourcesFiltering - Copying 1 resource from src\main\resources to target\classes
2026-08-04 11:27:25,295 [Worker-61: Building] INFO  o.a.m.s.f.DefaultMavenResourcesFiltering - Copying 0 resource from src\main\resources to target\classes
2026-08-04 11:27:25,301 [Worker-61: Building] INFO  o.a.m.s.f.DefaultMavenResourcesFiltering - Copying 0 resource from src\test\resources to target\test-classes
2026-08-04 11:27:25,356 [Worker-61: Building] WARN  Sisu - Error injecting: org.apache.maven.plugins.jar.JarMojo
com.google.inject.ProvisionException: Unable to provision, see the following errors:

1) Error in custom provider, com.google.inject.OutOfScopeException: Cannot access Key[type=org.apache.maven.project.MavenProject, annotation=[none]] outside of a scoping block
  at org.apache.maven.execution.scope.internal.MojoExecutionScopeModule.configure(MojoExecutionScopeModule.java:55) (via modules: org.eclipse.sisu.wire.WireModule -> org.apache.maven.execution.scope.internal.MojoExecutionScopeModule)
  while locating org.apache.maven.project.MavenProject
    for the 1st parameter of org.apache.maven.plugins.jar.JarMojo.<init>(Unknown Source)
  while locating org.apache.maven.plugins.jar.JarMojo

1 error
	at com.google.inject.internal.InternalProvisionException.toProvisionException(InternalProvisionException.java:226)
	at com.google.inject.internal.InjectorImpl$1.get(InjectorImpl.java:1053)
	at com.google.inject.internal.InjectorImpl.getInstance(InjectorImpl.java:1086)
	at org.eclipse.sisu.space.AbstractDeferredClass.get(AbstractDeferredClass.java:48)
	at com.google.inject.internal.ProviderInternalFactory.provision(ProviderInternalFactory.java:85)
	at com.google.inject.internal.InternalFactoryToInitializableAdapter.provision(InternalFactoryToInitializableAdapter.java:57)
	at com.google.inject.internal.ProviderInternalFactory$1.call(ProviderInternalFactory.java:66)
	at com.google.inject.internal.ProvisionListenerStackCallback$Provision.provision(ProvisionListenerStackCallback.java:112)
	at com.google.inject.internal.ProvisionListenerStackCallback$Provision.provision(ProvisionListenerStackCallback.java:127)
	at com.google.inject.internal.ProvisionListenerStackCallback.provision(ProvisionListenerStackCallback.java:66)
	at com.google.inject.internal.ProviderInternalFactory.circularGet(ProviderInternalFactory.java:61)
	at com.google.inject.internal.InternalFactoryToInitializableAdapter.get(InternalFactoryToInitializableAdapter.java:47)
	at com.google.inject.internal.InjectorImpl$1.get(InjectorImpl.java:1050)
	at org.eclipse.sisu.inject.Guice4$1.get(Guice4.java:162)
	at org.eclipse.sisu.inject.LazyBeanEntry.getValue(LazyBeanEntry.java:81)
	at org.eclipse.sisu.plexus.LazyPlexusBean.getValue(LazyPlexusBean.java:51)
	at org.codehaus.plexus.DefaultPlexusContainer.lookup(DefaultPlexusContainer.java:263)
	at org.codehaus.plexus.DefaultPlexusContainer.lookup(DefaultPlexusContainer.java:255)
	at org.apache.maven.plugin.internal.DefaultMavenPluginManager.getConfiguredMojo(DefaultMavenPluginManager.java:520)
	at org.eclipse.m2e.core.internal.embedder.MavenImpl.getConfiguredMojo(MavenImpl.java:359)
	at org.sonatype.m2e.mavenarchiver.internal.AbstractMavenArchiverConfigurator.reflectManifestGeneration(AbstractMavenArchiverConfigurator.java:469)
	at org.sonatype.m2e.mavenarchiver.internal.AbstractMavenArchiverConfigurator.generateManifest(AbstractMavenArchiverConfigurator.java:422)
	at org.sonatype.m2e.mavenarchiver.internal.AbstractMavenArchiverConfigurator.mavenProjectChanged(AbstractMavenArchiverConfigurator.java:227)
	at org.sonatype.m2e.mavenarchiver.internal.AbstractMavenArchiverConfigurator$1.build(AbstractMavenArchiverConfigurator.java:167)
	at org.eclipse.m2e.core.internal.builder.MavenBuilderImpl.build(MavenBuilderImpl.java:135)
	at org.eclipse.m2e.core.internal.builder.MavenBuilder$1.method(MavenBuilder.java:169)
	at org.eclipse.m2e.core.internal.builder.MavenBuilder$1.method(MavenBuilder.java:1)
	at org.eclipse.m2e.core.internal.builder.MavenBuilder$BuildMethod.lambda$1(MavenBuilder.java:114)
	at org.eclipse.m2e.core.internal.embedder.MavenExecutionContext.executeBare(MavenExecutionContext.java:182)
	at org.eclipse.m2e.core.internal.embedder.MavenExecutionContext.execute(MavenExecutionContext.java:117)
	at org.eclipse.m2e.core.internal.builder.MavenBuilder$BuildMethod.lambda$0(MavenBuilder.java:105)
	at org.eclipse.m2e.core.internal.embedder.MavenExecutionContext.executeBare(MavenExecutionContext.java:182)
	at org.eclipse.m2e.core.internal.embedder.MavenExecutionContext.execute(MavenExecutionContext.java:156)
	at org.eclipse.m2e.core.internal.embedder.MavenExecutionContext.execute(MavenExecutionContext.java:103)
	at org.eclipse.m2e.core.internal.builder.MavenBuilder$BuildMethod.execute(MavenBuilder.java:88)
	at org.eclipse.m2e.core.internal.builder.MavenBuilder.build(MavenBuilder.java:198)
	at org.eclipse.core.internal.events.BuildManager$2.run(BuildManager.java:1024)
	at org.eclipse.core.runtime.SafeRunner.run(SafeRunner.java:45)
	at org.eclipse.core.internal.events.BuildManager.basicBuild(BuildManager.java:254)
	at org.eclipse.core.internal.events.BuildManager.basicBuild(BuildManager.java:311)
	at org.eclipse.core.internal.events.BuildManager$1.run(BuildManager.java:400)
	at org.eclipse.core.runtime.SafeRunner.run(SafeRunner.java:45)
	at org.eclipse.core.internal.events.BuildManager.basicBuild(BuildManager.java:403)
	at org.eclipse.core.internal.events.BuildManager.basicBuildLoop(BuildManager.java:514)
	at org.eclipse.core.internal.events.BuildManager.basicBuildLoop(BuildManager.java:462)
	at org.eclipse.core.internal.events.BuildManager.build(BuildManager.java:544)
	at org.eclipse.core.internal.events.AutoBuildJob.doBuild(AutoBuildJob.java:161)
	at org.eclipse.core.internal.events.AutoBuildJob.run(AutoBuildJob.java:255)
	at org.eclipse.core.internal.jobs.Worker.run(Worker.java:63)
Caused by: com.google.inject.OutOfScopeException: Cannot access Key[type=org.apache.maven.project.MavenProject, annotation=[none]] outside of a scoping block
	at org.apache.maven.execution.scope.internal.MojoExecutionScope$2.get(MojoExecutionScope.java:122)
	at com.google.inject.internal.InternalFactoryToProviderAdapter.get(InternalFactoryToProviderAdapter.java:39)
	at com.google.inject.internal.SingleParameterInjector.inject(SingleParameterInjector.java:42)
	at com.google.inject.internal.SingleParameterInjector.getAll(SingleParameterInjector.java:65)
	at com.google.inject.internal.ConstructorInjector.provision(ConstructorInjector.java:113)
	at com.google.inject.internal.ConstructorInjector.access$000(ConstructorInjector.java:32)
	at com.google.inject.internal.ConstructorInjector$1.call(ConstructorInjector.java:98)
	at com.google.inject.internal.ProvisionListenerStackCallback$Provision.provision(ProvisionListenerStackCallback.java:112)
	at com.google.inject.internal.ProvisionListenerStackCallback$Provision.provision(ProvisionListenerStackCallback.java:127)
	at com.google.inject.internal.ProvisionListenerStackCallback.provision(ProvisionListenerStackCallback.java:66)
	at com.google.inject.internal.ConstructorInjector.construct(ConstructorInjector.java:93)
	at com.google.inject.internal.ConstructorBindingImpl$Factory.get(ConstructorBindingImpl.java:306)
	at com.google.inject.internal.InjectorImpl$1.get(InjectorImpl.java:1050)
	... 47 common frames omitted
2026-08-04 11:35:50,917 [Worker-1: Loading available Gradle versions] INFO  o.e.b.c.i.u.g.PublishedGradleVersions - Gradle version information cache is up-to-date. Trying to read.
2026-08-04 11:36:08,566 [Worker-3: Building] INFO  o.a.m.s.f.DefaultMavenResourcesFiltering - Copying 4 resources from src\main\resources to target\classes
2026-08-04 11:36:08,664 [Worker-3: Building] INFO  o.a.m.s.f.DefaultMavenResourcesFiltering - Copying 4 resources from src\main\resources to target\classes
2026-08-04 11:36:08,761 [Worker-3: Building] INFO  o.a.m.s.f.DefaultMavenResourcesFiltering - Copying 1 resource from src\test\resources to target\test-classes
2026-08-04 11:36:12,135 [Worker-3: Building] WARN  Sisu - Error injecting: org.apache.maven.plugins.jar.JarMojo
com.google.inject.ProvisionException: Unable to provision, see the following errors:

1) Error in custom provider, com.google.inject.OutOfScopeException: Cannot access Key[type=org.apache.maven.project.MavenProject, annotation=[none]] outside of a scoping block
  at org.apache.maven.execution.scope.internal.MojoExecutionScopeModule.configure(MojoExecutionScopeModule.java:55) (via modules: org.eclipse.sisu.wire.WireModule -> org.apache.maven.execution.scope.internal.MojoExecutionScopeModule)
  while locating org.apache.maven.project.MavenProject
    for the 1st parameter of org.apache.maven.plugins.jar.JarMojo.<init>(Unknown Source)
  while locating org.apache.maven.plugins.jar.JarMojo

1 error
	at com.google.inject.internal.InternalProvisionException.toProvisionException(InternalProvisionException.java:226)
	at com.google.inject.internal.InjectorImpl$1.get(InjectorImpl.java:1053)
	at com.google.inject.internal.InjectorImpl.getInstance(InjectorImpl.java:1086)
	at org.eclipse.sisu.space.AbstractDeferredClass.get(AbstractDeferredClass.java:48)
	at com.google.inject.internal.ProviderInternalFactory.provision(ProviderInternalFactory.java:85)
	at com.google.inject.internal.InternalFactoryToInitializableAdapter.provision(InternalFactoryToInitializableAdapter.java:57)
	at com.google.inject.internal.ProviderInternalFactory$1.call(ProviderInternalFactory.java:66)
	at com.google.inject.internal.ProvisionListenerStackCallback$Provision.provision(ProvisionListenerStackCallback.java:112)
	at com.google.inject.internal.ProvisionListenerStackCallback$Provision.provision(ProvisionListenerStackCallback.java:127)
	at com.google.inject.internal.ProvisionListenerStackCallback.provision(ProvisionListenerStackCallback.java:66)
	at com.google.inject.internal.ProviderInternalFactory.circularGet(ProviderInternalFactory.java:61)
	at com.google.inject.internal.InternalFactoryToInitializableAdapter.get(InternalFactoryToInitializableAdapter.java:47)
	at com.google.inject.internal.InjectorImpl$1.get(InjectorImpl.java:1050)
	at org.eclipse.sisu.inject.Guice4$1.get(Guice4.java:162)
	at org.eclipse.sisu.inject.LazyBeanEntry.getValue(LazyBeanEntry.java:81)
	at org.eclipse.sisu.plexus.LazyPlexusBean.getValue(LazyPlexusBean.java:51)
	at org.codehaus.plexus.DefaultPlexusContainer.lookup(DefaultPlexusContainer.java:263)
	at org.codehaus.plexus.DefaultPlexusContainer.lookup(DefaultPlexusContainer.java:255)
	at org.apache.maven.plugin.internal.DefaultMavenPluginManager.getConfiguredMojo(DefaultMavenPluginManager.java:520)
	at org.eclipse.m2e.core.internal.embedder.MavenImpl.getConfiguredMojo(MavenImpl.java:359)
	at org.sonatype.m2e.mavenarchiver.internal.AbstractMavenArchiverConfigurator.reflectManifestGeneration(AbstractMavenArchiverConfigurator.java:469)
	at org.sonatype.m2e.mavenarchiver.internal.AbstractMavenArchiverConfigurator.generateManifest(AbstractMavenArchiverConfigurator.java:422)
	at org.sonatype.m2e.mavenarchiver.internal.AbstractMavenArchiverConfigurator.mavenProjectChanged(AbstractMavenArchiverConfigurator.java:227)
	at org.sonatype.m2e.mavenarchiver.internal.AbstractMavenArchiverConfigurator$1.build(AbstractMavenArchiverConfigurator.java:167)
	at org.eclipse.m2e.core.internal.builder.MavenBuilderImpl.build(MavenBuilderImpl.java:135)
	at org.eclipse.m2e.core.internal.builder.MavenBuilder$1.method(MavenBuilder.java:169)
	at org.eclipse.m2e.core.internal.builder.MavenBuilder$1.method(MavenBuilder.java:1)
	at org.eclipse.m2e.core.internal.builder.MavenBuilder$BuildMethod.lambda$1(MavenBuilder.java:114)
	at org.eclipse.m2e.core.internal.embedder.MavenExecutionContext.executeBare(MavenExecutionContext.java:182)
	at org.eclipse.m2e.core.internal.embedder.MavenExecutionContext.execute(MavenExecutionContext.java:117)
	at org.eclipse.m2e.core.internal.builder.MavenBuilder$BuildMethod.lambda$0(MavenBuilder.java:105)
	at org.eclipse.m2e.core.internal.embedder.MavenExecutionContext.executeBare(MavenExecutionContext.java:182)
	at org.eclipse.m2e.core.internal.embedder.MavenExecutionContext.execute(MavenExecutionContext.java:156)
	at org.eclipse.m2e.core.internal.embedder.MavenExecutionContext.execute(MavenExecutionContext.java:103)
	at org.eclipse.m2e.core.internal.builder.MavenBuilder$BuildMethod.execute(MavenBuilder.java:88)
	at org.eclipse.m2e.core.internal.builder.MavenBuilder.build(MavenBuilder.java:198)
	at org.eclipse.core.internal.events.BuildManager$2.run(BuildManager.java:1024)
	at org.eclipse.core.runtime.SafeRunner.run(SafeRunner.java:45)
	at org.eclipse.core.internal.events.BuildManager.basicBuild(BuildManager.java:254)
	at org.eclipse.core.internal.events.BuildManager.basicBuild(BuildManager.java:311)
	at org.eclipse.core.internal.events.BuildManager$1.run(BuildManager.java:400)
	at org.eclipse.core.runtime.SafeRunner.run(SafeRunner.java:45)
	at org.eclipse.core.internal.events.BuildManager.basicBuild(BuildManager.java:403)
	at org.eclipse.core.internal.events.BuildManager.basicBuildLoop(BuildManager.java:514)
	at org.eclipse.core.internal.events.BuildManager.basicBuildLoop(BuildManager.java:462)
	at org.eclipse.core.internal.events.BuildManager.build(BuildManager.java:544)
	at org.eclipse.core.internal.events.AutoBuildJob.doBuild(AutoBuildJob.java:161)
	at org.eclipse.core.internal.events.AutoBuildJob.run(AutoBuildJob.java:255)
	at org.eclipse.core.internal.jobs.Worker.run(Worker.java:63)
Caused by: com.google.inject.OutOfScopeException: Cannot access Key[type=org.apache.maven.project.MavenProject, annotation=[none]] outside of a scoping block
	at org.apache.maven.execution.scope.internal.MojoExecutionScope$2.get(MojoExecutionScope.java:122)
	at com.google.inject.internal.InternalFactoryToProviderAdapter.get(InternalFactoryToProviderAdapter.java:39)
	at com.google.inject.internal.SingleParameterInjector.inject(SingleParameterInjector.java:42)
	at com.google.inject.internal.SingleParameterInjector.getAll(SingleParameterInjector.java:65)
	at com.google.inject.internal.ConstructorInjector.provision(ConstructorInjector.java:113)
	at com.google.inject.internal.ConstructorInjector.access$000(ConstructorInjector.java:32)
	at com.google.inject.internal.ConstructorInjector$1.call(ConstructorInjector.java:98)
	at com.google.inject.internal.ProvisionListenerStackCallback$Provision.provision(ProvisionListenerStackCallback.java:112)
	at com.google.inject.internal.ProvisionListenerStackCallback$Provision.provision(ProvisionListenerStackCallback.java:127)
	at com.google.inject.internal.ProvisionListenerStackCallback.provision(ProvisionListenerStackCallback.java:66)
	at com.google.inject.internal.ConstructorInjector.construct(ConstructorInjector.java:93)
	at com.google.inject.internal.ConstructorBindingImpl$Factory.get(ConstructorBindingImpl.java:306)
	at com.google.inject.internal.InjectorImpl$1.get(InjectorImpl.java:1050)
	... 47 common frames omitted
2026-08-04 11:36:24,068 [Worker-8: Updating Maven Project] INFO  o.e.m.c.i.p.ProjectConfigurationManager - Update started
2026-08-04 11:36:26,962 [Worker-8: Updating Maven Project] INFO  o.e.m.c.i.l.LifecycleMappingFactory - Using org.eclipse.m2e.jdt.JarLifecycleMapping lifecycle mapping for MavenProject: com.emart:EmartCategoryMaster:0.0.1-SNAPSHOT @ C:\Users\ADMIN\OneDrive\Documents\Final\backend\pom.xml.
2026-08-04 11:36:28,152 [Worker-8: Updating Maven Project] WARN  Sisu - Error injecting: org.apache.maven.plugins.jar.JarMojo
com.google.inject.ProvisionException: Unable to provision, see the following errors:

1) Error in custom provider, com.google.inject.OutOfScopeException: Cannot access Key[type=org.apache.maven.project.MavenProject, annotation=[none]] outside of a scoping block
  at org.apache.maven.execution.scope.internal.MojoExecutionScopeModule.configure(MojoExecutionScopeModule.java:55) (via modules: org.eclipse.sisu.wire.WireModule -> org.apache.maven.execution.scope.internal.MojoExecutionScopeModule)
  while locating org.apache.maven.project.MavenProject
    for the 1st parameter of org.apache.maven.plugins.jar.JarMojo.<init>(Unknown Source)
  while locating org.apache.maven.plugins.jar.JarMojo

1 error
	at com.google.inject.internal.InternalProvisionException.toProvisionException(InternalProvisionException.java:226)
	at com.google.inject.internal.InjectorImpl$1.get(InjectorImpl.java:1053)
	at com.google.inject.internal.InjectorImpl.getInstance(InjectorImpl.java:1086)
	at org.eclipse.sisu.space.AbstractDeferredClass.get(AbstractDeferredClass.java:48)
	at com.google.inject.internal.ProviderInternalFactory.provision(ProviderInternalFactory.java:85)
	at com.google.inject.internal.InternalFactoryToInitializableAdapter.provision(InternalFactoryToInitializableAdapter.java:57)
	at com.google.inject.internal.ProviderInternalFactory$1.call(ProviderInternalFactory.java:66)
	at com.google.inject.internal.ProvisionListenerStackCallback$Provision.provision(ProvisionListenerStackCallback.java:112)
	at com.google.inject.internal.ProvisionListenerStackCallback$Provision.provision(ProvisionListenerStackCallback.java:127)
	at com.google.inject.internal.ProvisionListenerStackCallback.provision(ProvisionListenerStackCallback.java:66)
	at com.google.inject.internal.ProviderInternalFactory.circularGet(ProviderInternalFactory.java:61)
	at com.google.inject.internal.InternalFactoryToInitializableAdapter.get(InternalFactoryToInitializableAdapter.java:47)
	at com.google.inject.internal.InjectorImpl$1.get(InjectorImpl.java:1050)
	at org.eclipse.sisu.inject.Guice4$1.get(Guice4.java:162)
	at org.eclipse.sisu.inject.LazyBeanEntry.getValue(LazyBeanEntry.java:81)
	at org.eclipse.sisu.plexus.LazyPlexusBean.getValue(LazyPlexusBean.java:51)
	at org.codehaus.plexus.DefaultPlexusContainer.lookup(DefaultPlexusContainer.java:263)
	at org.codehaus.plexus.DefaultPlexusContainer.lookup(DefaultPlexusContainer.java:255)
	at org.apache.maven.plugin.internal.DefaultMavenPluginManager.getConfiguredMojo(DefaultMavenPluginManager.java:520)
	at org.eclipse.m2e.core.internal.embedder.MavenImpl.getConfiguredMojo(MavenImpl.java:359)
	at org.sonatype.m2e.mavenarchiver.internal.AbstractMavenArchiverConfigurator.reflectManifestGeneration(AbstractMavenArchiverConfigurator.java:469)
	at org.sonatype.m2e.mavenarchiver.internal.AbstractMavenArchiverConfigurator.generateManifest(AbstractMavenArchiverConfigurator.java:422)
	at org.sonatype.m2e.mavenarchiver.internal.AbstractMavenArchiverConfigurator.mavenProjectChanged(AbstractMavenArchiverConfigurator.java:227)
	at org.sonatype.m2e.mavenarchiver.internal.AbstractMavenArchiverConfigurator.mavenProjectChanged(AbstractMavenArchiverConfigurator.java:215)
	at org.eclipse.m2e.core.internal.project.ProjectConfigurationManager.mavenProjectChanged(ProjectConfigurationManager.java:1056)
	at org.eclipse.m2e.core.internal.project.registry.ProjectRegistryManager.notifyProjectChangeListeners(ProjectRegistryManager.java:806)
	at org.eclipse.m2e.core.internal.project.registry.ProjectRegistryManager.applyMutableProjectRegistry(ProjectRegistryManager.java:972)
	at org.eclipse.m2e.core.internal.project.registry.ProjectRegistryManager.refresh(ProjectRegistryManager.java:305)
	at org.eclipse.m2e.core.internal.project.ProjectConfigurationManager.updateProjectConfiguration0(ProjectConfigurationManager.java:413)
	at org.eclipse.m2e.core.internal.project.ProjectConfigurationManager.lambda$1(ProjectConfigurationManager.java:362)
	at org.eclipse.m2e.core.internal.embedder.MavenExecutionContext.executeBare(MavenExecutionContext.java:182)
	at org.eclipse.m2e.core.internal.embedder.MavenExecutionContext.execute(MavenExecutionContext.java:156)
	at org.eclipse.m2e.core.internal.embedder.MavenExecutionContext.execute(MavenExecutionContext.java:103)
	at org.eclipse.m2e.core.internal.embedder.MavenImpl.execute(MavenImpl.java:1411)
	at org.eclipse.m2e.core.internal.project.ProjectConfigurationManager.updateProjectConfiguration(ProjectConfigurationManager.java:361)
	at org.eclipse.m2e.core.ui.internal.UpdateMavenProjectJob.runInWorkspace(UpdateMavenProjectJob.java:80)
	at org.eclipse.core.internal.resources.InternalWorkspaceJob.run(InternalWorkspaceJob.java:43)
	at org.eclipse.core.internal.jobs.Worker.run(Worker.java:63)
Caused by: com.google.inject.OutOfScopeException: Cannot access Key[type=org.apache.maven.project.MavenProject, annotation=[none]] outside of a scoping block
	at org.apache.maven.execution.scope.internal.MojoExecutionScope$2.get(MojoExecutionScope.java:122)
	at com.google.inject.internal.InternalFactoryToProviderAdapter.get(InternalFactoryToProviderAdapter.java:39)
	at com.google.inject.internal.SingleParameterInjector.inject(SingleParameterInjector.java:42)
	at com.google.inject.internal.SingleParameterInjector.getAll(SingleParameterInjector.java:65)
	at com.google.inject.internal.ConstructorInjector.provision(ConstructorInjector.java:113)
	at com.google.inject.internal.ConstructorInjector.access$000(ConstructorInjector.java:32)
	at com.google.inject.internal.ConstructorInjector$1.call(ConstructorInjector.java:98)
	at com.google.inject.internal.ProvisionListenerStackCallback$Provision.provision(ProvisionListenerStackCallback.java:112)
	at com.google.inject.internal.ProvisionListenerStackCallback$Provision.provision(ProvisionListenerStackCallback.java:127)
	at com.google.inject.internal.ProvisionListenerStackCallback.provision(ProvisionListenerStackCallback.java:66)
	at com.google.inject.internal.ConstructorInjector.construct(ConstructorInjector.java:93)
	at com.google.inject.internal.ConstructorBindingImpl$Factory.get(ConstructorBindingImpl.java:306)
	at com.google.inject.internal.InjectorImpl$1.get(InjectorImpl.java:1050)
	... 36 common frames omitted
2026-08-04 11:36:29,716 [Worker-8: Updating Maven Project] INFO  o.e.m.j.i.AbstractJavaProjectConfigurator - Adding source folder /backend/src/main/java
2026-08-04 11:36:29,718 [Worker-8: Updating Maven Project] INFO  o.e.m.j.i.AbstractJavaProjectConfigurator - Adding resource folder /backend/src/main/resources
2026-08-04 11:36:29,719 [Worker-8: Updating Maven Project] INFO  o.e.m.j.i.AbstractJavaProjectConfigurator - Adding resource folder /backend/src/main/resources
2026-08-04 11:36:29,721 [Worker-8: Updating Maven Project] INFO  o.e.m.j.i.AbstractJavaProjectConfigurator - Adding source folder /backend/src/test/java
2026-08-04 11:36:29,722 [Worker-8: Updating Maven Project] INFO  o.e.m.j.i.AbstractJavaProjectConfigurator - Adding resource folder /backend/src/test/resources
2026-08-04 11:36:30,847 [Worker-8: Updating Maven Project] INFO  o.e.m.c.i.p.ProjectConfigurationManager - Update completed: 6 sec
2026-08-04 11:36:37,014 [Worker-0: Building] INFO  o.a.m.s.f.DefaultMavenResourcesFiltering - Copying 4 resources from src\main\resources to target\classes
2026-08-04 11:36:37,083 [Worker-0: Building] INFO  o.a.m.s.f.DefaultMavenResourcesFiltering - Copying 4 resources from src\main\resources to target\classes
2026-08-04 11:36:37,103 [Worker-0: Building] INFO  o.a.m.s.f.DefaultMavenResourcesFiltering - Copying 1 resource from src\test\resources to target\test-classes
2026-08-04 11:36:37,127 [Worker-0: Building] WARN  Sisu - Error injecting: org.apache.maven.plugins.jar.JarMojo
com.google.inject.ProvisionException: Unable to provision, see the following errors:

1) Error in custom provider, com.google.inject.OutOfScopeException: Cannot access Key[type=org.apache.maven.project.MavenProject, annotation=[none]] outside of a scoping block
  at org.apache.maven.execution.scope.internal.MojoExecutionScopeModule.configure(MojoExecutionScopeModule.java:55) (via modules: org.eclipse.sisu.wire.WireModule -> org.apache.maven.execution.scope.internal.MojoExecutionScopeModule)
  while locating org.apache.maven.project.MavenProject
    for the 1st parameter of org.apache.maven.plugins.jar.JarMojo.<init>(Unknown Source)
  while locating org.apache.maven.plugins.jar.JarMojo

1 error
	at com.google.inject.internal.InternalProvisionException.toProvisionException(InternalProvisionException.java:226)
	at com.google.inject.internal.InjectorImpl$1.get(InjectorImpl.java:1053)
	at com.google.inject.internal.InjectorImpl.getInstance(InjectorImpl.java:1086)
	at org.eclipse.sisu.space.AbstractDeferredClass.get(AbstractDeferredClass.java:48)
	at com.google.inject.internal.ProviderInternalFactory.provision(ProviderInternalFactory.java:85)
	at com.google.inject.internal.InternalFactoryToInitializableAdapter.provision(InternalFactoryToInitializableAdapter.java:57)
	at com.google.inject.internal.ProviderInternalFactory$1.call(ProviderInternalFactory.java:66)
	at com.google.inject.internal.ProvisionListenerStackCallback$Provision.provision(ProvisionListenerStackCallback.java:112)
	at com.google.inject.internal.ProvisionListenerStackCallback$Provision.provision(ProvisionListenerStackCallback.java:127)
	at com.google.inject.internal.ProvisionListenerStackCallback.provision(ProvisionListenerStackCallback.java:66)
	at com.google.inject.internal.ProviderInternalFactory.circularGet(ProviderInternalFactory.java:61)
	at com.google.inject.internal.InternalFactoryToInitializableAdapter.get(InternalFactoryToInitializableAdapter.java:47)
	at com.google.inject.internal.InjectorImpl$1.get(InjectorImpl.java:1050)
	at org.eclipse.sisu.inject.Guice4$1.get(Guice4.java:162)
	at org.eclipse.sisu.inject.LazyBeanEntry.getValue(LazyBeanEntry.java:81)
	at org.eclipse.sisu.plexus.LazyPlexusBean.getValue(LazyPlexusBean.java:51)
	at org.codehaus.plexus.DefaultPlexusContainer.lookup(DefaultPlexusContainer.java:263)
	at org.codehaus.plexus.DefaultPlexusContainer.lookup(DefaultPlexusContainer.java:255)
	at org.apache.maven.plugin.internal.DefaultMavenPluginManager.getConfiguredMojo(DefaultMavenPluginManager.java:520)
	at org.eclipse.m2e.core.internal.embedder.MavenImpl.getConfiguredMojo(MavenImpl.java:359)
	at org.sonatype.m2e.mavenarchiver.internal.AbstractMavenArchiverConfigurator.reflectManifestGeneration(AbstractMavenArchiverConfigurator.java:469)
	at org.sonatype.m2e.mavenarchiver.internal.AbstractMavenArchiverConfigurator.generateManifest(AbstractMavenArchiverConfigurator.java:422)
	at org.sonatype.m2e.mavenarchiver.internal.AbstractMavenArchiverConfigurator.mavenProjectChanged(AbstractMavenArchiverConfigurator.java:227)
	at org.sonatype.m2e.mavenarchiver.internal.AbstractMavenArchiverConfigurator$1.build(AbstractMavenArchiverConfigurator.java:167)
	at org.eclipse.m2e.core.internal.builder.MavenBuilderImpl.build(MavenBuilderImpl.java:135)
	at org.eclipse.m2e.core.internal.builder.MavenBuilder$1.method(MavenBuilder.java:169)
	at org.eclipse.m2e.core.internal.builder.MavenBuilder$1.method(MavenBuilder.java:1)
	at org.eclipse.m2e.core.internal.builder.MavenBuilder$BuildMethod.lambda$1(MavenBuilder.java:114)
	at org.eclipse.m2e.core.internal.embedder.MavenExecutionContext.executeBare(MavenExecutionContext.java:182)
	at org.eclipse.m2e.core.internal.embedder.MavenExecutionContext.execute(MavenExecutionContext.java:117)
	at org.eclipse.m2e.core.internal.builder.MavenBuilder$BuildMethod.lambda$0(MavenBuilder.java:105)
	at org.eclipse.m2e.core.internal.embedder.MavenExecutionContext.executeBare(MavenExecutionContext.java:182)
	at org.eclipse.m2e.core.internal.embedder.MavenExecutionContext.execute(MavenExecutionContext.java:156)
	at org.eclipse.m2e.core.internal.embedder.MavenExecutionContext.execute(MavenExecutionContext.java:103)
	at org.eclipse.m2e.core.internal.builder.MavenBuilder$BuildMethod.execute(MavenBuilder.java:88)
	at org.eclipse.m2e.core.internal.builder.MavenBuilder.build(MavenBuilder.java:198)
	at org.eclipse.core.internal.events.BuildManager$2.run(BuildManager.java:1024)
	at org.eclipse.core.runtime.SafeRunner.run(SafeRunner.java:45)
	at org.eclipse.core.internal.events.BuildManager.basicBuild(BuildManager.java:254)
	at org.eclipse.core.internal.events.BuildManager.basicBuild(BuildManager.java:311)
	at org.eclipse.core.internal.events.BuildManager$1.run(BuildManager.java:400)
	at org.eclipse.core.runtime.SafeRunner.run(SafeRunner.java:45)
	at org.eclipse.core.internal.events.BuildManager.basicBuild(BuildManager.java:403)
	at org.eclipse.core.internal.events.BuildManager.basicBuildLoop(BuildManager.java:514)
	at org.eclipse.core.internal.events.BuildManager.basicBuildLoop(BuildManager.java:462)
	at org.eclipse.core.internal.events.BuildManager.build(BuildManager.java:544)
	at org.eclipse.core.internal.events.AutoBuildJob.doBuild(AutoBuildJob.java:161)
	at org.eclipse.core.internal.events.AutoBuildJob.run(AutoBuildJob.java:255)
	at org.eclipse.core.internal.jobs.Worker.run(Worker.java:63)
Caused by: com.google.inject.OutOfScopeException: Cannot access Key[type=org.apache.maven.project.MavenProject, annotation=[none]] outside of a scoping block
	at org.apache.maven.execution.scope.internal.MojoExecutionScope$2.get(MojoExecutionScope.java:122)
	at com.google.inject.internal.InternalFactoryToProviderAdapter.get(InternalFactoryToProviderAdapter.java:39)
	at com.google.inject.internal.SingleParameterInjector.inject(SingleParameterInjector.java:42)
	at com.google.inject.internal.SingleParameterInjector.getAll(SingleParameterInjector.java:65)
	at com.google.inject.internal.ConstructorInjector.provision(ConstructorInjector.java:113)
	at com.google.inject.internal.ConstructorInjector.access$000(ConstructorInjector.java:32)
	at com.google.inject.internal.ConstructorInjector$1.call(ConstructorInjector.java:98)
	at com.google.inject.internal.ProvisionListenerStackCallback$Provision.provision(ProvisionListenerStackCallback.java:112)
	at com.google.inject.internal.ProvisionListenerStackCallback$Provision.provision(ProvisionListenerStackCallback.java:127)
	at com.google.inject.internal.ProvisionListenerStackCallback.provision(ProvisionListenerStackCallback.java:66)
	at com.google.inject.internal.ConstructorInjector.construct(ConstructorInjector.java:93)
	at com.google.inject.internal.ConstructorBindingImpl$Factory.get(ConstructorBindingImpl.java:306)
	at com.google.inject.internal.InjectorImpl$1.get(InjectorImpl.java:1050)
	... 47 common frames omitted
2026-08-04 11:38:18,518 [Worker-9: Building] INFO  o.a.m.s.f.DefaultMavenResourcesFiltering - Copying 0 resource from src\main\resources to target\classes
2026-08-04 11:38:18,527 [Worker-9: Building] INFO  o.a.m.s.f.DefaultMavenResourcesFiltering - Copying 0 resource from src\main\resources to target\classes
2026-08-04 11:38:18,536 [Worker-9: Building] INFO  o.a.m.s.f.DefaultMavenResourcesFiltering - Copying 0 resource from src\test\resources to target\test-classes
2026-08-04 11:38:18,553 [Worker-9: Building] WARN  Sisu - Error injecting: org.apache.maven.plugins.jar.JarMojo
com.google.inject.ProvisionException: Unable to provision, see the following errors:

1) Error in custom provider, com.google.inject.OutOfScopeException: Cannot access Key[type=org.apache.maven.project.MavenProject, annotation=[none]] outside of a scoping block
  at org.apache.maven.execution.scope.internal.MojoExecutionScopeModule.configure(MojoExecutionScopeModule.java:55) (via modules: org.eclipse.sisu.wire.WireModule -> org.apache.maven.execution.scope.internal.MojoExecutionScopeModule)
  while locating org.apache.maven.project.MavenProject
    for the 1st parameter of org.apache.maven.plugins.jar.JarMojo.<init>(Unknown Source)
  while locating org.apache.maven.plugins.jar.JarMojo

1 error
	at com.google.inject.internal.InternalProvisionException.toProvisionException(InternalProvisionException.java:226)
	at com.google.inject.internal.InjectorImpl$1.get(InjectorImpl.java:1053)
	at com.google.inject.internal.InjectorImpl.getInstance(InjectorImpl.java:1086)
	at org.eclipse.sisu.space.AbstractDeferredClass.get(AbstractDeferredClass.java:48)
	at com.google.inject.internal.ProviderInternalFactory.provision(ProviderInternalFactory.java:85)
	at com.google.inject.internal.InternalFactoryToInitializableAdapter.provision(InternalFactoryToInitializableAdapter.java:57)
	at com.google.inject.internal.ProviderInternalFactory$1.call(ProviderInternalFactory.java:66)
	at com.google.inject.internal.ProvisionListenerStackCallback$Provision.provision(ProvisionListenerStackCallback.java:112)
	at com.google.inject.internal.ProvisionListenerStackCallback$Provision.provision(ProvisionListenerStackCallback.java:127)
	at com.google.inject.internal.ProvisionListenerStackCallback.provision(ProvisionListenerStackCallback.java:66)
	at com.google.inject.internal.ProviderInternalFactory.circularGet(ProviderInternalFactory.java:61)
	at com.google.inject.internal.InternalFactoryToInitializableAdapter.get(InternalFactoryToInitializableAdapter.java:47)
	at com.google.inject.internal.InjectorImpl$1.get(InjectorImpl.java:1050)
	at org.eclipse.sisu.inject.Guice4$1.get(Guice4.java:162)
	at org.eclipse.sisu.inject.LazyBeanEntry.getValue(LazyBeanEntry.java:81)
	at org.eclipse.sisu.plexus.LazyPlexusBean.getValue(LazyPlexusBean.java:51)
	at org.codehaus.plexus.DefaultPlexusContainer.lookup(DefaultPlexusContainer.java:263)
	at org.codehaus.plexus.DefaultPlexusContainer.lookup(DefaultPlexusContainer.java:255)
	at org.apache.maven.plugin.internal.DefaultMavenPluginManager.getConfiguredMojo(DefaultMavenPluginManager.java:520)
	at org.eclipse.m2e.core.internal.embedder.MavenImpl.getConfiguredMojo(MavenImpl.java:359)
	at org.sonatype.m2e.mavenarchiver.internal.AbstractMavenArchiverConfigurator.reflectManifestGeneration(AbstractMavenArchiverConfigurator.java:469)
	at org.sonatype.m2e.mavenarchiver.internal.AbstractMavenArchiverConfigurator.generateManifest(AbstractMavenArchiverConfigurator.java:422)
	at org.sonatype.m2e.mavenarchiver.internal.AbstractMavenArchiverConfigurator.mavenProjectChanged(AbstractMavenArchiverConfigurator.java:227)
	at org.sonatype.m2e.mavenarchiver.internal.AbstractMavenArchiverConfigurator$1.build(AbstractMavenArchiverConfigurator.java:167)
	at org.eclipse.m2e.core.internal.builder.MavenBuilderImpl.build(MavenBuilderImpl.java:135)
	at org.eclipse.m2e.core.internal.builder.MavenBuilder$1.method(MavenBuilder.java:169)
	at org.eclipse.m2e.core.internal.builder.MavenBuilder$1.method(MavenBuilder.java:1)
	at org.eclipse.m2e.core.internal.builder.MavenBuilder$BuildMethod.lambda$1(MavenBuilder.java:114)
	at org.eclipse.m2e.core.internal.embedder.MavenExecutionContext.executeBare(MavenExecutionContext.java:182)
	at org.eclipse.m2e.core.internal.embedder.MavenExecutionContext.execute(MavenExecutionContext.java:117)
	at org.eclipse.m2e.core.internal.builder.MavenBuilder$BuildMethod.lambda$0(MavenBuilder.java:105)
	at org.eclipse.m2e.core.internal.embedder.MavenExecutionContext.executeBare(MavenExecutionContext.java:182)
	at org.eclipse.m2e.core.internal.embedder.MavenExecutionContext.execute(MavenExecutionContext.java:156)
	at org.eclipse.m2e.core.internal.embedder.MavenExecutionContext.execute(MavenExecutionContext.java:103)
	at org.eclipse.m2e.core.internal.builder.MavenBuilder$BuildMethod.execute(MavenBuilder.java:88)
	at org.eclipse.m2e.core.internal.builder.MavenBuilder.build(MavenBuilder.java:198)
	at org.eclipse.core.internal.events.BuildManager$2.run(BuildManager.java:1024)
	at org.eclipse.core.runtime.SafeRunner.run(SafeRunner.java:45)
	at org.eclipse.core.internal.events.BuildManager.basicBuild(BuildManager.java:254)
	at org.eclipse.core.internal.events.BuildManager.basicBuild(BuildManager.java:311)
	at org.eclipse.core.internal.events.BuildManager$1.run(BuildManager.java:400)
	at org.eclipse.core.runtime.SafeRunner.run(SafeRunner.java:45)
	at org.eclipse.core.internal.events.BuildManager.basicBuild(BuildManager.java:403)
	at org.eclipse.core.internal.events.BuildManager.basicBuildLoop(BuildManager.java:514)
	at org.eclipse.core.internal.events.BuildManager.basicBuildLoop(BuildManager.java:462)
	at org.eclipse.core.internal.events.BuildManager.build(BuildManager.java:544)
	at org.eclipse.core.internal.events.AutoBuildJob.doBuild(AutoBuildJob.java:161)
	at org.eclipse.core.internal.events.AutoBuildJob.run(AutoBuildJob.java:255)
	at org.eclipse.core.internal.jobs.Worker.run(Worker.java:63)
Caused by: com.google.inject.OutOfScopeException: Cannot access Key[type=org.apache.maven.project.MavenProject, annotation=[none]] outside of a scoping block
	at org.apache.maven.execution.scope.internal.MojoExecutionScope$2.get(MojoExecutionScope.java:122)
	at com.google.inject.internal.InternalFactoryToProviderAdapter.get(InternalFactoryToProviderAdapter.java:39)
	at com.google.inject.internal.SingleParameterInjector.inject(SingleParameterInjector.java:42)
	at com.google.inject.internal.SingleParameterInjector.getAll(SingleParameterInjector.java:65)
	at com.google.inject.internal.ConstructorInjector.provision(ConstructorInjector.java:113)
	at com.google.inject.internal.ConstructorInjector.access$000(ConstructorInjector.java:32)
	at com.google.inject.internal.ConstructorInjector$1.call(ConstructorInjector.java:98)
	at com.google.inject.internal.ProvisionListenerStackCallback$Provision.provision(ProvisionListenerStackCallback.java:112)
	at com.google.inject.internal.ProvisionListenerStackCallback$Provision.provision(ProvisionListenerStackCallback.java:127)
	at com.google.inject.internal.ProvisionListenerStackCallback.provision(ProvisionListenerStackCallback.java:66)
	at com.google.inject.internal.ConstructorInjector.construct(ConstructorInjector.java:93)
	at com.google.inject.internal.ConstructorBindingImpl$Factory.get(ConstructorBindingImpl.java:306)
	at com.google.inject.internal.InjectorImpl$1.get(InjectorImpl.java:1050)
	... 47 common frames omitted
2026-08-04 11:38:23,338 [Worker-7: Building] INFO  o.a.m.s.f.DefaultMavenResourcesFiltering - Copying 0 resource from src\main\resources to target\classes
2026-08-04 11:38:23,344 [Worker-7: Building] INFO  o.a.m.s.f.DefaultMavenResourcesFiltering - Copying 0 resource from src\main\resources to target\classes
2026-08-04 11:38:23,357 [Worker-7: Building] INFO  o.a.m.s.f.DefaultMavenResourcesFiltering - Copying 0 resource from src\test\resources to target\test-classes
2026-08-04 11:38:23,374 [Worker-7: Building] WARN  Sisu - Error injecting: org.apache.maven.plugins.jar.JarMojo
com.google.inject.ProvisionException: Unable to provision, see the following errors:

1) Error in custom provider, com.google.inject.OutOfScopeException: Cannot access Key[type=org.apache.maven.project.MavenProject, annotation=[none]] outside of a scoping block
  at org.apache.maven.execution.scope.internal.MojoExecutionScopeModule.configure(MojoExecutionScopeModule.java:55) (via modules: org.eclipse.sisu.wire.WireModule -> org.apache.maven.execution.scope.internal.MojoExecutionScopeModule)
  while locating org.apache.maven.project.MavenProject
    for the 1st parameter of org.apache.maven.plugins.jar.JarMojo.<init>(Unknown Source)
  while locating org.apache.maven.plugins.jar.JarMojo

1 error
	at com.google.inject.internal.InternalProvisionException.toProvisionException(InternalProvisionException.java:226)
	at com.google.inject.internal.InjectorImpl$1.get(InjectorImpl.java:1053)
	at com.google.inject.internal.InjectorImpl.getInstance(InjectorImpl.java:1086)
	at org.eclipse.sisu.space.AbstractDeferredClass.get(AbstractDeferredClass.java:48)
	at com.google.inject.internal.ProviderInternalFactory.provision(ProviderInternalFactory.java:85)
	at com.google.inject.internal.InternalFactoryToInitializableAdapter.provision(InternalFactoryToInitializableAdapter.java:57)
	at com.google.inject.internal.ProviderInternalFactory$1.call(ProviderInternalFactory.java:66)
	at com.google.inject.internal.ProvisionListenerStackCallback$Provision.provision(ProvisionListenerStackCallback.java:112)
	at com.google.inject.internal.ProvisionListenerStackCallback$Provision.provision(ProvisionListenerStackCallback.java:127)
	at com.google.inject.internal.ProvisionListenerStackCallback.provision(ProvisionListenerStackCallback.java:66)
	at com.google.inject.internal.ProviderInternalFactory.circularGet(ProviderInternalFactory.java:61)
	at com.google.inject.internal.InternalFactoryToInitializableAdapter.get(InternalFactoryToInitializableAdapter.java:47)
	at com.google.inject.internal.InjectorImpl$1.get(InjectorImpl.java:1050)
	at org.eclipse.sisu.inject.Guice4$1.get(Guice4.java:162)
	at org.eclipse.sisu.inject.LazyBeanEntry.getValue(LazyBeanEntry.java:81)
	at org.eclipse.sisu.plexus.LazyPlexusBean.getValue(LazyPlexusBean.java:51)
	at org.codehaus.plexus.DefaultPlexusContainer.lookup(DefaultPlexusContainer.java:263)
	at org.codehaus.plexus.DefaultPlexusContainer.lookup(DefaultPlexusContainer.java:255)
	at org.apache.maven.plugin.internal.DefaultMavenPluginManager.getConfiguredMojo(DefaultMavenPluginManager.java:520)
	at org.eclipse.m2e.core.internal.embedder.MavenImpl.getConfiguredMojo(MavenImpl.java:359)
	at org.sonatype.m2e.mavenarchiver.internal.AbstractMavenArchiverConfigurator.reflectManifestGeneration(AbstractMavenArchiverConfigurator.java:469)
	at org.sonatype.m2e.mavenarchiver.internal.AbstractMavenArchiverConfigurator.generateManifest(AbstractMavenArchiverConfigurator.java:422)
	at org.sonatype.m2e.mavenarchiver.internal.AbstractMavenArchiverConfigurator.mavenProjectChanged(AbstractMavenArchiverConfigurator.java:227)
	at org.sonatype.m2e.mavenarchiver.internal.AbstractMavenArchiverConfigurator$1.build(AbstractMavenArchiverConfigurator.java:167)
	at org.eclipse.m2e.core.internal.builder.MavenBuilderImpl.build(MavenBuilderImpl.java:135)
	at org.eclipse.m2e.core.internal.builder.MavenBuilder$1.method(MavenBuilder.java:169)
	at org.eclipse.m2e.core.internal.builder.MavenBuilder$1.method(MavenBuilder.java:1)
	at org.eclipse.m2e.core.internal.builder.MavenBuilder$BuildMethod.lambda$1(MavenBuilder.java:114)
	at org.eclipse.m2e.core.internal.embedder.MavenExecutionContext.executeBare(MavenExecutionContext.java:182)
	at org.eclipse.m2e.core.internal.embedder.MavenExecutionContext.execute(MavenExecutionContext.java:117)
	at org.eclipse.m2e.core.internal.builder.MavenBuilder$BuildMethod.lambda$0(MavenBuilder.java:105)
	at org.eclipse.m2e.core.internal.embedder.MavenExecutionContext.executeBare(MavenExecutionContext.java:182)
	at org.eclipse.m2e.core.internal.embedder.MavenExecutionContext.execute(MavenExecutionContext.java:156)
	at org.eclipse.m2e.core.internal.embedder.MavenExecutionContext.execute(MavenExecutionContext.java:103)
	at org.eclipse.m2e.core.internal.builder.MavenBuilder$BuildMethod.execute(MavenBuilder.java:88)
	at org.eclipse.m2e.core.internal.builder.MavenBuilder.build(MavenBuilder.java:198)
	at org.eclipse.core.internal.events.BuildManager$2.run(BuildManager.java:1024)
	at org.eclipse.core.runtime.SafeRunner.run(SafeRunner.java:45)
	at org.eclipse.core.internal.events.BuildManager.basicBuild(BuildManager.java:254)
	at org.eclipse.core.internal.events.BuildManager.basicBuild(BuildManager.java:311)
	at org.eclipse.core.internal.events.BuildManager$1.run(BuildManager.java:400)
	at org.eclipse.core.runtime.SafeRunner.run(SafeRunner.java:45)
	at org.eclipse.core.internal.events.BuildManager.basicBuild(BuildManager.java:403)
	at org.eclipse.core.internal.events.BuildManager.basicBuildLoop(BuildManager.java:514)
	at org.eclipse.core.internal.events.BuildManager.basicBuildLoop(BuildManager.java:462)
	at org.eclipse.core.internal.events.BuildManager.build(BuildManager.java:544)
	at org.eclipse.core.internal.events.AutoBuildJob.doBuild(AutoBuildJob.java:161)
	at org.eclipse.core.internal.events.AutoBuildJob.run(AutoBuildJob.java:255)
	at org.eclipse.core.internal.jobs.Worker.run(Worker.java:63)
Caused by: com.google.inject.OutOfScopeException: Cannot access Key[type=org.apache.maven.project.MavenProject, annotation=[none]] outside of a scoping block
	at org.apache.maven.execution.scope.internal.MojoExecutionScope$2.get(MojoExecutionScope.java:122)
	at com.google.inject.internal.InternalFactoryToProviderAdapter.get(InternalFactoryToProviderAdapter.java:39)
	at com.google.inject.internal.SingleParameterInjector.inject(SingleParameterInjector.java:42)
	at com.google.inject.internal.SingleParameterInjector.getAll(SingleParameterInjector.java:65)
	at com.google.inject.internal.ConstructorInjector.provision(ConstructorInjector.java:113)
	at com.google.inject.internal.ConstructorInjector.access$000(ConstructorInjector.java:32)
	at com.google.inject.internal.ConstructorInjector$1.call(ConstructorInjector.java:98)
	at com.google.inject.internal.ProvisionListenerStackCallback$Provision.provision(ProvisionListenerStackCallback.java:112)
	at com.google.inject.internal.ProvisionListenerStackCallback$Provision.provision(ProvisionListenerStackCallback.java:127)
	at com.google.inject.internal.ProvisionListenerStackCallback.provision(ProvisionListenerStackCallback.java:66)
	at com.google.inject.internal.ConstructorInjector.construct(ConstructorInjector.java:93)
	at com.google.inject.internal.ConstructorBindingImpl$Factory.get(ConstructorBindingImpl.java:306)
	at com.google.inject.internal.InjectorImpl$1.get(InjectorImpl.java:1050)
	... 47 common frames omitted
